gene,importance,rank,method
Gfap,0.034093423460562,1,scBERT
Gm2564,0.03391217676032007,2,scBERT
Actb,0.03339465179283004,3,scBERT
Lcn2,0.03250817747946987,4,scBERT
Ccl19,0.031152589413978714,5,scBERT
Adm,0.031017546262145885,6,scBERT
Serpina3n,0.03045039295640526,7,scBERT
Plat,0.029874058447975273,8,scBERT
Fbln5,0.029797337137775555,9,scBERT
Slc39a1,0.029635483002082113,10,scBERT
Ednrb,0.02937331337521948,11,scBERT
Ackr1,0.029289798735277928,12,scBERT
Lrg1,0.028990214737916336,13,scBERT
Fth1,0.02889352799163333,14,scBERT
Iigp1,0.028892674253689923,15,scBERT
Igfbp3,0.02876737697935162,16,scBERT
8430408G22Rik,0.028674550972794418,17,scBERT
Angpt2,0.028533204643154543,18,scBERT
Cxcl12,0.028420229543035042,19,scBERT
Ifitm1,0.028350563279115403,20,scBERT
Mnda,0.028251630362704998,21,scBERT
Spp1,0.02816805914895191,22,scBERT
Ifi205,0.028105543659690146,23,scBERT
Cdkn1a,0.027900864632634012,24,scBERT
Mgp,0.0278659311847454,25,scBERT
Ear2,0.027830608689986033,26,scBERT
H2-Eb1,0.02780462703825229,27,scBERT
Car4,0.027679782280132462,28,scBERT
AA467197,0.027606493894324336,29,scBERT
H2-Aa,0.027306099763932,30,scBERT
Fos,0.027210878997712216,31,scBERT
Stc1,0.027189782795767174,32,scBERT
Fosb,0.02715272506967622,33,scBERT
Gbp4,0.027065483285149048,34,scBERT
Rdh10,0.026714052469068796,35,scBERT
Agt,0.02653995257691175,36,scBERT
Anxa1,0.02653721523523778,37,scBERT
Eln,0.02646439125324247,38,scBERT
Pyhin1,0.026269539957788572,39,scBERT
Meg3,0.02624703778122419,40,scBERT
Il33,0.02614146809582627,41,scBERT
Cd24a,0.02606483105474478,42,scBERT
Tgtp2,0.026062581961185088,43,scBERT
Igtp,0.026054599346727398,44,scBERT
H2-Ab1,0.02604426118036394,45,scBERT
Cdh13,0.025916975474920008,46,scBERT
Slc6a13,0.02591481653085143,47,scBERT
Igfbp6,0.025910315799149666,48,scBERT
Tgtp1,0.02579375836896293,49,scBERT
Edn3,0.025731184171668794,50,scBERT
Ngp,0.025627284853969267,51,scBERT
Hmgcs2,0.025600857518080437,52,scBERT
Aldh1a1,0.02558385497664213,53,scBERT
Gm4955,0.025538364534226882,54,scBERT
Ly6i,0.02552551954566009,55,scBERT
Timp1,0.025499309745297866,56,scBERT
Sepp1,0.025392941668977653,57,scBERT
Cd72,0.025349907402930024,58,scBERT
Gbp2,0.02530326302387269,59,scBERT
Ifit3,0.025158176299819087,60,scBERT
Cd74,0.025135567354673094,61,scBERT
Napsa,0.02512023492299268,62,scBERT
Ccr2,0.025084839683369282,63,scBERT
Adam8,0.025081356716059655,64,scBERT
Fabp7,0.025061559616776537,65,scBERT
Ch25h,0.0250576238886383,66,scBERT
Slc7a11,0.025051621502948176,67,scBERT
Slc26a10,0.024861944746962877,68,scBERT
Ifi47,0.02485727407187733,69,scBERT
Serpinb1a,0.024827926592112946,70,scBERT
Pi16,0.024826747768199122,71,scBERT
Junb,0.024787009830045503,72,scBERT
Cfh,0.02477107274926607,73,scBERT
Hspa1a,0.0247638136876576,74,scBERT
Lpl,0.024763343856025223,75,scBERT
Ifitm6,0.02475161321356649,76,scBERT
Ass1,0.02474176847384733,77,scBERT
Stmn2,0.02472469524679189,78,scBERT
Col3a1,0.024668051291381436,79,scBERT
Gpd1,0.02464280332963374,80,scBERT
Sirpb1c,0.02449086350879766,81,scBERT
Gkn3,0.024469993241249266,82,scBERT
Clec4b1,0.024440308303747126,83,scBERT
Slc38a5,0.02443427455681276,84,scBERT
Apod,0.024400509495621725,85,scBERT
Plac8,0.02439861767834144,86,scBERT
Angptl4,0.024388096607957262,87,scBERT
Nnat,0.024380800778583515,88,scBERT
Kcnj8,0.02435347520481122,89,scBERT
Tubb6,0.02429078204537514,90,scBERT
Emp1,0.02428432753706485,91,scBERT
Dbp,0.024191006653084327,92,scBERT
Tmsb10,0.02417966822100562,93,scBERT
Cybb,0.024156292150838247,94,scBERT
Mgl2,0.02411570413032541,95,scBERT
6330403K07Rik,0.02410646406791929,96,scBERT
Fstl1,0.024102283925288005,97,scBERT
Il1rn,0.024047634872326803,98,scBERT
Dcn,0.023984582177631313,99,scBERT
Traf1,0.02387270904409225,100,scBERT
Fhl1,0.02386617577754184,101,scBERT
Fgfbp1,0.02376076082563806,102,scBERT
Cxcl10,0.02373094088376226,103,scBERT
Ccl12,0.023708849853665243,104,scBERT
Egfl8,0.023666908568226886,105,scBERT
Klrd1,0.02365470522235012,106,scBERT
Dok2,0.023622861077868523,107,scBERT
Mt2,0.023541782381242455,108,scBERT
Plk2,0.023500238125765398,109,scBERT
F10,0.023458558343051373,110,scBERT
Vwf,0.023455525281703596,111,scBERT
Col8a1,0.023439616471062002,112,scBERT
Clec10a,0.02342623565931656,113,scBERT
Slc6a20a,0.023410503938152652,114,scBERT
Clec12a,0.02338287870787737,115,scBERT
Apold1,0.023300267055078816,116,scBERT
Ramp3,0.02327785964164796,117,scBERT
Wfdc21,0.023245505081109948,118,scBERT
Notch2,0.023196354326523276,119,scBERT
Acer2,0.02318495780500528,120,scBERT
Bcl2a1d,0.02315056551815158,121,scBERT
Hcar2,0.023141943917623007,122,scBERT
Pydc4,0.023120183166946126,123,scBERT
Eno3,0.023100152067811037,124,scBERT
Cp,0.023091095880171154,125,scBERT
Ptn,0.02309013434959853,126,scBERT
Itgb7,0.023070780492070436,127,scBERT
Lilr4b,0.023066009733925554,128,scBERT
Abhd2,0.022994860785177595,129,scBERT
Sdc4,0.02295864371551384,130,scBERT
Retnlg,0.02295076450496101,131,scBERT
Pla1a,0.02290542831764695,132,scBERT
Ccl5,0.022858251677681293,133,scBERT
Cygb,0.022822787406030928,134,scBERT
Lgals3,0.02280916646306889,135,scBERT
Nupr1,0.022800445949031734,136,scBERT
Cd9,0.022789243322865655,137,scBERT
Tnf,0.02278870454734218,138,scBERT
Mgst1,0.02277864645683756,139,scBERT
Chil3,0.022778442452624056,140,scBERT
Bmx,0.022741434271979607,141,scBERT
Gpr182,0.02272052692099115,142,scBERT
Cytip,0.022666922229225436,143,scBERT
Adamts4,0.02266467021565706,144,scBERT
Mndal,0.022601371137002602,145,scBERT
Ms4a4c,0.022562495213233214,146,scBERT
Marcksl1,0.02254998045670655,147,scBERT
Ly6c2,0.022533564276193935,148,scBERT
Glul,0.022533229741022297,149,scBERT
Klf4,0.022520993177086782,150,scBERT
Gngt2,0.022504646833713313,151,scBERT
Lyve1,0.02249186145889186,152,scBERT
S100a6,0.022431275112347878,153,scBERT
Klrk1,0.02242439568854645,154,scBERT
H2-DMb2,0.022420733389457943,155,scBERT
Ltb,0.022411168500180156,156,scBERT
Myo1g,0.022339327789581243,157,scBERT
Itih3,0.02233599303187347,158,scBERT
Ctla2a,0.02230104440419235,159,scBERT
Cd209a,0.022292302096338798,160,scBERT
Fabp4,0.0222647722033176,161,scBERT
Ifit3b,0.0222310597277355,162,scBERT
Mal,0.02220807663751554,163,scBERT
Phlda1,0.02220200059736328,164,scBERT
Sell,0.02219336958175909,165,scBERT
Slc6a6,0.022192455747897518,166,scBERT
S100a10,0.022186723246599496,167,scBERT
Bmp7,0.022184617503378638,168,scBERT
Gadd45b,0.02217137322727277,169,scBERT
Ifi204,0.022116263937446194,170,scBERT
Tm4sf1,0.022061201839383374,171,scBERT
Cnn1,0.022035616426246102,172,scBERT
Tmem176a,0.02198362390413121,173,scBERT
Cd79b,0.02197101144551806,174,scBERT
Ccl9,0.021956809170133058,175,scBERT
Ttyh2,0.021942925891241256,176,scBERT
Fcgr4,0.021918324816868794,177,scBERT
Pdcd4,0.021899880609158845,178,scBERT
Phf11b,0.021830406698731313,179,scBERT
Slc4a10,0.021783387864844447,180,scBERT
Fxyd5,0.02175556852645463,181,scBERT
Ifi203,0.021725326569749837,182,scBERT
Plaur,0.021701226350969948,183,scBERT
Igfbp4,0.021697623954872822,184,scBERT
Mt1,0.021689391848750045,185,scBERT
Il1r2,0.021687105492781196,186,scBERT
Cd177,0.021667725155782535,187,scBERT
Tmem176b,0.0216272257805146,188,scBERT
Vcam1,0.021625888468174686,189,scBERT
Cyr61,0.021597583234695412,190,scBERT
Il1b,0.02156988076120927,191,scBERT
Mmp8,0.021560059622592026,192,scBERT
Ier3,0.02151517137019215,193,scBERT
Rsad2,0.021485173687930008,194,scBERT
Nov,0.021467940308282356,195,scBERT
AW112010,0.021463092935319568,196,scBERT
Atp13a5,0.021455541239935642,197,scBERT
Dusp2,0.021436724313654315,198,scBERT
Igfbp2,0.021413796582929166,199,scBERT
Apoe,0.021393436533307837,200,scBERT
Colec12,0.021383258918048636,201,scBERT
Kdm6b,0.021361641729037505,202,scBERT
Cxcl16,0.0213411077158513,203,scBERT
Cfp,0.021306647386432773,204,scBERT
Ercc1,0.021302856676855893,205,scBERT
Cdc42ep3,0.021293110725787472,206,scBERT
Hist1h2ap,0.02127557489488881,207,scBERT
Igfbp5,0.02125880707421086,208,scBERT
Pid1,0.021185714369413175,209,scBERT
S100a4,0.021180660715411182,210,scBERT
Tmem252,0.021163234543854173,211,scBERT
Mmp9,0.02112772166862687,212,scBERT
Clec4n,0.021116570895513918,213,scBERT
Nfkbia,0.021042536706527046,214,scBERT
Phf11a,0.020994424627945592,215,scBERT
Gpr84,0.020993516254083477,216,scBERT
Rgcc,0.020954685548113146,217,scBERT
Camp,0.020953792325602422,218,scBERT
Lum,0.020935383747594564,219,scBERT
Fbln2,0.020934432697066276,220,scBERT
Msr1,0.02092867577246617,221,scBERT
Ifit1,0.020920533162341874,222,scBERT
Hrct1,0.020917420566311462,223,scBERT
Thbs1,0.02090035158049068,224,scBERT
Nfia,0.020899542831922833,225,scBERT
Scgb3a1,0.02086092998041995,226,scBERT
Isg15,0.02085778405032633,227,scBERT
2810417H13Rik,0.020823971022706403,228,scBERT
Gm26802,0.020822712666208294,229,scBERT
Sirpb1b,0.020778189552253565,230,scBERT
Sod3,0.020762940875300985,231,scBERT
Cmbl,0.02076102173231468,232,scBERT
G0s2,0.020735615759420786,233,scBERT
Capg,0.02070970118310668,234,scBERT
Ctgf,0.020699070426859964,235,scBERT
Clec4e,0.020698950018996548,236,scBERT
Olfr558,0.020646154505898906,237,scBERT
Plvap,0.02064279500029442,238,scBERT
Il34,0.0206132515976247,239,scBERT
Btg2,0.02055008328996613,240,scBERT
Gm9733,0.020534145344897944,241,scBERT
Crispld2,0.02046880508581333,242,scBERT
Hapln2,0.02036311981122418,243,scBERT
Tuba1a,0.020339802056382514,244,scBERT
Hbegf,0.020337692289357934,245,scBERT
Ccrl2,0.020265977695960766,246,scBERT
Bcl2a1a,0.020235623328098168,247,scBERT
Cd83,0.020234426794019232,248,scBERT
Lpar1,0.020223459879004868,249,scBERT
Adamts9,0.020216192233390634,250,scBERT
Ptprcap,0.020205728381404036,251,scBERT
Emb,0.020199098618457485,252,scBERT
H2-Q7,0.020198823754246052,253,scBERT
Ly6g,0.020178636852340254,254,scBERT
Trem3,0.020163684598465622,255,scBERT
Ccl4,0.019963031718782682,256,scBERT
Anln,0.01996300087287953,257,scBERT
Ptgs2,0.019961528182641523,258,scBERT
Tubb3,0.019939028236133503,259,scBERT
Gas6,0.019938573002643786,260,scBERT
Nr4a1,0.019895153270266704,261,scBERT
Fbxl22,0.019895138700146597,262,scBERT
Wfdc17,0.01987339806425009,263,scBERT
5430416O09Rik,0.019866154044786886,264,scBERT
Gbp3,0.019865850673411827,265,scBERT
Gria2,0.01985617868471188,266,scBERT
Cxcl2,0.019802490769713167,267,scBERT
Serping1,0.019794824379832668,268,scBERT
Ccl7,0.019787594092419706,269,scBERT
Psmb8,0.01975430670620447,270,scBERT
Plpp1,0.01973348850566769,271,scBERT
Dpep2,0.019731081078208045,272,scBERT
Rnf128,0.019726905441265843,273,scBERT
Phf11d,0.019650860286095324,274,scBERT
Ecm1,0.019643781496099844,275,scBERT
Vtn,0.01964228394332359,276,scBERT
Gatm,0.019634441040351468,277,scBERT
Ms4a4b,0.019627962444341566,278,scBERT
Gm694,0.01961228979124768,279,scBERT
S100b,0.01960421993539617,280,scBERT
Id2,0.019601766888332768,281,scBERT
Lmcd1,0.01959577735151565,282,scBERT
Mdk,0.01958166261212321,283,scBERT
Ifitm3,0.019542781885554545,284,scBERT
Cd300lg,0.01954251366195068,285,scBERT
Slc22a8,0.019539875320053312,286,scBERT
Timp3,0.019501987285249798,287,scBERT
Anxa2,0.01945916872980103,288,scBERT
Mfap2,0.01944147493203791,289,scBERT
Ccnd2,0.01943967525118537,290,scBERT
Tnfrsf12a,0.019418423127103897,291,scBERT
Pdpn,0.019417568536328932,292,scBERT
Lgals1,0.019394405754092285,293,scBERT
Cst7,0.019379834426436093,294,scBERT
Fabp5,0.01937874812790692,295,scBERT
Il1r1,0.019378341595519724,296,scBERT
Cd300ld,0.01936547615890432,297,scBERT
Cd244,0.019348016272243956,298,scBERT
Cks2,0.01934674241508618,299,scBERT
Mif,0.019314624685889226,300,scBERT
Emcn,0.019313394307377905,301,scBERT
Tlr2,0.01931230080178951,302,scBERT
P2ry14,0.019296750654931815,303,scBERT
Glipr2,0.019282171608191744,304,scBERT
Nkg7,0.019280591856715122,305,scBERT
Ccl6,0.019275648494930252,306,scBERT
Adgre4,0.01927226737347696,307,scBERT
B930036N10Rik,0.019271056073745647,308,scBERT
Edn1,0.0192637518570063,309,scBERT
Net1,0.019246827816552424,310,scBERT
Cyp4f18,0.019236253394658676,311,scBERT
Tnfaip2,0.019217078764591788,312,scBERT
Zbp1,0.019203211984809666,313,scBERT
Spry2,0.0191683815875325,314,scBERT
Matn2,0.019166627856997555,315,scBERT
Cd36,0.01913378683639455,316,scBERT
Plbd1,0.019127272945977738,317,scBERT
Bmp2k,0.01911983846549899,318,scBERT
Prdx1,0.01910243386998413,319,scBERT
Cped1,0.019092517972455893,320,scBERT
Ftl1,0.019092422407621434,321,scBERT
Adamts1,0.019080070216680775,322,scBERT
Tgm2,0.019079392992207594,323,scBERT
Ptgis,0.01907717661505896,324,scBERT
Rasd1,0.01907692165468454,325,scBERT
Gsn,0.019074303132069356,326,scBERT
Clec14a,0.01905797545334965,327,scBERT
Slc43a3,0.01903648219908608,328,scBERT
Ptprr,0.01902948119888215,329,scBERT
Gbp5,0.019008159366961243,330,scBERT
Ecscr,0.018991753807963335,331,scBERT
Meox1,0.018991162771008496,332,scBERT
Irg1,0.018986795339297542,333,scBERT
Gadd45g,0.018983182764443125,334,scBERT
Cks1b,0.018977163092895627,335,scBERT
Rtn1,0.018951212193140488,336,scBERT
Slco3a1,0.018949312709472862,337,scBERT
Mmp12,0.018948574146170658,338,scBERT
Qpct,0.018941697561372536,339,scBERT
Hdc,0.01892473725478154,340,scBERT
Rab7b,0.01891263054819224,341,scBERT
Gm9946,0.018907355492241148,342,scBERT
Gpr171,0.018904491158890202,343,scBERT
Dusp5,0.018901668179745465,344,scBERT
Atf3,0.018867682463142212,345,scBERT
Mall,0.01885844443283291,346,scBERT
Ms4a8a,0.018856463889424434,347,scBERT
Lrrc32,0.018824646775433808,348,scBERT
Tppp3,0.018821888310236654,349,scBERT
Dnajb1,0.01881975946039316,350,scBERT
Il6,0.018818966838183144,351,scBERT
Cited2,0.0188134984337443,352,scBERT
Cd63,0.018791362784726137,353,scBERT
Bhlhe41,0.018789421900551134,354,scBERT
Dbn1,0.018787082345291632,355,scBERT
Nrp1,0.018776457707147434,356,scBERT
Rnase6,0.018767055231099217,357,scBERT
Hs3st1,0.01876309025384906,358,scBERT
Fxyd6,0.018756913608311807,359,scBERT
Pglyrp1,0.018715751890507615,360,scBERT
Folr2,0.018704124949636542,361,scBERT
Prss23,0.018695032063606124,362,scBERT
Pmp22,0.018670390295221054,363,scBERT
Cd200,0.018659765107054,364,scBERT
Stmn1,0.01865499462743181,365,scBERT
Sirpb1a,0.018651037443676872,366,scBERT
Kcnn4,0.018650980653533118,367,scBERT
Gm5150,0.01863795425114187,368,scBERT
Serpini1,0.018630602230817316,369,scBERT
Itgal,0.01862493342898439,370,scBERT
Ankrd37,0.018604066489373107,371,scBERT
Clec4d,0.018582013176535,372,scBERT
Cd59a,0.01857443485376496,373,scBERT
Pdlim1,0.018552882487187367,374,scBERT
Itih5,0.01855235535232427,375,scBERT
Aebp1,0.018551375544789323,376,scBERT
Cav1,0.018542108427425364,377,scBERT
Fn1,0.01853721132247461,378,scBERT
Cdk1,0.018536841904678976,379,scBERT
Ltf,0.018515559071160828,380,scBERT
Spon1,0.018497401899774415,381,scBERT
Clec4a2,0.018490910300461724,382,scBERT
Hist2h2aa1,0.01848066139755056,383,scBERT
Lst1,0.018476469174805908,384,scBERT
A2m,0.01846454417188331,385,scBERT
Lyz2,0.018460117013825907,386,scBERT
Klra2,0.01845843573120354,387,scBERT
Col18a1,0.018454344599956374,388,scBERT
Ptafr,0.01844695675227455,389,scBERT
Wnt5a,0.0184158983352143,390,scBERT
Rgs1,0.01840953097407494,391,scBERT
Socs3,0.018406218677350643,392,scBERT
Smim5,0.01838544605531627,393,scBERT
Tgfbi,0.018380751118516857,394,scBERT
Alpl,0.01836840355064613,395,scBERT
Scimp,0.018351741085796673,396,scBERT
Paqr6,0.018350061091419963,397,scBERT
C4b,0.01833535116318919,398,scBERT
Cstb,0.01833003447309498,399,scBERT
Pilra,0.018328416578331393,400,scBERT
Sdc1,0.018317227346728894,401,scBERT
Acp5,0.018312435161715025,402,scBERT
Fgl2,0.01828881459849763,403,scBERT
Egr1,0.018264984879342628,404,scBERT
Lbp,0.018264107892928,405,scBERT
Rrm2,0.018244453311055408,406,scBERT
Ccl3,0.018243399837079594,407,scBERT
Sparcl1,0.01824179721690689,408,scBERT
Gpx3,0.018227513026309688,409,scBERT
H2-Q6,0.018220339160900278,410,scBERT
Nr4a2,0.01821441699989058,411,scBERT
Ogn,0.01819869831699759,412,scBERT
Plin2,0.01818636662727181,413,scBERT
Lmo4,0.0181857433815455,414,scBERT
Uchl1,0.018159672979475135,415,scBERT
Srxn1,0.01815850670432842,416,scBERT
Thrsp,0.018128630576062097,417,scBERT
Fkbp1a,0.01812348665835957,418,scBERT
Higd1b,0.018084531829560678,419,scBERT
Clec4a1,0.018068002880210522,420,scBERT
Esd,0.01805457595473464,421,scBERT
Igf1,0.018024897911435096,422,scBERT
H2-DMb1,0.01800760180850715,423,scBERT
Gimap4,0.01799849027670599,424,scBERT
Ncam1,0.017989797484068506,425,scBERT
Pi15,0.017979514603526436,426,scBERT
S100a9,0.017972560997717126,427,scBERT
Lsp1,0.017945663348337523,428,scBERT
Cd52,0.01794475637260358,429,scBERT
Frzb,0.0179358753691181,430,scBERT
Mfsd2a,0.017919533553123677,431,scBERT
Ccl2,0.017909022403309275,432,scBERT
H2-Q10,0.01789312114326152,433,scBERT
Art3,0.017884608077064594,434,scBERT
Serpine2,0.017850172264386257,435,scBERT
Efemp1,0.017793279821647447,436,scBERT
Il4ra,0.017787243462308717,437,scBERT
Atp1a2,0.01776717577091946,438,scBERT
Hey1,0.017758384067037458,439,scBERT
Ppp1r15a,0.01773784643712361,440,scBERT
Etnppl,0.017733352771988977,441,scBERT
Ltb4r1,0.01772431542298182,442,scBERT
Crip1,0.017718509148029936,443,scBERT
Rnd1,0.017709401330814285,444,scBERT
Plscr2,0.01769486791873911,445,scBERT
Gpc3,0.017686584268199433,446,scBERT
Ifi27l2a,0.017685784989095475,447,scBERT
Glrx,0.017683605131197867,448,scBERT
Bex2,0.01768112443078171,449,scBERT
Slc7a5,0.017676709817794487,450,scBERT
Birc5,0.01766930154755409,451,scBERT
Prelp,0.01766826198947101,452,scBERT
Hmox1,0.01766705592849037,453,scBERT
Vim,0.017657773413297453,454,scBERT
Tfrc,0.017654598121493136,455,scBERT
Smpdl3a,0.01765022140309778,456,scBERT
Ifit2,0.017644691253210967,457,scBERT
Crlf1,0.01764173708569183,458,scBERT
Cd300a,0.01763899750915244,459,scBERT
Icam1,0.01763357454146047,460,scBERT
Gm3764,0.017625081591329205,461,scBERT
Upp1,0.017617719211898725,462,scBERT
Neat1,0.017616725914527936,463,scBERT
Cd79a,0.017601408160140154,464,scBERT
Vwa1,0.017590961590430842,465,scBERT
Vcan,0.017584667542953288,466,scBERT
Adh1,0.017579647737562223,467,scBERT
Adrbk2,0.017559863602051192,468,scBERT
Slc16a1,0.017557758327020282,469,scBERT
Il11,0.017556577839980728,470,scBERT
Top2a,0.017546165923991355,471,scBERT
Opalin,0.017518700296669697,472,scBERT
Polr2l,0.0175170023109991,473,scBERT
Gapdh,0.01749484659382852,474,scBERT
Ms4a6d,0.017489653455454977,475,scBERT
Gm10116,0.017483817622443498,476,scBERT
Bst1,0.017479202652500348,477,scBERT
Srgn,0.017471287147524498,478,scBERT
Rgs5,0.017470467387111818,479,scBERT
S100a8,0.017430040917971113,480,scBERT
Ninj1,0.01740670001202512,481,scBERT
Amica1,0.017390313442929295,482,scBERT
Emp3,0.01738620070839751,483,scBERT
Serpinh1,0.0173834935791258,484,scBERT
Mgll,0.017382750611551347,485,scBERT
Npl,0.017380375411049493,486,scBERT
Gstm1,0.017376883726793645,487,scBERT
Ctsl,0.017367897998712564,488,scBERT
Tmem100,0.017356206237554295,489,scBERT
Scrg1,0.017356115953392124,490,scBERT
Pln,0.01735020698222619,491,scBERT
Perp,0.017344941991946295,492,scBERT
Hebp1,0.017315406960938404,493,scBERT
Ccl11,0.017310080569004217,494,scBERT
Nrip2,0.01730029782959933,495,scBERT
Itm2a,0.017267439609175202,496,scBERT
Dab2,0.01726727052063863,497,scBERT
Fbln1,0.017264907510352975,498,scBERT
C5ar1,0.017264878672482217,499,scBERT
Ms4a6c,0.017246666625344003,500,scBERT
Usp50,0.01724320306301964,501,scBERT
Hsd11b1,0.017240688369817073,502,scBERT
Rnase4,0.017228404693366804,503,scBERT
Cpe,0.017206883538289124,504,scBERT
Hmgb2,0.017195254648204223,505,scBERT
Cxcr2,0.017164362028698307,506,scBERT
Cd93,0.01716177308088715,507,scBERT
Phactr3,0.017149125356001254,508,scBERT
Myc,0.017143614541587113,509,scBERT
F13a1,0.017131617307092162,510,scBERT
Col4a1,0.0171165240827376,511,scBERT
Slc13a4,0.017106899255948306,512,scBERT
Igf2,0.017106640601606552,513,scBERT
Clu,0.017100401336326412,514,scBERT
Ms4a7,0.017073021474287357,515,scBERT
Abcc9,0.017070314195799116,516,scBERT
Fam101b,0.017064648541245488,517,scBERT
Thbd,0.01704790468503008,518,scBERT
Axl,0.01703516451201414,519,scBERT
Naaa,0.0170346822152783,520,scBERT
Cdca8,0.01703265923556483,521,scBERT
Brinp3,0.017014966405817608,522,scBERT
Slc6a11,0.0170044721599246,523,scBERT
Sdf2l1,0.016982834539310026,524,scBERT
S100a11,0.016930923314415095,525,scBERT
Cd44,0.01692519917160189,526,scBERT
Arl5c,0.01691893611451411,527,scBERT
Clec4a3,0.016911607625408595,528,scBERT
mt-Nd4,0.0169111275345537,529,scBERT
Rem1,0.016904410351436888,530,scBERT
Pcolce,0.016860116529622715,531,scBERT
Gm5424,0.016845295436436036,532,scBERT
Cdkn1c,0.016828907157676654,533,scBERT
Gm2a,0.01682486232840107,534,scBERT
Pf4,0.01682280980324127,535,scBERT
Klk6,0.01682124619520463,536,scBERT
Hmgn2,0.016821049093822194,537,scBERT
Irf7,0.016814772624862858,538,scBERT
Treml4,0.016813694798876233,539,scBERT
Ptprb,0.0167986524620416,540,scBERT
Dpysl2,0.016798380235584342,541,scBERT
Gpr141,0.016784212688972313,542,scBERT
Chil1,0.01678203235052883,543,scBERT
Cdk6,0.016777767549466374,544,scBERT
H2-DMa,0.016764708753498347,545,scBERT
Rspo3,0.01675762779011374,546,scBERT
Bgn,0.016748691943024533,547,scBERT
Taldo1,0.01674846191947406,548,scBERT
Ephx3,0.01674489156773168,549,scBERT
Pdlim4,0.016743658149506978,550,scBERT
Hilpda,0.016720808925415366,551,scBERT
Actg2,0.01669129327559968,552,scBERT
Cd300lf,0.01668251834469183,553,scBERT
Dclk1,0.01666701036909141,554,scBERT
Fam167b,0.01666008883522384,555,scBERT
Glipr1,0.016648830460420896,556,scBERT
Hmcn1,0.01664642220057876,557,scBERT
Slc22a4,0.01664524288969789,558,scBERT
Slc16a3,0.016644799910613836,559,scBERT
Lilrb4a,0.016643328542101318,560,scBERT
Ace,0.01664330256164321,561,scBERT
Slc6a9,0.016640916578492076,562,scBERT
Cthrc1,0.0166379134076895,563,scBERT
Pam,0.01663317493493004,564,scBERT
Slc19a1,0.01659884844856659,565,scBERT
Ndn,0.016582323399732517,566,scBERT
Cox4i2,0.016581352547041215,567,scBERT
Pllp,0.01658116736393731,568,scBERT
Hspa1b,0.01657732398297893,569,scBERT
Hp,0.016574517046743092,570,scBERT
Sema3c,0.016563408573082854,571,scBERT
Actn1,0.01654391553116698,572,scBERT
Vegfc,0.016542492488932272,573,scBERT
Clec5a,0.016532375891084243,574,scBERT
Igf1r,0.016499747550165443,575,scBERT
Rgs18,0.016483293032345255,576,scBERT
Nr2f2,0.016478190760431496,577,scBERT
Cd69,0.01647691245684719,578,scBERT
Sept4,0.01647103538165835,579,scBERT
Nrarp,0.016466726266031125,580,scBERT
Apln,0.016460970079791793,581,scBERT
Emp2,0.016442859417069154,582,scBERT
Atp1b1,0.016439058285374692,583,scBERT
Gjb2,0.01643711002485591,584,scBERT
Pdgfra,0.016431117047398018,585,scBERT
Prom1,0.01641897642364687,586,scBERT
Ace2,0.01641546058407718,587,scBERT
Rnd3,0.016403115805289446,588,scBERT
AU021092,0.016401453117030035,589,scBERT
Akap12,0.0163907401137836,590,scBERT
Pla2g4a,0.016388686229930293,591,scBERT
Kazald1,0.016371030064343504,592,scBERT
Inmt,0.01636873936257521,593,scBERT
Pilrb2,0.01635703170528374,594,scBERT
Id4,0.016335830062523506,595,scBERT
Ly6d,0.016334995019026383,596,scBERT
Tmem45a,0.016333226828459318,597,scBERT
Cyp7b1,0.016318533588891355,598,scBERT
Slco1a4,0.01628903596027183,599,scBERT
Sh3bgr,0.016279051757616486,600,scBERT
Pfkp,0.01627192965506915,601,scBERT
Gpx1,0.016270224771218287,602,scBERT
Cd38,0.01626963027206904,603,scBERT
Grrp1,0.016248006321516354,604,scBERT
Lmnb1,0.016247641417024356,605,scBERT
Bcl2a1b,0.01624603232719552,606,scBERT
Igfbp7,0.016238044992170755,607,scBERT
Ddah1,0.016237862693939335,608,scBERT
Cdkn2b,0.016234743703298176,609,scBERT
Lgi1,0.01621063089611524,610,scBERT
Serpinf1,0.016203018683034823,611,scBERT
Slamf9,0.016202840479986557,612,scBERT
Insig1,0.016201333882358438,613,scBERT
2200002D01Rik,0.01619353429355027,614,scBERT
Rbp1,0.016184771108898977,615,scBERT
Ehd4,0.016178815146907534,616,scBERT
Csf1,0.016178781302790466,617,scBERT
Sncg,0.016178669866812448,618,scBERT
Slc40a1,0.01617110445048263,619,scBERT
Npy,0.016147044627142428,620,scBERT
Zfp691,0.016127660032969462,621,scBERT
Ccdc109b,0.016127038893613596,622,scBERT
Slfn4,0.01612186813095201,623,scBERT
Rad54b,0.01610994322099089,624,scBERT
Pde4b,0.01610858418702365,625,scBERT
Mrps6,0.016107755376420077,626,scBERT
Cit,0.016102604426244886,627,scBERT
Mx1,0.016102186708122104,628,scBERT
Flrt2,0.016099512196655744,629,scBERT
Mrc1,0.01609339737880779,630,scBERT
Kctd14,0.016079102328456888,631,scBERT
Sat1,0.016078481051688038,632,scBERT
Ifi30,0.016074934776437254,633,scBERT
Arhgap15,0.016067595339886134,634,scBERT
BC051019,0.016066066233104415,635,scBERT
Ndufa4l2,0.016062865806377686,636,scBERT
Tinagl1,0.01603430420010245,637,scBERT
Col1a2,0.01602646997738693,638,scBERT
Ctsw,0.01601611136231187,639,scBERT
Asf1b,0.01601492899654531,640,scBERT
Mest,0.016007667294424075,641,scBERT
Col4a2,0.015977224388377252,642,scBERT
Slamf7,0.015964407296774005,643,scBERT
Bnip3,0.015963348142645897,644,scBERT
Tubb2a,0.015938904585207348,645,scBERT
Pcsk1n,0.015936974095699854,646,scBERT
Gda,0.015933924761802026,647,scBERT
Synm,0.015929237299024804,648,scBERT
Rasl11a,0.01592314048520516,649,scBERT
Nfkbiz,0.015918778176952753,650,scBERT
Pdgfa,0.015912298999795706,651,scBERT
Lbh,0.01591131471327377,652,scBERT
Rmst,0.015905863613181453,653,scBERT
Tgfb2,0.015900117859481477,654,scBERT
Plscr1,0.015898993266776126,655,scBERT
Slc7a1,0.015879415093809673,656,scBERT
Ndnf,0.015871062731654294,657,scBERT
Cd274,0.015862968110717798,658,scBERT
Pgf,0.015861466349857422,659,scBERT
Rcan1,0.015853340962937144,660,scBERT
Col13a1,0.01584608331100947,661,scBERT
Ppp1r3g,0.0158254991407946,662,scBERT
Il1f9,0.015825389303432143,663,scBERT
Islr,0.015823701273516604,664,scBERT
Fam13a,0.01581730140801581,665,scBERT
Emilin2,0.015810961425179085,666,scBERT
Gja1,0.015806708939448202,667,scBERT
Ramp1,0.01578367251863584,668,scBERT
Dmp1,0.01578016411492062,669,scBERT
Ms4a6b,0.01577951507854567,670,scBERT
Cdk19,0.01577941652130208,671,scBERT
Aqp1,0.0157558787491468,672,scBERT
Sod2,0.015753225682146845,673,scBERT
Lrtm2,0.015752059346391657,674,scBERT
Osm,0.01573749930351832,675,scBERT
Usp18,0.015730619815613148,676,scBERT
Casq2,0.015726373829610715,677,scBERT
Cbr2,0.015721313688054493,678,scBERT
Adssl1,0.015711100118314898,679,scBERT
Gpr132,0.015696725600971406,680,scBERT
Slfn1,0.015692651110698758,681,scBERT
Pim1,0.015689067682685662,682,scBERT
Lmna,0.01568318878327046,683,scBERT
Eno1,0.01567046800151713,684,scBERT
Tspan15,0.015668813999776637,685,scBERT
Nebl,0.01566849604779407,686,scBERT
Ifitm2,0.015664893399939452,687,scBERT
Insc,0.015650686867418828,688,scBERT
Prrx1,0.015642490299835148,689,scBERT
Gjb6,0.015625879040150857,690,scBERT
Ltbp4,0.015622099115831303,691,scBERT
Lypd1,0.015614862719535813,692,scBERT
Slc1a1,0.015602073841081544,693,scBERT
Per3,0.01560091853357983,694,scBERT
Hist1h2bc,0.015580931919202231,695,scBERT
Enah,0.015575838399956939,696,scBERT
Clasp2,0.015571136821388668,697,scBERT
Timp4,0.015562543265309562,698,scBERT
Emilin1,0.015558315178674056,699,scBERT
Fhl2,0.015544508533053962,700,scBERT
Fmo2,0.015544030025554855,701,scBERT
Sema3g,0.015543095285109713,702,scBERT
Matn4,0.015536668159878779,703,scBERT
Slc16a11,0.015527007616715932,704,scBERT
Saa3,0.0155201690491332,705,scBERT
Kcna5,0.015496229250995775,706,scBERT
Slpi,0.015482742075320554,707,scBERT
Chst2,0.015467467305857933,708,scBERT
Scg5,0.015451631514771963,709,scBERT
Adap2,0.015448603716158584,710,scBERT
Adap2os,0.015436669597984435,711,scBERT
Fmod,0.015433564705266327,712,scBERT
Gclm,0.015431872661498515,713,scBERT
Cd163,0.015430967952848335,714,scBERT
Aqp4,0.015422710513992311,715,scBERT
Alox5ap,0.015422366125228857,716,scBERT
Slc38a2,0.015420158158172374,717,scBERT
Pla2g7,0.015417337070384275,718,scBERT
Litaf,0.015407730527273445,719,scBERT
Selenbp1,0.015398854572462619,720,scBERT
Gdf15,0.015387731609436144,721,scBERT
Bcas3,0.0153802488475626,722,scBERT
Smim3,0.015379726179242693,723,scBERT
Arhgdib,0.015371335692498461,724,scBERT
Ptgds,0.015360129143170918,725,scBERT
Gper1,0.015354963101390933,726,scBERT
Ctsd,0.01534995705243088,727,scBERT
Ccl24,0.015349739289661634,728,scBERT
Map7d2,0.015344510237554065,729,scBERT
Hacd2,0.015343759571952345,730,scBERT
Gm12840,0.015342019540865694,731,scBERT
Pex5l,0.015335529379440507,732,scBERT
Metrnl,0.015331499964377614,733,scBERT
Asb2,0.015329600725845641,734,scBERT
Slc5a6,0.0153291956127677,735,scBERT
Spint1,0.015323560100538655,736,scBERT
Cenpa,0.015322207102543898,737,scBERT
Gsr,0.015307421197662489,738,scBERT
Gm12002,0.015291519158390844,739,scBERT
Slc47a1,0.015288704839275045,740,scBERT
Oasl1,0.015286192080907778,741,scBERT
Crim1,0.015284311132667034,742,scBERT
Amd1,0.015277035779495272,743,scBERT
Cd14,0.015272874123722257,744,scBERT
Hspa5,0.015272005168676049,745,scBERT
Ctsb,0.015270919148048047,746,scBERT
Serpine1,0.015246933183742128,747,scBERT
Kcne4,0.015244549912041066,748,scBERT
Prune2,0.015232696569192144,749,scBERT
Sorbs2,0.015231945571409285,750,scBERT
Sgk1,0.015223726155851899,751,scBERT
Oas1a,0.015222961475641596,752,scBERT
Gm5127,0.015218944911263589,753,scBERT
Gas7,0.015218638018369665,754,scBERT
Nkain4,0.015215575855152989,755,scBERT
Phgdh,0.015214910034959206,756,scBERT
Fbxo2,0.015210847830097496,757,scBERT
Blvrb,0.015210185968932467,758,scBERT
Kcnk2,0.015209296199062987,759,scBERT
Eps8l2,0.015191783479777461,760,scBERT
Ndrg1,0.015187776251973708,761,scBERT
1700047M11Rik,0.015174346907215417,762,scBERT
Tnip3,0.015170120138148155,763,scBERT
Gm13889,0.015163059567691513,764,scBERT
Fscn1,0.01515796744682029,765,scBERT
Lrp4,0.015157114732206997,766,scBERT
Prtn3,0.015153500722066247,767,scBERT
Marcks,0.015145974672771267,768,scBERT
Pygl,0.015139992208287012,769,scBERT
Nfasc,0.015111535900565572,770,scBERT
Gpr65,0.015110253246379782,771,scBERT
Nostrin,0.015094316823537174,772,scBERT
Trf,0.015094167012243004,773,scBERT
Slc1a5,0.015091872313857151,774,scBERT
Tubb2b,0.015089830534312,775,scBERT
Ntm,0.015084965884915738,776,scBERT
Pkib,0.015084903045236494,777,scBERT
Atp5e,0.015073831154519348,778,scBERT
Slc7a10,0.015067325170192896,779,scBERT
Synpo,0.015063311782757252,780,scBERT
Mthfd2,0.01505140583450405,781,scBERT
Sox17,0.015049475561967743,782,scBERT
Rgs16,0.01504218779489352,783,scBERT
Fpr2,0.01503255099135873,784,scBERT
Atp5l,0.01499344283064277,785,scBERT
Tma16,0.014988890866912621,786,scBERT
Tbx3os1,0.014979525553701035,787,scBERT
Tsc22d1,0.014973701797805057,788,scBERT
Ccnd1,0.014973515648854727,789,scBERT
Fam180a,0.014970741184376435,790,scBERT
Tuba1c,0.014954821520486609,791,scBERT
Ddit4l,0.014943229715134917,792,scBERT
Lilra5,0.014930116577490538,793,scBERT
Loxl1,0.014923068070949501,794,scBERT
Col6a1,0.014922587932759314,795,scBERT
Dkk3,0.01491760644454637,796,scBERT
Pde10a,0.014905881214801544,797,scBERT
Msrb1,0.014879180204599524,798,scBERT
Gde1,0.014856243260616728,799,scBERT
Errfi1,0.014855219215249979,800,scBERT
Ntf3,0.014848340836712206,801,scBERT
1810011O10Rik,0.014845726264332525,802,scBERT
Ccr1,0.01483807206663388,803,scBERT
Sox11,0.014829782081103419,804,scBERT
Gstt1,0.014826828957882104,805,scBERT
Tmod1,0.014816488312116745,806,scBERT
Ngf,0.014793919360476044,807,scBERT
Plpp3,0.014789790433595497,808,scBERT
Ccl17,0.014781169586172914,809,scBERT
Spc24,0.014753409361921438,810,scBERT
Kdr,0.014744412173129095,811,scBERT
Col1a1,0.014740345145292781,812,scBERT
Hist1h1c,0.01473503803991775,813,scBERT
Cox7c,0.014727126442726102,814,scBERT
Samhd1,0.014714188678138599,815,scBERT
Ehd1,0.014710809302373895,816,scBERT
Cycs,0.01470954700671535,817,scBERT
Cmpk2,0.014706251898959096,818,scBERT
Timp2,0.014701559299488793,819,scBERT
Pantr1,0.014698025386831447,820,scBERT
Pld3,0.014697288549607149,821,scBERT
Uqcr11,0.01469088045119819,822,scBERT
Il4i1,0.014690529526192228,823,scBERT
Gla,0.014686576483116984,824,scBERT
Rasl10b,0.014684477242625194,825,scBERT
Ndufa4,0.014681209649495373,826,scBERT
Rac2,0.014677081714244089,827,scBERT
Osgin1,0.014672170778758088,828,scBERT
Bicc1,0.014671558605056123,829,scBERT
Xdh,0.014665296040978198,830,scBERT
Tgfb3,0.014663551621223774,831,scBERT
Sgk3,0.014661936605976521,832,scBERT
Pilrb1,0.01466133773336675,833,scBERT
Adamtsl1,0.014661019257280241,834,scBERT
Mmp14,0.014654921432202069,835,scBERT
Itga5,0.014642413534598287,836,scBERT
Fcna,0.014638596000719397,837,scBERT
Dtna,0.014631452656396657,838,scBERT
Itga8,0.014591255051944996,839,scBERT
Oaf,0.014583712760837034,840,scBERT
Cntfr,0.014579969301620197,841,scBERT
Fam213a,0.014576020698326107,842,scBERT
Syngr1,0.014575164396958837,843,scBERT
Cox6c,0.014566277810660706,844,scBERT
AI607873,0.014551830008271203,845,scBERT
Bmp4,0.014547292651761785,846,scBERT
Htra3,0.014545164041134912,847,scBERT
Stra6,0.014532394575544554,848,scBERT
S100a16,0.01453076130968219,849,scBERT
Meis2,0.014516993459968762,850,scBERT
Steap1,0.014502642348299425,851,scBERT
Gpihbp1,0.014501714184033492,852,scBERT
Tnik,0.014498818322937325,853,scBERT
Atpif1,0.014493023559169824,854,scBERT
Id1,0.014488558341899759,855,scBERT
Lrrn3,0.014485968022436355,856,scBERT
Palld,0.014477373415437506,857,scBERT
Trp53i11,0.014463368397732103,858,scBERT
Car13,0.014461535424142385,859,scBERT
Zfos1,0.014459437997505004,860,scBERT
C3,0.014456302923969084,861,scBERT
Ackr3,0.014453089888437394,862,scBERT
Gm4951,0.014445102885285905,863,scBERT
Tmeff2,0.014440322298686234,864,scBERT
Plac9b,0.014438866537048988,865,scBERT
F3,0.014428011552492409,866,scBERT
Gnao1,0.014422779197559667,867,scBERT
Vegfa,0.0144151747910844,868,scBERT
Sema4b,0.014405507153541972,869,scBERT
Nfil3,0.014405031624569237,870,scBERT
Spint2,0.014391948416668186,871,scBERT
Slc4a4,0.014385265143854586,872,scBERT
Ceacam10,0.014383142615320995,873,scBERT
Tshz2,0.01438029214979932,874,scBERT
Csrp2,0.014377462973793722,875,scBERT
Slc22a17,0.014369187782747274,876,scBERT
Siglece,0.014360657371003404,877,scBERT
Slc9a3r1,0.014351043842737516,878,scBERT
Jag1,0.014349430614552005,879,scBERT
Etv1,0.014348860196544596,880,scBERT
Samsn1,0.014347269289570877,881,scBERT
Ggt1,0.014344890046348474,882,scBERT
Cd302,0.01433815024424889,883,scBERT
RP23-6I17.1,0.01433574386363713,884,scBERT
Gm14964,0.014314400549019677,885,scBERT
Col8a2,0.014305777685350175,886,scBERT
Hsp90aa1,0.014299968540790286,887,scBERT
Fcgr1,0.014285264991604282,888,scBERT
Ccl22,0.014270961388134131,889,scBERT
Car2,0.014261258593409138,890,scBERT
Ctla2b,0.0142423655233445,891,scBERT
Cxcl1,0.014239905014376107,892,scBERT
Kcnk1,0.014238677479758495,893,scBERT
Pmaip1,0.014225613663319928,894,scBERT
Car14,0.014224570689553278,895,scBERT
Sphk1,0.014220433483068628,896,scBERT
Hspa2,0.014217428348931726,897,scBERT
C3ar1,0.01421273995757302,898,scBERT
Clec3b,0.01420855876338947,899,scBERT
Auts2,0.014204311090234116,900,scBERT
Ly6c1,0.014202709495395233,901,scBERT
Itgam,0.014196302647759323,902,scBERT
Slit2,0.014173868487748247,903,scBERT
Epsti1,0.014163010632261115,904,scBERT
Gpld1,0.014151259824637183,905,scBERT
Sox4,0.014150629488224889,906,scBERT
Sostdc1,0.014115907005849429,907,scBERT
Fgfr1,0.014101750168015868,908,scBERT
Nrp2,0.01409773813207214,909,scBERT
Mcm5,0.014096069308244771,910,scBERT
Pax6,0.014094081485343631,911,scBERT
Dmd,0.014087932922875255,912,scBERT
Fam43a,0.01408777382769108,913,scBERT
Slc26a2,0.014087567383308151,914,scBERT
Lck,0.014075955890610234,915,scBERT
Fxyd1,0.01407196680811065,916,scBERT
Ddc,0.014071123188820133,917,scBERT
Dbi,0.014064355237932763,918,scBERT
Folr1,0.014050596290677585,919,scBERT
Adk,0.014043716580570374,920,scBERT
Gsta4,0.014025336733722365,921,scBERT
Msmo1,0.014022389360651257,922,scBERT
Sulf1,0.014011589649468784,923,scBERT
Mcemp1,0.014011312544761506,924,scBERT
Rab20,0.013999665656927538,925,scBERT
Sdpr,0.013999010837801106,926,scBERT
Inhba,0.01398690829394836,927,scBERT
Hbb-bs,0.013978647684174395,928,scBERT
AI662270,0.013977591695362042,929,scBERT
Ly86,0.013977322754653238,930,scBERT
Gstm7,0.013977148037130797,931,scBERT
Tbc1d4,0.013970609381435881,932,scBERT
Col9a3,0.013967469805358077,933,scBERT
Oas1g,0.013938886660602398,934,scBERT
Cox7b,0.013924117063743406,935,scBERT
Vstm4,0.013919573655531476,936,scBERT
Plppr4,0.013918953895516048,937,scBERT
Hcst,0.013894968837859515,938,scBERT
Lhx2,0.013890382423044492,939,scBERT
Il1a,0.013888132782465342,940,scBERT
Rtn4,0.0138793466337905,941,scBERT
Cst3,0.0138699244028876,942,scBERT
Prlr,0.013865708297389565,943,scBERT
Ebf1,0.013863270136421671,944,scBERT
Ttr,0.013853934838821313,945,scBERT
Mrap,0.013847914746076969,946,scBERT
Sfrp5,0.013843674054782316,947,scBERT
Myof,0.013838252065962732,948,scBERT
Pdgfrb,0.013836213554002578,949,scBERT
Creg1,0.013831488895800968,950,scBERT
Dpep1,0.013822626278231177,951,scBERT
Pth1r,0.013817476738728436,952,scBERT
Tesc,0.013816451635651268,953,scBERT
Prdx5,0.013805449125324892,954,scBERT
Dpysl3,0.013800538752632405,955,scBERT
Fgr,0.01379115122155007,956,scBERT
Adora2b,0.013782644531204894,957,scBERT
Cd7,0.013761529118964397,958,scBERT
Aprt,0.013752070703235777,959,scBERT
Cnn2,0.013743130553319698,960,scBERT
Gpx4,0.01373639767432893,961,scBERT
AB124611,0.01373251375978191,962,scBERT
Trim9,0.013728284499536305,963,scBERT
Mustn1,0.013727488139152417,964,scBERT
Ly6a,0.013716902001665709,965,scBERT
Gem,0.013716627234905176,966,scBERT
Gpr35,0.013715378397317334,967,scBERT
Ccdc80,0.013711415469116101,968,scBERT
Pacrg,0.013709609373542066,969,scBERT
Tbx18,0.013692703740396108,970,scBERT
Stk17b,0.013692577492032159,971,scBERT
Sept1,0.013686365516760852,972,scBERT
2900060B14Rik,0.013672772778341129,973,scBERT
Lfng,0.013672340878417923,974,scBERT
Aif1,0.013656081725517194,975,scBERT
Btbd17,0.013646639830630494,976,scBERT
Degs2,0.013642334279390909,977,scBERT
Acaca,0.013639621678148327,978,scBERT
4430402I18Rik,0.013634809769027815,979,scBERT
Ube2l6,0.013632336346771004,980,scBERT
Slc30a10,0.013625510687258756,981,scBERT
Ctsc,0.01362309573276389,982,scBERT
Slfn2,0.013612200895434799,983,scBERT
Atp5g1,0.013602593780977118,984,scBERT
Luzp2,0.013600780257673879,985,scBERT
Siglecg,0.013589307417847979,986,scBERT
Sept7,0.013588776289620392,987,scBERT
Ppp1r1a,0.013577003592609629,988,scBERT
Isg20,0.013576485085817972,989,scBERT
Slc11a1,0.013572423000059161,990,scBERT
Bcl2,0.0135692971766144,991,scBERT
Ngfrap1,0.013562109315463014,992,scBERT
Thy1,0.013560238276920768,993,scBERT
Gm17750,0.013557556915575907,994,scBERT
2010107E04Rik,0.013551598610661322,995,scBERT
Pydc3,0.013550832487322459,996,scBERT
Ezr,0.013550641606525873,997,scBERT
Atp5k,0.013546069874632655,998,scBERT
Ica1l,0.013540979651817027,999,scBERT
Uqcrq,0.013525218613863245,1000,scBERT
Ssu2,0.013524902898761838,1001,scBERT
Sqle,0.01350891341810937,1002,scBERT
Kl,0.01350508130947404,1003,scBERT
Mboat2,0.013497916724582908,1004,scBERT
Kcnj13,0.013484377195768766,1005,scBERT
Kctd1,0.013478858043388196,1006,scBERT
Slc1a4,0.013463573885287463,1007,scBERT
Mia,0.013460373552627225,1008,scBERT
Arl6ip1,0.013457559500853773,1009,scBERT
Pycard,0.013455744140481646,1010,scBERT
Ano1,0.0134479797783001,1011,scBERT
Mxd1,0.01344053043122413,1012,scBERT
Cd180,0.013418883135824124,1013,scBERT
Serpinb6b,0.013408594361506229,1014,scBERT
Pde1a,0.013396379953456284,1015,scBERT
Alcam,0.013387827431157613,1016,scBERT
Gm13861,0.013359291675194309,1017,scBERT
Arg2,0.013354548588953165,1018,scBERT
Mef2c,0.01335068779971253,1019,scBERT
Ptch1,0.013350595899879698,1020,scBERT
Nfkbid,0.01333938663939045,1021,scBERT
Mlc1,0.013332433180475958,1022,scBERT
Oas3,0.013331113019140478,1023,scBERT
Fam107a,0.013328000741724872,1024,scBERT
Chka,0.01332142511116847,1025,scBERT
Nsg1,0.01330632057766943,1026,scBERT
Trib1,0.013292790414317312,1027,scBERT
Uap1l1,0.013286946800538687,1028,scBERT
Hopx,0.013279934886762825,1029,scBERT
Rasgrp2,0.013273048267117234,1030,scBERT
Gm26522,0.013255007614253344,1031,scBERT
Nos1,0.013251915209741309,1032,scBERT
Wtip,0.013250944495466505,1033,scBERT
Scara3,0.013249865567011508,1034,scBERT
Cox8a,0.013246820586326612,1035,scBERT
Procr,0.013244634244371412,1036,scBERT
H2-Oa,0.013239006038883661,1037,scBERT
Zcchc18,0.01323368526173959,1038,scBERT
Prkcdbp,0.013233610040837058,1039,scBERT
Usmg5,0.01322419223165273,1040,scBERT
Arrdc2,0.013224065825301765,1041,scBERT
F5,0.013217903057142105,1042,scBERT
Nbl1,0.013209167599485936,1043,scBERT
Ndufa13,0.013204015814166928,1044,scBERT
Smc4,0.01320133845792474,1045,scBERT
Rgs20,0.013200743270928232,1046,scBERT
Pdlim3,0.013198334379621857,1047,scBERT
Coro1a,0.013190968157738332,1048,scBERT
Ms4a1,0.013189806794645171,1049,scBERT
Tubb4b,0.013187527307236982,1050,scBERT
Ldhb,0.013174046662576043,1051,scBERT
Rap2b,0.01317274035855296,1052,scBERT
Grin2c,0.013171242710548595,1053,scBERT
Phkg1,0.013167872238598744,1054,scBERT
Ank2,0.013156430613930825,1055,scBERT
Cmtm5,0.013151615892501151,1056,scBERT
Cox5b,0.01314913930642451,1057,scBERT
Myl6,0.013149016570138575,1058,scBERT
Siglech,0.01314048856219637,1059,scBERT
Mfge8,0.0131403651654439,1060,scBERT
Snx2,0.013140195487610784,1061,scBERT
Gm9780,0.013134846478088219,1062,scBERT
S100a1,0.013130422687573695,1063,scBERT
Rbp7,0.013130317400291103,1064,scBERT
Unc119,0.013128608711142957,1065,scBERT
Olfml3,0.013128131851709076,1066,scBERT
Hacd4,0.013127781966753183,1067,scBERT
Zeb2,0.013126568497761674,1068,scBERT
Pira2,0.013124654377660253,1069,scBERT
Sh2d1b1,0.013117568253057944,1070,scBERT
Msx1,0.013115244417587432,1071,scBERT
Hpgd,0.013113488011702064,1072,scBERT
Slc2a5,0.013104861514094063,1073,scBERT
Slc16a8,0.013097244242289335,1074,scBERT
Gucy1b3,0.013097234192229088,1075,scBERT
Ifi44,0.013092289221023852,1076,scBERT
Riiad1,0.013092127856386212,1077,scBERT
Pde4d,0.013086025135815865,1078,scBERT
Asph,0.013082487859994926,1079,scBERT
Cyp2j9,0.013048925431301891,1080,scBERT
Map1b,0.013048358916575633,1081,scBERT
Map2,0.013038260991269625,1082,scBERT
Slc12a2,0.013032602711945791,1083,scBERT
Cela1,0.013030641219200332,1084,scBERT
Cyyr1,0.013028981784003213,1085,scBERT
Gimap3,0.01302128234377064,1086,scBERT
Tnfrsf9,0.013020362343827016,1087,scBERT
Psat1,0.01301834270433668,1088,scBERT
Lxn,0.013015541817036612,1089,scBERT
Grem2,0.013012164901712565,1090,scBERT
Gpx8,0.013003559754899403,1091,scBERT
Pecam1,0.012995107882764128,1092,scBERT
Lin7a,0.012992841695677408,1093,scBERT
Bcl11a,0.012992404358231024,1094,scBERT
Gm1673,0.012989236339079889,1095,scBERT
Pdlim2,0.01298040903395369,1096,scBERT
Trem1,0.01297968921849351,1097,scBERT
Cd82,0.012977157083911017,1098,scBERT
Tor3a,0.012976627132013904,1099,scBERT
Crispld1,0.012971692799213539,1100,scBERT
Gzmb,0.012971080520405926,1101,scBERT
Spn,0.012968453530065331,1102,scBERT
Fpr1,0.01295391199226999,1103,scBERT
Cystm1,0.0129387720263439,1104,scBERT
S1pr3,0.012935669345952631,1105,scBERT
Cd300lb,0.012927875636563738,1106,scBERT
Endod1,0.012903016630421316,1107,scBERT
Hspb6,0.012902423215932388,1108,scBERT
Map4k1,0.012899355555498523,1109,scBERT
A730049H05Rik,0.01289714969559306,1110,scBERT
Plce1,0.012889567092392648,1111,scBERT
Slc1a2,0.0128883270426881,1112,scBERT
Syngr2,0.012884065696986559,1113,scBERT
Hvcn1,0.012871752850328568,1114,scBERT
Hhatl,0.012868629839938158,1115,scBERT
Frmd4a,0.012867776930374154,1116,scBERT
Hes1,0.012856899972459089,1117,scBERT
Atp5o,0.012850503551943072,1118,scBERT
Cfb,0.012842144554512417,1119,scBERT
Olfm1,0.012840260997346782,1120,scBERT
Atp1b2,0.012834863096372927,1121,scBERT
Serpina3g,0.012833297623869401,1122,scBERT
Mir124-2hg,0.012829798345411666,1123,scBERT
Zfp36l2,0.01282479921211935,1124,scBERT
Rdh12,0.012821496018885381,1125,scBERT
Ccdc3,0.012808416540631334,1126,scBERT
Klre1,0.012807030385151527,1127,scBERT
Cd2,0.012806389131274076,1128,scBERT
Itgax,0.012805209851456731,1129,scBERT
Rhoj,0.012801506669633155,1130,scBERT
Itga7,0.012800750439035424,1131,scBERT
Cryab,0.012795464018742894,1132,scBERT
H2afj,0.012786213070807856,1133,scBERT
Islr2,0.012782237943555768,1134,scBERT
Gfra2,0.012782212429687152,1135,scBERT
Ltc4s,0.012778788403349534,1136,scBERT
Gpr20,0.012776538283481645,1137,scBERT
Ube2c,0.012763790675088132,1138,scBERT
Rassf4,0.012762881391609526,1139,scBERT
Gmfg,0.012757949802987317,1140,scBERT
Mfap4,0.01275747803368496,1141,scBERT
Maf,0.012755562269891904,1142,scBERT
Cmip,0.012751200856341486,1143,scBERT
Map3k7cl,0.01275004624615554,1144,scBERT
Prdx6,0.012746797995233455,1145,scBERT
Sema3b,0.012741470151939282,1146,scBERT
Ndufa12,0.012740219448929311,1147,scBERT
Adamts2,0.01273793349460205,1148,scBERT
Tspan3,0.012737053890657187,1149,scBERT
Pirb,0.012727422930095263,1150,scBERT
Foxc2,0.012725941589335614,1151,scBERT
Tagln3,0.012722596745774778,1152,scBERT
Icam2,0.012721595676683621,1153,scBERT
Cd55,0.012716887735751414,1154,scBERT
Nusap1,0.01271584964986207,1155,scBERT
P2ry12,0.012711614450867475,1156,scBERT
Ccr5,0.01270557414787017,1157,scBERT
Mmp19,0.01269481099645947,1158,scBERT
Odc1,0.012688383689852525,1159,scBERT
Gas1,0.012688252687577012,1160,scBERT
Tmem106a,0.012687917013053798,1161,scBERT
Runx1,0.012665215663465386,1162,scBERT
Hist4h4,0.012660740878738736,1163,scBERT
Ntrk2,0.012642055894474638,1164,scBERT
Rcan2,0.012639927690023258,1165,scBERT
Steap4,0.012613622545054565,1166,scBERT
Fcgr2b,0.012612782088899191,1167,scBERT
St3gal4,0.012609728012153116,1168,scBERT
Pou2f2,0.01260329075488195,1169,scBERT
Cdh11,0.01260284383511369,1170,scBERT
Abi3,0.012602742398806892,1171,scBERT
Rsph9,0.012589110513088602,1172,scBERT
Slc38a1,0.012588061813039099,1173,scBERT
Mafb,0.012587505195716412,1174,scBERT
Tpd52l1,0.012585157127748407,1175,scBERT
Chst1,0.012571750265579613,1176,scBERT
Ggt5,0.012562133751625954,1177,scBERT
Plxdc2,0.012561986136988952,1178,scBERT
Sfxn5,0.012557252581871575,1179,scBERT
Ablim2,0.012552569761788134,1180,scBERT
Got1,0.012552228084912126,1181,scBERT
Cadm1,0.012549129837375259,1182,scBERT
1500015O10Rik,0.012543248733245822,1183,scBERT
CR974586.5,0.012541113000096268,1184,scBERT
Gpc6,0.012530156457181776,1185,scBERT
Itgad,0.012524823502171094,1186,scBERT
Rel,0.012524001357563718,1187,scBERT
Tlcd1,0.012523993951023896,1188,scBERT
Bdh2,0.012522599183284255,1189,scBERT
Dusp23,0.01251401282487021,1190,scBERT
Stap1,0.012513504911647082,1191,scBERT
Enpp2,0.012508841258565127,1192,scBERT
Hapln1,0.01248726214479359,1193,scBERT
Ehd2,0.012485815328692395,1194,scBERT
Dusp6,0.012479811533204916,1195,scBERT
Lrrc25,0.012478926574978224,1196,scBERT
Mrgprf,0.012475232697113108,1197,scBERT
St5,0.012473941298933701,1198,scBERT
Atcayos,0.012471139634175317,1199,scBERT
Fgfr3,0.012469644120535322,1200,scBERT
Runx3,0.01246870832888552,1201,scBERT
Gstp1,0.012466216393692695,1202,scBERT
Snhg11,0.01246452226731079,1203,scBERT
Nsg2,0.012462329239276917,1204,scBERT
Rlbp1,0.012457237410489075,1205,scBERT
Car8,0.012443692507995749,1206,scBERT
Abhd12,0.012441776494892563,1207,scBERT
Eps8,0.012420387547675495,1208,scBERT
Gm6377,0.012418174234851411,1209,scBERT
Gja4,0.012413205885981509,1210,scBERT
Slamf8,0.012411285111122517,1211,scBERT
Gm17056,0.012404848882835056,1212,scBERT
Nr2f1,0.012403621695041202,1213,scBERT
Efna5,0.012401441434240195,1214,scBERT
Ifi27,0.01239288303319045,1215,scBERT
Gm5483,0.012387662201636528,1216,scBERT
Nap1l5,0.012382798263099766,1217,scBERT
Kmo,0.012382450967207049,1218,scBERT
Slc6a1,0.012376758315473612,1219,scBERT
Anks1b,0.012361920022890327,1220,scBERT
Cdk2ap2,0.012357206399247728,1221,scBERT
Plp2,0.012357066591760611,1222,scBERT
Mdh1,0.012351241089487552,1223,scBERT
Apoc1,0.012350822198511727,1224,scBERT
Sgip1,0.012349580042963503,1225,scBERT
Ece1,0.012345628347526045,1226,scBERT
Cxcr4,0.012343077745481885,1227,scBERT
Creb5,0.01233942475782313,1228,scBERT
Lhfp,0.012338860156781836,1229,scBERT
Wfdc2,0.012336357918044872,1230,scBERT
Lrp1,0.012325736669649586,1231,scBERT
Hspb1,0.012322796619919724,1232,scBERT
Fam20c,0.012319980473050423,1233,scBERT
Cox6b2,0.012315413706427253,1234,scBERT
Ddit3,0.012314231675144295,1235,scBERT
Tcf21,0.01231335496869702,1236,scBERT
Nrxn1,0.012307662066974813,1237,scBERT
Enpep,0.012303193769105294,1238,scBERT
Asns,0.012301960332751858,1239,scBERT
Agpat5,0.012294828323446158,1240,scBERT
Tnfsf9,0.012288896703122856,1241,scBERT
Grina,0.012277925740536048,1242,scBERT
Gadd45a,0.012269729751838584,1243,scBERT
Lcat,0.012265491682437856,1244,scBERT
Lat2,0.01226385018141763,1245,scBERT
Gpr34,0.01225185182695986,1246,scBERT
Dhx58os,0.012245454153657652,1247,scBERT
AF251705,0.012232796144352017,1248,scBERT
Cndp2,0.012226041068052015,1249,scBERT
Prnp,0.012223936614057586,1250,scBERT
Cdc42ep2,0.012215864489179953,1251,scBERT
Dmkn,0.01221512409387699,1252,scBERT
Cemip,0.012212004070120644,1253,scBERT
Cdo1,0.012207531799059737,1254,scBERT
Esm1,0.012205830256678738,1255,scBERT
Dgat2,0.012193945064540697,1256,scBERT
Ptger4,0.01218493956576918,1257,scBERT
Ptx3,0.012184763930543015,1258,scBERT
Ifngr1,0.012182737777410415,1259,scBERT
Ptpn22,0.012178352983604592,1260,scBERT
Uqcr10,0.012176960063019023,1261,scBERT
Rgs12,0.01216395221421388,1262,scBERT
Tuba4a,0.01215748938547196,1263,scBERT
Lockd,0.01215567675665854,1264,scBERT
Tomm7,0.012153256310605359,1265,scBERT
Nfix,0.012139680859670357,1266,scBERT
Tbc1d10c,0.012137459895283746,1267,scBERT
Kif1a,0.012134813751981244,1268,scBERT
Tecr,0.012128041332417756,1269,scBERT
Dfna5,0.012124194252089016,1270,scBERT
Slc22a6,0.012123637462682428,1271,scBERT
Cml1,0.012118052558965527,1272,scBERT
Gnai1,0.012116173209829061,1273,scBERT
Rarres2,0.012115356726035195,1274,scBERT
Loxl2,0.012108328529259974,1275,scBERT
Crybb1,0.012092233854539041,1276,scBERT
Mgst2,0.012087562385259947,1277,scBERT
Cebpb,0.012073865908857222,1278,scBERT
Sulf2,0.012064040588628797,1279,scBERT
Cdca3,0.012061025743185183,1280,scBERT
Lmo7,0.012059358312465528,1281,scBERT
Mro,0.01205443658539426,1282,scBERT
Ptges,0.012054258710993738,1283,scBERT
Atf5,0.012052823108922818,1284,scBERT
Serpinb9,0.012052697063597831,1285,scBERT
Cadm4,0.01204665498799222,1286,scBERT
Cotl1,0.012038080802625114,1287,scBERT
Slc2a3,0.01203780410578064,1288,scBERT
Csrp1,0.012035712634709518,1289,scBERT
1190005I06Rik,0.012030360966626852,1290,scBERT
Ptchd4,0.012029353516935504,1291,scBERT
Defb11,0.012029099944146476,1292,scBERT
Enpp6,0.012018705638724956,1293,scBERT
Mical2,0.01201158198459856,1294,scBERT
Cpne8,0.012008322815033183,1295,scBERT
Cpxm1,0.012002066398726297,1296,scBERT
Rgs17,0.011998224525532402,1297,scBERT
Heyl,0.011992145351312966,1298,scBERT
Kirrel2,0.011986575667579373,1299,scBERT
Slc38a11,0.011986222108875746,1300,scBERT
Fcrls,0.011981580919345172,1301,scBERT
AI839979,0.011974030386241712,1302,scBERT
Krt18,0.011970068675320298,1303,scBERT
Phyhipl,0.01196992639577086,1304,scBERT
Eva1a,0.011968553671081553,1305,scBERT
Flnc,0.011964003053135393,1306,scBERT
Kcnj16,0.01195641652677484,1307,scBERT
Fdps,0.011953563272497882,1308,scBERT
Fabp3,0.011945153560379087,1309,scBERT
Plek,0.011935151190490928,1310,scBERT
Polk,0.01192805492453972,1311,scBERT
Ccnb2,0.011914505304988518,1312,scBERT
Col6a2,0.011912712700015355,1313,scBERT
Pcp4,0.011898276379785733,1314,scBERT
Fyb,0.011894554633198441,1315,scBERT
Fzd2,0.0118933177871258,1316,scBERT
Cyba,0.0118921038233601,1317,scBERT
Slc15a3,0.011891989860362875,1318,scBERT
Pcyt2,0.011888425991654806,1319,scBERT
Lmo1,0.011881974781487665,1320,scBERT
C1qtnf9,0.011881749932199804,1321,scBERT
1500009L16Rik,0.011879278716229638,1322,scBERT
Tarm1,0.011875658960476584,1323,scBERT
Pcolce2,0.011872603333405769,1324,scBERT
Negr1,0.011870052135800148,1325,scBERT
Col12a1,0.011869211785892984,1326,scBERT
Slc39a12,0.01186801209887831,1327,scBERT
Coch,0.01186071218125242,1328,scBERT
Hn1,0.011857472579861179,1329,scBERT
Tnni1,0.011845207938990139,1330,scBERT
Pik3r1,0.01184210365449778,1331,scBERT
Zic1,0.011841410619776558,1332,scBERT
Cd209f,0.01183996823083306,1333,scBERT
1110017D15Rik,0.011834724897989287,1334,scBERT
Ndufc1,0.01182614191267571,1335,scBERT
Rras2,0.011825990167617489,1336,scBERT
Cd48,0.011816566467289114,1337,scBERT
Socs2,0.01181574574263345,1338,scBERT
Aldh1a2,0.011811917784344029,1339,scBERT
Itgb2,0.011806913435412188,1340,scBERT
Col15a1,0.01180274851754808,1341,scBERT
Gprc5c,0.011801750560930108,1342,scBERT
C1qtnf2,0.011799153584421625,1343,scBERT
Itgb2l,0.0117945790025055,1344,scBERT
Clmp,0.011786788433846819,1345,scBERT
Wnt5b,0.011784193412580121,1346,scBERT
Mxra8,0.011777342296007565,1347,scBERT
Cd68,0.011776760364676075,1348,scBERT
Ncald,0.011775217169799837,1349,scBERT
Idh2,0.011770028776592731,1350,scBERT
Itgb4,0.011770026420825997,1351,scBERT
Gm11627,0.011764794882638882,1352,scBERT
Olfml1,0.011760933481235556,1353,scBERT
Ptprd,0.011758520513337683,1354,scBERT
Omg,0.01175299916940227,1355,scBERT
Tmx4,0.0117335243796834,1356,scBERT
Limd2,0.01173324894483074,1357,scBERT
Romo1,0.011725465729064048,1358,scBERT
Csf2ra,0.011724132341384693,1359,scBERT
Atp2a2,0.011696972990220997,1360,scBERT
Htra1,0.011678977275981339,1361,scBERT
Hemk1,0.011672741397229666,1362,scBERT
Ptpn18,0.011672150148680999,1363,scBERT
Stab1,0.01166842679597369,1364,scBERT
Gusb,0.011663229422692866,1365,scBERT
Adrb2,0.011661615975339708,1366,scBERT
Hes5,0.011656427128420717,1367,scBERT
Hexa,0.011651621246587682,1368,scBERT
Enpp1,0.011650038860824687,1369,scBERT
Klrb1c,0.011648159146190374,1370,scBERT
Hspb2,0.011643370151359356,1371,scBERT
Csf3r,0.01163936277529963,1372,scBERT
Cspg5,0.011632954230297511,1373,scBERT
B4galnt1,0.011627763675419248,1374,scBERT
Nxpe5,0.011626947401633855,1375,scBERT
Cpq,0.011621280590281167,1376,scBERT
Pcdh17,0.011620692190914687,1377,scBERT
Pfn2,0.011617489739634439,1378,scBERT
Rgs4,0.011606754484535022,1379,scBERT
Fam71a,0.011604955478205869,1380,scBERT
Myct1,0.011599914689459022,1381,scBERT
Spc25,0.011594302671949766,1382,scBERT
Selplg,0.011591089190006409,1383,scBERT
Carhsp1,0.011588848011838765,1384,scBERT
Spock3,0.011587562855754137,1385,scBERT
Fbln7,0.011582449346494756,1386,scBERT
Flna,0.011580773407964151,1387,scBERT
Fez1,0.011576419367563602,1388,scBERT
Basp1,0.011546798280372906,1389,scBERT
Scd2,0.011546782053114867,1390,scBERT
Ctsa,0.011537750294420333,1391,scBERT
Sh3bgrl,0.011530703413832104,1392,scBERT
Ckb,0.011517732325679996,1393,scBERT
Galnt6,0.011502270291917131,1394,scBERT
Rbm47,0.011496150547037813,1395,scBERT
Mertk,0.011489073212401066,1396,scBERT
Fam181b,0.011481608204015814,1397,scBERT
Cdh5,0.011480982438424898,1398,scBERT
Slc1a3,0.01147116303056611,1399,scBERT
Gzma,0.011469896495895622,1400,scBERT
Myo1b,0.011462893433702354,1401,scBERT
Apobec1,0.011460197036915467,1402,scBERT
Acaa2,0.011460132484282036,1403,scBERT
Gm26740,0.01144399943690939,1404,scBERT
Col27a1,0.011442158544317833,1405,scBERT
Sec11c,0.011426215021859141,1406,scBERT
Des,0.011414308803727085,1407,scBERT
Cd200r1,0.011412827031524077,1408,scBERT
Nudt4,0.011411432328812643,1409,scBERT
Syt11,0.01140819428756609,1410,scBERT
Mmrn2,0.011397705459360112,1411,scBERT
Fam26f,0.011396954120034712,1412,scBERT
Kif21a,0.011390092020591077,1413,scBERT
Slc25a4,0.01138995149176257,1414,scBERT
Pcsk2,0.011384730598301075,1415,scBERT
Tmem119,0.011378977981822086,1416,scBERT
Idi1,0.011378326509683836,1417,scBERT
Anpep,0.011377076541189322,1418,scBERT
Irx3,0.011376514709425592,1419,scBERT
Efhd2,0.011376386316073073,1420,scBERT
Synpr,0.011376066102303973,1421,scBERT
Hmgn3,0.011359827746931526,1422,scBERT
Txk,0.01134770987178652,1423,scBERT
Pld4,0.01133847238863851,1424,scBERT
Gm8369,0.011337120003283777,1425,scBERT
Atp5h,0.01133539007312157,1426,scBERT
Gamt,0.011326188376484386,1427,scBERT
Ckap4,0.011321516770238701,1428,scBERT
Grn,0.011321381578698735,1429,scBERT
Ptrf,0.011320296784153722,1430,scBERT
Cyb561,0.011319213678458132,1431,scBERT
Mpeg1,0.01131668399710986,1432,scBERT
Nrros,0.011313207358846448,1433,scBERT
Ywhaq,0.011305076744180806,1434,scBERT
Pkp3,0.011295062047449103,1435,scBERT
Tslp,0.011294146949624866,1436,scBERT
Cox6a2,0.011286319817263581,1437,scBERT
Milr1,0.011282399696141122,1438,scBERT
C1qtnf7,0.011281976500771855,1439,scBERT
Txnrd1,0.011275987596660047,1440,scBERT
Ccdc153,0.011275743882603304,1441,scBERT
Notch3,0.011271419805899149,1442,scBERT
Kcnj10,0.011268070088378261,1443,scBERT
Tmem212,0.011251095590865444,1444,scBERT
Nfe2,0.01125086493834281,1445,scBERT
Tmem123,0.011249198640834525,1446,scBERT
Tspan7,0.01124538997166678,1447,scBERT
Sox8,0.011243765828021326,1448,scBERT
Fam171b,0.011240522780901662,1449,scBERT
Tgfbr1,0.011235838895011606,1450,scBERT
Sla,0.01122855018853446,1451,scBERT
Ang,0.011223381410492698,1452,scBERT
4930402H24Rik,0.011221453167247411,1453,scBERT
Cxcl14,0.01122044290006695,1454,scBERT
Hist1h3e,0.011218800908416801,1455,scBERT
Sox18,0.011211650041457511,1456,scBERT
Tnfaip3,0.01120318142724,1457,scBERT
Dbx2,0.011200625931533792,1458,scBERT
Grm3,0.011199891656928888,1459,scBERT
Gm12216,0.01119887628038497,1460,scBERT
Grb14,0.011197327216684207,1461,scBERT
Tnfsf8,0.011194420626050179,1462,scBERT
Slc25a18,0.01119109473556949,1463,scBERT
Myh11,0.011188676719063881,1464,scBERT
Kctd12,0.011182068410464388,1465,scBERT
Cfap126,0.011180930237944023,1466,scBERT
Tmem47,0.011180532837770277,1467,scBERT
Ppp1r14a,0.011174197410318344,1468,scBERT
Ndufa1,0.011170556762847348,1469,scBERT
Rbpms2,0.011167620861309381,1470,scBERT
Rsph1,0.011167499575408501,1471,scBERT
Prc1,0.011161101036895417,1472,scBERT
Myo5a,0.011151519897748987,1473,scBERT
Omd,0.011151324965449702,1474,scBERT
Agpat9,0.011150604737125137,1475,scBERT
Bin2,0.011138949365387965,1476,scBERT
Il2rb,0.011137852510430979,1477,scBERT
Ndufb2,0.011136778631294688,1478,scBERT
Phlda3,0.011130176420162806,1479,scBERT
Dynlrb2,0.011119496646038618,1480,scBERT
Sez6l2,0.011118744914043556,1481,scBERT
Bex4,0.01111145243343692,1482,scBERT
Aatk,0.011111173206405933,1483,scBERT
Hk3,0.011107186913328092,1484,scBERT
Lmod1,0.011104966997483945,1485,scBERT
Steap2,0.011092557133557515,1486,scBERT
Pdzph1,0.011087077182941335,1487,scBERT
A330048O09Rik,0.011085496326163815,1488,scBERT
Cldn10,0.01107615407478112,1489,scBERT
Car12,0.011071179467771142,1490,scBERT
Ptp4a3,0.011070081747679884,1491,scBERT
Pigz,0.011053177123750188,1492,scBERT
Ttll7,0.011050642813141963,1493,scBERT
Pgk1,0.011038053611831406,1494,scBERT
Fjx1,0.011034274655406467,1495,scBERT
Padi4,0.01102834171370678,1496,scBERT
Lig1,0.011028070143069816,1497,scBERT
Adgrg6,0.011025651532542648,1498,scBERT
Prdm16,0.011024139191620444,1499,scBERT
Cyp1b1,0.011010156178736656,1500,scBERT
Lrp1b,0.011009637809194334,1501,scBERT
Unc5b,0.011008738948371666,1502,scBERT
Mrvi1,0.01100393414508938,1503,scBERT
Itih2,0.011000955173202378,1504,scBERT
2310001H17Rik,0.011000078364526782,1505,scBERT
Tk1,0.01099800820665903,1506,scBERT
Gstm5,0.01099723506601824,1507,scBERT
Scara5,0.01099709848194011,1508,scBERT
Abhd3,0.010988327139549324,1509,scBERT
Rbms3,0.01098047860511115,1510,scBERT
Ptgs1,0.010976736021929136,1511,scBERT
Nid1,0.010975576796289754,1512,scBERT
Lcp1,0.010972963321657751,1513,scBERT
Ralgds,0.010959584662386208,1514,scBERT
Dbndd2,0.01095283845627597,1515,scBERT
Ndrg2,0.010952399929193711,1516,scBERT
Aspa,0.010945346752683096,1517,scBERT
Mrgpra2b,0.010944145853062377,1518,scBERT
Sept8,0.010940608848602002,1519,scBERT
Trim30b,0.010934408586805779,1520,scBERT
Ndufb6,0.010930821004003569,1521,scBERT
Slc37a2,0.010927931354834983,1522,scBERT
Hba-a1,0.010925290006001072,1523,scBERT
Ptprz1,0.010924312397510537,1524,scBERT
Fam177a,0.010919414237586833,1525,scBERT
Clmn,0.010919102205579963,1526,scBERT
Adam33,0.010914090943637066,1527,scBERT
Pygm,0.010913208189221393,1528,scBERT
Gm11744,0.010912132747681859,1529,scBERT
Foxq1,0.010904768425355947,1530,scBERT
Cd84,0.01090391113799907,1531,scBERT
Sox10,0.010903353910644757,1532,scBERT
Rnf149,0.01090282737792259,1533,scBERT
Mmd2,0.010900893174291035,1534,scBERT
Slc2a12,0.01089580568809854,1535,scBERT
Lgmn,0.010893208527194593,1536,scBERT
Gng10,0.01089305468692336,1537,scBERT
Smad7,0.010876465266427377,1538,scBERT
Clip3,0.010869613349747067,1539,scBERT
Rgs2,0.01086156800778711,1540,scBERT
Ddr1,0.010854975430999619,1541,scBERT
Degs1,0.010852599203028824,1542,scBERT
Amigo2,0.010852031100436584,1543,scBERT
Trpm3,0.010848170893359377,1544,scBERT
Ppp1r12b,0.010843687319676915,1545,scBERT
Il7r,0.0108427639661876,1546,scBERT
Zic4,0.010839988426636112,1547,scBERT
Calm3,0.01083993119644063,1548,scBERT
Moxd1,0.010836865108492598,1549,scBERT
Cd27,0.010835458968479898,1550,scBERT
Ptprf,0.010831900217226156,1551,scBERT
Fam46b,0.01083166739659886,1552,scBERT
Cacnb3,0.010828309872077687,1553,scBERT
Bfsp2,0.010828219604058916,1554,scBERT
Evi2a,0.010821784023040942,1555,scBERT
Smarcd3,0.010811197502170003,1556,scBERT
Lsamp,0.010804436109547207,1557,scBERT
Sox9,0.01080260587614159,1558,scBERT
Cd3g,0.01079611906778624,1559,scBERT
Mmp2,0.01079425586285701,1560,scBERT
Ptprc,0.010777191502894022,1561,scBERT
Hcn2,0.010775265826619645,1562,scBERT
Speg,0.01077385619671422,1563,scBERT
Rorb,0.010771030068701453,1564,scBERT
Susd5,0.010765583111251595,1565,scBERT
Ccna2,0.01075960250500167,1566,scBERT
Egr2,0.010753297631311748,1567,scBERT
Ndufv3,0.010752659905745855,1568,scBERT
Tep1,0.010752573006093736,1569,scBERT
Arrdc3,0.010747086074443819,1570,scBERT
C2,0.010742732526817192,1571,scBERT
Ppp1r16b,0.01073831038579331,1572,scBERT
Ppp1r1b,0.01072679811831126,1573,scBERT
Adcy5,0.010723844085657535,1574,scBERT
Gabrb1,0.01071533541408598,1575,scBERT
Tmem88,0.010708533598641743,1576,scBERT
Fam107b,0.010703059935039439,1577,scBERT
Tgm1,0.01069893193879806,1578,scBERT
Chrdl1,0.010683318236214736,1579,scBERT
Ptpre,0.010674586613250209,1580,scBERT
Slc9b2,0.010665345353990415,1581,scBERT
Ifitm10,0.01065897271350752,1582,scBERT
Fcor,0.010657227801189793,1583,scBERT
Chl1,0.010655981070733964,1584,scBERT
Epha5,0.010653436057222167,1585,scBERT
Mlf1,0.01064924400979895,1586,scBERT
Cx3cr1,0.010646477548473124,1587,scBERT
Ntpcr,0.010642973423217645,1588,scBERT
Batf3,0.01063842822373465,1589,scBERT
C1qa,0.010635485610183845,1590,scBERT
Prr32,0.010627578733277722,1591,scBERT
Shisa8,0.010621594071100731,1592,scBERT
Aifm3,0.010614207875327762,1593,scBERT
Rcn3,0.010607509187825053,1594,scBERT
Wwc1,0.010604689139766648,1595,scBERT
Kdelr3,0.01060360585505118,1596,scBERT
Slc48a1,0.010600807795788612,1597,scBERT
Stmn3,0.010597822912623449,1598,scBERT
Zfhx3,0.010591320848772115,1599,scBERT
Aplp1,0.010590472919860339,1600,scBERT
Bcr,0.010581688386614213,1601,scBERT
Igsf6,0.010580962921130331,1602,scBERT
Snrpn,0.010576830272819209,1603,scBERT
Dok3,0.010571672722335418,1604,scBERT
Fibin,0.010568110213591494,1605,scBERT
Postn,0.010565476110892182,1606,scBERT
Lpcat2,0.010563947458146037,1607,scBERT
Pdzd2,0.010554158178464317,1608,scBERT
C1qb,0.010551207900228628,1609,scBERT
Fgf1,0.010540965246198686,1610,scBERT
Tmem38b,0.010536066352210957,1611,scBERT
Tmem178,0.010533007435348263,1612,scBERT
Pxmp2,0.010531504295612216,1613,scBERT
Evl,0.010528592857994509,1614,scBERT
Trim59,0.010526907353035887,1615,scBERT
Dstn,0.010521331597320558,1616,scBERT
Psph,0.010510903311353249,1617,scBERT
Tbxa2r,0.010509964462555463,1618,scBERT
Ndufa11,0.010494651312970142,1619,scBERT
Tnc,0.01049328008611572,1620,scBERT
Stxbp3,0.01049084973342199,1621,scBERT
Plek2,0.010489450202572762,1622,scBERT
Scg3,0.010486592790483933,1623,scBERT
Mki67,0.010479646687955287,1624,scBERT
Enho,0.010479228361293712,1625,scBERT
Mecom,0.010478925487774892,1626,scBERT
Tril,0.01046087731048963,1627,scBERT
Gm37800,0.010459733792275095,1628,scBERT
Pla2g16,0.010452435164998072,1629,scBERT
Skap1,0.010444082923308133,1630,scBERT
Stfa2l1,0.01043808170019071,1631,scBERT
Tpx2,0.010425568538073022,1632,scBERT
Edem1,0.010420272688038676,1633,scBERT
Bcan,0.010419129982398415,1634,scBERT
Foxp2,0.010419068444237012,1635,scBERT
Nrxn2,0.010417878722483408,1636,scBERT
Rgs10,0.010412916577616893,1637,scBERT
Cyp51,0.01041147837742883,1638,scBERT
B3galt2,0.010410922395414437,1639,scBERT
Col23a1,0.010407348923870735,1640,scBERT
Blnk,0.010395437130072427,1641,scBERT
Cd86,0.010392217697743796,1642,scBERT
Efcab10,0.010391833306951936,1643,scBERT
Adgre1,0.010387164788393395,1644,scBERT
Uba2,0.010386381282284071,1645,scBERT
Vat1l,0.010385541370707305,1646,scBERT
4930523C07Rik,0.010377809012583318,1647,scBERT
Tnfrsf11b,0.01037685251516955,1648,scBERT
Sdc2,0.01037544869726863,1649,scBERT
Cysltr1,0.01037267817961587,1650,scBERT
Olfml2a,0.010371212502838373,1651,scBERT
H1f0,0.010364898753717353,1652,scBERT
Fcmr,0.01036235048816761,1653,scBERT
Pbxip1,0.010362306607647183,1654,scBERT
Il1rap,0.010361019233651285,1655,scBERT
Dse,0.01036031582762177,1656,scBERT
Sfrp4,0.010351119674412153,1657,scBERT
Chchd10,0.01034937147095461,1658,scBERT
Acot1,0.010346682303201668,1659,scBERT
Abca4,0.010329341924787655,1660,scBERT
Acsbg1,0.0103291669045258,1661,scBERT
Cul4b,0.010323066273586857,1662,scBERT
Ptp4a1,0.01032224364944318,1663,scBERT
Hgsnat,0.010304921758113789,1664,scBERT
Klf15,0.01030119715048719,1665,scBERT
Idh3a,0.01028532282169356,1666,scBERT
Ncf1,0.010281650454110565,1667,scBERT
Ada,0.010274445806086092,1668,scBERT
Aoah,0.010270496943765755,1669,scBERT
Gng2,0.010269105974586974,1670,scBERT
Cebpe,0.010267500270840673,1671,scBERT
Rhou,0.010260624473536109,1672,scBERT
Cyp4f15,0.010252185947979196,1673,scBERT
Rbm24,0.010247154015269839,1674,scBERT
Cdc20,0.010237748703160417,1675,scBERT
S1pr5,0.010235439892616154,1676,scBERT
Ppfia4,0.01022940652209294,1677,scBERT
Gpm6a,0.010220860089542221,1678,scBERT
Rnf7,0.01021524410920147,1679,scBERT
Socs1,0.010211669148799446,1680,scBERT
Adgrv1,0.01021107537052057,1681,scBERT
Ank3,0.010205647794105507,1682,scBERT
Bmp2,0.010205452376631098,1683,scBERT
Fut9,0.010202540866340565,1684,scBERT
Tspan2,0.010200933457760637,1685,scBERT
Vsir,0.010200843567772703,1686,scBERT
Tyrobp,0.010196670845563145,1687,scBERT
Stbd1,0.010193400190698325,1688,scBERT
Cntn1,0.01019197990181482,1689,scBERT
Atp5g3,0.010190150049147612,1690,scBERT
Atp2b4,0.010183447581476698,1691,scBERT
Camk2g,0.010181900267171936,1692,scBERT
Fcgr3,0.010167993324297403,1693,scBERT
Cd3d,0.010167633925830538,1694,scBERT
Dlgap1,0.010165228890898282,1695,scBERT
Tnpo3,0.010161388666966161,1696,scBERT
Crym,0.010159090326477426,1697,scBERT
Ehd3,0.010156770433501178,1698,scBERT
Cd248,0.010154749278241415,1699,scBERT
Agpat4,0.010148917600802597,1700,scBERT
Cd80,0.010142896821066293,1701,scBERT
Nrbp2,0.010138145957071572,1702,scBERT
Tst,0.010137290279009696,1703,scBERT
Ctdspl,0.010135515924224268,1704,scBERT
Serpinb8,0.010133296061773675,1705,scBERT
Klrb1b,0.01013204346717382,1706,scBERT
Parm1,0.010123196500226398,1707,scBERT
Phyh,0.010121732114266374,1708,scBERT
Gm29538,0.01012022233785332,1709,scBERT
Tns1,0.010110134683811382,1710,scBERT
Ntsr2,0.010106474114881463,1711,scBERT
Hmha1,0.010103329341337047,1712,scBERT
Glrb,0.010101438193467904,1713,scBERT
Slc15a2,0.010101309945559682,1714,scBERT
Igsf11,0.010100221872781975,1715,scBERT
Gprc5b,0.010095713100676008,1716,scBERT
Ncr1,0.010092652425369265,1717,scBERT
Runx1t1,0.010085643323979097,1718,scBERT
Ccnb1,0.010085172403478972,1719,scBERT
Lox,0.010083298855992247,1720,scBERT
Ctsz,0.010083093959136286,1721,scBERT
Upk1b,0.010072767342363611,1722,scBERT
Smim1,0.010071599089557055,1723,scBERT
Hsph1,0.010063596975927505,1724,scBERT
Fam111a,0.010063363873626482,1725,scBERT
C1qc,0.010061478166895534,1726,scBERT
Tekt1,0.010057263332070054,1727,scBERT
Dio2,0.010037695392279389,1728,scBERT
Cdkn3,0.0100251149277694,1729,scBERT
Nexn,0.010013201599900608,1730,scBERT
Sap30,0.010010711282962381,1731,scBERT
Sox2,0.010009779151968918,1732,scBERT
Timd4,0.010008131891659132,1733,scBERT
Il18,0.010001210131407213,1734,scBERT
Jam3,0.010000141799605266,1735,scBERT
Stk39,0.009994830221805813,1736,scBERT
Hk2,0.009982511519336037,1737,scBERT
Tmem86a,0.00997485860894592,1738,scBERT
Clec1a,0.009974191193994737,1739,scBERT
9330159F19Rik,0.009972283483546635,1740,scBERT
Ttyh3,0.009971018130492258,1741,scBERT
Cyp2j6,0.009968416836265365,1742,scBERT
C5ar2,0.00996667548887526,1743,scBERT
Sema4a,0.009944820865369639,1744,scBERT
Entpd2,0.009932133911007848,1745,scBERT
Pdlim7,0.009925697306845645,1746,scBERT
Htr2c,0.00992021748134436,1747,scBERT
Trib3,0.00990736427306523,1748,scBERT
Tspan11,0.009905908339132654,1749,scBERT
Thbs3,0.00990372219247701,1750,scBERT
Tmem37,0.0098977010737251,1751,scBERT
Cab39l,0.009896906808915052,1752,scBERT
Car5a,0.009895448341924948,1753,scBERT
Bin1,0.009894993538545577,1754,scBERT
Mid1ip1,0.00989394851400133,1755,scBERT
Ptpro,0.00989383925836416,1756,scBERT
Celf2,0.009892513260247432,1757,scBERT
Bambi,0.009886495143206001,1758,scBERT
Aldh1l1,0.009884045911961865,1759,scBERT
Tmeff1,0.009878709549534183,1760,scBERT
C1s1,0.009874471721931536,1761,scBERT
Hrsp12,0.00987065455986044,1762,scBERT
Cers2,0.00986822396259314,1763,scBERT
Gucy1a3,0.00986816331592673,1764,scBERT
Colec11,0.009867944240648812,1765,scBERT
Pbk,0.009862183228506747,1766,scBERT
Akr1b8,0.009860830869479907,1767,scBERT
Ugt8a,0.009845324053386662,1768,scBERT
P2ry10,0.00984441576776385,1769,scBERT
Kcnab1,0.009835185966904324,1770,scBERT
Mob2,0.009824001148614293,1771,scBERT
Edil3,0.009823373317670088,1772,scBERT
Slc27a1,0.00982045623941119,1773,scBERT
Cpm,0.00981411727945565,1774,scBERT
Acta2,0.009808633809307028,1775,scBERT
Rgs7bp,0.009806273172650435,1776,scBERT
Mfap3l,0.009800023683172038,1777,scBERT
Tcf15,0.009798027503915773,1778,scBERT
Sdcbp2,0.009796261622403157,1779,scBERT
Bdh1,0.00979586051330989,1780,scBERT
Lpxn,0.009793094734957932,1781,scBERT
Cd37,0.009791749703945274,1782,scBERT
Prkcd,0.009791569996552993,1783,scBERT
Ly6h,0.009790425779536004,1784,scBERT
Tagln,0.009789466944213234,1785,scBERT
Bcas1,0.009787067151782623,1786,scBERT
Ly9,0.009783045788844001,1787,scBERT
Thyn1,0.0097805712251558,1788,scBERT
AI464131,0.009772677237278416,1789,scBERT
Gpr37l1,0.009766346455940085,1790,scBERT
Plekhf1,0.009761982615850137,1791,scBERT
Sall1,0.009756942454983928,1792,scBERT
Foxg1,0.00975608890909593,1793,scBERT
Pou3f3,0.009753043007118831,1794,scBERT
Gpm6b,0.00974374992354243,1795,scBERT
Cmtm7,0.009734195387042148,1796,scBERT
Enpp5,0.009729639952456999,1797,scBERT
Kcne2,0.009727571315321327,1798,scBERT
Cenpf,0.009726141567331937,1799,scBERT
Wnt6,0.009720395854645656,1800,scBERT
Ncan,0.009714735716360688,1801,scBERT
Bcat1,0.009702350422320653,1802,scBERT
Klk8,0.009698013729841665,1803,scBERT
Appl2,0.009692328851110658,1804,scBERT
P2ry13,0.009691102144305777,1805,scBERT
Nqo1,0.00968834770690934,1806,scBERT
Fam46a,0.009688346441808316,1807,scBERT
Rbp4,0.009687354600543137,1808,scBERT
Ednra,0.009686478412801819,1809,scBERT
Foxj1,0.009672567504061145,1810,scBERT
Lair1,0.009670818896241043,1811,scBERT
Cetn4,0.009670315202726432,1812,scBERT
Apoo,0.009670213291202127,1813,scBERT
Gm44257,0.009668095774984783,1814,scBERT
Frmpd1os,0.009667813887484151,1815,scBERT
Mcam,0.009663883695556066,1816,scBERT
Dtl,0.009650401451093077,1817,scBERT
Ppfibp2,0.00965017092212889,1818,scBERT
Rrad,0.009648998265792401,1819,scBERT
Slitrk2,0.009648737185008012,1820,scBERT
1500009C09Rik,0.009647567104122989,1821,scBERT
Pmm1,0.009644413209053742,1822,scBERT
Pygb,0.009638350842364356,1823,scBERT
Cox7a1,0.00963355703965302,1824,scBERT
Susd3,0.009633393279025293,1825,scBERT
Gldc,0.009631719224405361,1826,scBERT
Spock1,0.009630035029580791,1827,scBERT
Clic6,0.009627970203443668,1828,scBERT
Fbxl5,0.00962562587969625,1829,scBERT
Igsf1,0.009607022868638425,1830,scBERT
Ncf4,0.009603106710110961,1831,scBERT
Wdr86,0.009594928583854348,1832,scBERT
Vmp1,0.009588456442421227,1833,scBERT
Trim2,0.009576772642634906,1834,scBERT
Kcnn2,0.009575345269065965,1835,scBERT
Npy1r,0.009574056440605435,1836,scBERT
Cfl2,0.009569324149489697,1837,scBERT
Sfrp1,0.009557504436962447,1838,scBERT
Havcr2,0.0095486191954414,1839,scBERT
Hdac11,0.009546555031908635,1840,scBERT
Nme5,0.009546223430628649,1841,scBERT
Snx20,0.00954586090520621,1842,scBERT
Cdh2,0.009540646754741944,1843,scBERT
Polr3h,0.009539885412566415,1844,scBERT
Plekho1,0.00953760758037126,1845,scBERT
Prodh,0.009531086296880199,1846,scBERT
Fhad1,0.009527629574100737,1847,scBERT
Lat,0.009527041238036202,1848,scBERT
Lag3,0.009523728524065238,1849,scBERT
Map6d1,0.009521012558737873,1850,scBERT
Epb41,0.00951785999968916,1851,scBERT
Fcer1g,0.00951144610387201,1852,scBERT
Arxes2,0.009500339922839812,1853,scBERT
Plp1,0.009497127858818144,1854,scBERT
Arsg,0.009495839289346867,1855,scBERT
Asb4,0.009495589754065985,1856,scBERT
Aspn,0.009494429559028605,1857,scBERT
Cald1,0.009491298946502134,1858,scBERT
Rrm2b,0.009483501655234044,1859,scBERT
Cbr3,0.009480472628405769,1860,scBERT
Myl9,0.009476826682383813,1861,scBERT
Fam183b,0.009476154431791232,1862,scBERT
Mylk,0.009475851379310908,1863,scBERT
Gpr37,0.009474926354787977,1864,scBERT
Drc7,0.00947482893422225,1865,scBERT
Cog7,0.009473821820722098,1866,scBERT
Nrcam,0.009469308109037183,1867,scBERT
Nnmt,0.00946908073883572,1868,scBERT
Epdr1,0.009469069072119212,1869,scBERT
Calml4,0.009464913374475886,1870,scBERT
Pde3a,0.00946385920187413,1871,scBERT
4933434E20Rik,0.009457914300312143,1872,scBERT
Mt3,0.00944949645381244,1873,scBERT
2900052N01Rik,0.009444743545090874,1874,scBERT
Aldoc,0.009443394729914787,1875,scBERT
Bpgm,0.009438964263097083,1876,scBERT
Lgi3,0.009432058924070041,1877,scBERT
Cytl1,0.00943014190999354,1878,scBERT
Ninj2,0.009429995732198318,1879,scBERT
Irf5,0.00942521380925978,1880,scBERT
Gm13822,0.009424402434234203,1881,scBERT
Rab32,0.009416517779330552,1882,scBERT
Slco2a1,0.009409863083736997,1883,scBERT
Ttyh1,0.009408963473673398,1884,scBERT
Tmem173,0.009406563626206198,1885,scBERT
4930486L24Rik,0.009402732266480954,1886,scBERT
Hint2,0.009390194831360756,1887,scBERT
Ngef,0.00939013331905252,1888,scBERT
Ifit1bl1,0.009387636309640797,1889,scBERT
Smtn,0.009377950285753235,1890,scBERT
Acad8,0.009374121135390538,1891,scBERT
Hba-a2,0.009370712088839966,1892,scBERT
Kif1b,0.00936402391052141,1893,scBERT
Rhov,0.009343532279534843,1894,scBERT
Apbb1ip,0.009336419180403005,1895,scBERT
Serpinb10,0.00933532482079638,1896,scBERT
Slc4a5,0.009329177235920399,1897,scBERT
Tnfrsf18,0.009326629221123843,1898,scBERT
Itpk1,0.009326043053208279,1899,scBERT
Tusc5,0.009324233129834074,1900,scBERT
Lix1,0.009322460243410746,1901,scBERT
Cd33,0.009307679572653053,1902,scBERT
Adcyap1r1,0.009306010803684126,1903,scBERT
Vcl,0.009294488019769948,1904,scBERT
Adora1,0.009290803966983953,1905,scBERT
Arl3,0.009286121732225485,1906,scBERT
Tmod2,0.009276503847135194,1907,scBERT
Cbs,0.009275060611897347,1908,scBERT
Slc4a2,0.00927386327350134,1909,scBERT
Ctsk,0.009271206898045654,1910,scBERT
Arhgef26,0.009259482267918817,1911,scBERT
Hmgcs1,0.009257978439716305,1912,scBERT
Rasl11b,0.009250542970586572,1913,scBERT
P2rx4,0.009249350954295387,1914,scBERT
Wscd1,0.009241241056772272,1915,scBERT
Hexb,0.009239541802179455,1916,scBERT
Selp,0.009238262698343764,1917,scBERT
Hck,0.00922549786178751,1918,scBERT
Hcfc1r1,0.009221096081878644,1919,scBERT
Efhd1,0.009220344518038003,1920,scBERT
Btbd16,0.009220105316035457,1921,scBERT
Trem2,0.009216760167053929,1922,scBERT
Deb1,0.009214889606401409,1923,scBERT
Celf4,0.00921143042404711,1924,scBERT
Jph4,0.009210059909728528,1925,scBERT
Cldn11,0.009209318549979783,1926,scBERT
Ppil6,0.009205510660891909,1927,scBERT
Ltbp1,0.009197632908401079,1928,scBERT
Cenpe,0.009196916249455976,1929,scBERT
Tbx2,0.009195026813266026,1930,scBERT
Gpsm3,0.0091926654727841,1931,scBERT
Snhg18,0.009187524731414386,1932,scBERT
Olig2,0.009172763055985375,1933,scBERT
Nlrp3,0.00917258500137409,1934,scBERT
Tcea3,0.009171998820880814,1935,scBERT
E130114P18Rik,0.009171008511797814,1936,scBERT
Otud1,0.009163003371216201,1937,scBERT
Fam105a,0.009162779460035717,1938,scBERT
Marveld1,0.009145741403720544,1939,scBERT
Dusp26,0.009136343779196556,1940,scBERT
Slc9a9,0.00911963799643184,1941,scBERT
Camk2n1,0.009117974718914469,1942,scBERT
Pifo,0.00910171760701789,1943,scBERT
Filip1,0.009100184634313307,1944,scBERT
Amer2,0.00909768595372087,1945,scBERT
Ndp,0.00909668485079904,1946,scBERT
Ccl8,0.009091804801197093,1947,scBERT
Hhip,0.009087245524215574,1948,scBERT
Pcdh9,0.00908387238385119,1949,scBERT
Man2b1,0.009081290339364176,1950,scBERT
Cisd1,0.009080909263593609,1951,scBERT
Bphl,0.009078985579986354,1952,scBERT
Pdgfrl,0.009062660977872629,1953,scBERT
Angptl2,0.009061472094917892,1954,scBERT
1700007K13Rik,0.009057865163901675,1955,scBERT
Gm15440,0.00905505810490626,1956,scBERT
Mapt,0.009054378788758448,1957,scBERT
Slc39a4,0.009036085085106914,1958,scBERT
Cox20,0.009027699864937518,1959,scBERT
Tagap,0.009026790965182802,1960,scBERT
Rock1,0.009025411105872629,1961,scBERT
Dennd5b,0.009018691455386122,1962,scBERT
1700012B09Rik,0.009009594795605293,1963,scBERT
Nudt17,0.008984535731607918,1964,scBERT
Sirpa,0.008983194190843046,1965,scBERT
Gm10561,0.008978721678486913,1966,scBERT
0610011F06Rik,0.008977165273697624,1967,scBERT
Spi1,0.008970690085311515,1968,scBERT
Col5a2,0.008953215381728974,1969,scBERT
Cdca7,0.008945842423093235,1970,scBERT
Tnfrsf23,0.008940588670960668,1971,scBERT
Usp2,0.008940324488690957,1972,scBERT
Npas3,0.008937931282996268,1973,scBERT
Asprv1,0.008937031514046758,1974,scBERT
Kit,0.008935149978935445,1975,scBERT
Gap43,0.008931451185929256,1976,scBERT
Vldlr,0.008924552805869072,1977,scBERT
Tctex1d4,0.008921330431943151,1978,scBERT
Tmem107,0.008920958468061126,1979,scBERT
Cldn2,0.00891914243268763,1980,scBERT
Pthlh,0.008915331030557798,1981,scBERT
Apbb1,0.008910024998947604,1982,scBERT
Fam101a,0.008907344787492697,1983,scBERT
Flt3,0.008893120384347968,1984,scBERT
Acot7,0.008890416731475819,1985,scBERT
Snca,0.008882489928748077,1986,scBERT
Pebp1,0.008872068988954108,1987,scBERT
Cpox,0.008865209673347854,1988,scBERT
Hist2h4,0.00886192058312779,1989,scBERT
Prr18,0.008861144446652312,1990,scBERT
Igsf8,0.008860154349335935,1991,scBERT
Mzb1,0.008857942068559131,1992,scBERT
Zak,0.008855318814287583,1993,scBERT
Mnd1,0.008855213122761638,1994,scBERT
Tpm1,0.008841351203243631,1995,scBERT
Nkx6-2,0.008832470683103128,1996,scBERT
Xcl1,0.008830348997916414,1997,scBERT
Hacd1,0.008829242730534164,1998,scBERT
Serpinb1b,0.008826062432082941,1999,scBERT
Hey2,0.008819228571787071,2000,scBERT
Csf2rb,0.008818130254427358,2001,scBERT
Rhoh,0.008809514346324588,2002,scBERT
Tpm2,0.008807795310723255,2003,scBERT
Mras,0.008806953122810926,2004,scBERT
Mns1,0.008804340404944964,2005,scBERT
Kcnk13,0.008802991363194764,2006,scBERT
Ccdc113,0.008801366269380965,2007,scBERT
Gal3st4,0.008800755127650118,2008,scBERT
St6galnac5,0.00880051715024558,2009,scBERT
Cdhr4,0.008798542645249251,2010,scBERT
Crabp2,0.008782923171175737,2011,scBERT
Osr1,0.008780213734465836,2012,scBERT
Gpnmb,0.00878006498876337,2013,scBERT
Tppp,0.008775757665575363,2014,scBERT
Vsig2,0.008771808408451317,2015,scBERT
Slain1,0.00876955442567943,2016,scBERT
Msi1,0.008764616155726185,2017,scBERT
Ctnnd2,0.008749014744008667,2018,scBERT
Ubash3b,0.008747378351890312,2019,scBERT
Cd300e,0.00874212545567504,2020,scBERT
Tsc22d4,0.008731284727105855,2021,scBERT
Adora3,0.00871481294447866,2022,scBERT
Ncf2,0.008713975163673686,2023,scBERT
Qdpr,0.008713534138577608,2024,scBERT
Slc16a6,0.008707684280429064,2025,scBERT
Gabrg1,0.008705239122902605,2026,scBERT
Phldb1,0.008698633358846812,2027,scBERT
Dab1,0.008691671245933471,2028,scBERT
Slc26a7,0.008689532959409654,2029,scBERT
Mapk13,0.008686629982860152,2030,scBERT
Pola2,0.008686034278186908,2031,scBERT
Ccp110,0.008682341268170777,2032,scBERT
Asrgl1,0.00868157071816583,2033,scBERT
Zeb2os,0.00867352754307954,2034,scBERT
Hbb-bt,0.008667561289756865,2035,scBERT
Myrf,0.008663066014040736,2036,scBERT
Bnc2,0.008662366895790738,2037,scBERT
Kcne3,0.008656956787233813,2038,scBERT
Lpp,0.008648881635555794,2039,scBERT
Rbpms,0.008645915164238027,2040,scBERT
Tmem229a,0.008642057882758748,2041,scBERT
Elavl3,0.00864121513099664,2042,scBERT
Acsl3,0.008621312996295533,2043,scBERT
Cxcr6,0.008617561538990341,2044,scBERT
1700001C02Rik,0.008614151839895013,2045,scBERT
Rdh5,0.008611084863864882,2046,scBERT
Cebpa,0.008609996976215922,2047,scBERT
Odf3b,0.008605757225779212,2048,scBERT
Tnfaip6,0.008602465497843452,2049,scBERT
Plcl1,0.00859945877050483,2050,scBERT
1700026L06Rik,0.008587300511492089,2051,scBERT
Kcna1,0.008587248239358929,2052,scBERT
Gabra2,0.008584069768915074,2053,scBERT
Golm1,0.008582980116743579,2054,scBERT
Il10ra,0.008577371589682348,2055,scBERT
Smim22,0.008575816499337858,2056,scBERT
Mcee,0.008571755271565763,2057,scBERT
Fdft1,0.008569013586296836,2058,scBERT
P2ry6,0.008566126819676145,2059,scBERT
Penk,0.008563077895444466,2060,scBERT
Bex1,0.008556759747746124,2061,scBERT
Ccdc34,0.008552828613613455,2062,scBERT
Vpreb3,0.008550678847407154,2063,scBERT
Alx3,0.008549121435943871,2064,scBERT
Pcdh11x,0.00854646984375468,2065,scBERT
Arpc1a,0.008538987259403143,2066,scBERT
Abca2,0.008538807065249693,2067,scBERT
Ooep,0.008528850435196871,2068,scBERT
Ranbp3l,0.008525709164678605,2069,scBERT
Ak1,0.008525295755162853,2070,scBERT
F7,0.008525244171075967,2071,scBERT
Arhgef7,0.008523292422497303,2072,scBERT
Tmem88b,0.008513210042716648,2073,scBERT
Mtch1,0.00850623935669351,2074,scBERT
Fam132a,0.008505566765712768,2075,scBERT
Lgr4,0.008500305547428888,2076,scBERT
P2rx7,0.00849846362835533,2077,scBERT
Gdf10,0.008489386475030994,2078,scBERT
Sccpdh,0.00848298359532552,2079,scBERT
Cntnap2,0.008478105166548042,2080,scBERT
Tnfrsf17,0.008477706740335635,2081,scBERT
Sh3gl3,0.008460579800524958,2082,scBERT
Mpzl2,0.008459502857170368,2083,scBERT
Ppp1r12a,0.008447774362364454,2084,scBERT
Tpbg,0.00843271459752898,2085,scBERT
Kcna2,0.008430544798538497,2086,scBERT
Fcrla,0.00842423477108544,2087,scBERT
Hist1h4h,0.008416550058725035,2088,scBERT
A930007I19Rik,0.008403975775923564,2089,scBERT
Plekhh3,0.008400280924817882,2090,scBERT
Gpc5,0.008395500597183176,2091,scBERT
Tprn,0.008392819566721705,2092,scBERT
Cap2,0.0083909638916703,2093,scBERT
Kcnmb1,0.00838402037807663,2094,scBERT
Arhgap30,0.008381017413374431,2095,scBERT
Foxs1,0.008376762649944506,2096,scBERT
1700016K19Rik,0.008376370237592747,2097,scBERT
P3h3,0.008369925322153823,2098,scBERT
Rpap3,0.008367559987469828,2099,scBERT
Lipg,0.008362120602761985,2100,scBERT
Rnf13,0.008354735581343262,2101,scBERT
Cfap52,0.008354717278980007,2102,scBERT
Crot,0.008353951148687344,2103,scBERT
Rab3il1,0.008332111599369264,2104,scBERT
Aox3,0.008330935839747618,2105,scBERT
Sirt2,0.008323039256674021,2106,scBERT
Lrrc51,0.008318418833674786,2107,scBERT
Cnp,0.008318177958056488,2108,scBERT
Cyth4,0.008311620101842035,2109,scBERT
Nt5e,0.00831011606673031,2110,scBERT
Gm867,0.00830748264741944,2111,scBERT
Asgr1,0.008305745050766155,2112,scBERT
Filip1l,0.008300517404117356,2113,scBERT
Mag,0.008299326911760945,2114,scBERT
Otx2,0.008299061309841618,2115,scBERT
Fam49b,0.008295265860031285,2116,scBERT
1110004E09Rik,0.008286491925560354,2117,scBERT
Tmem237,0.008284929678502613,2118,scBERT
Cdk15,0.008279893784161994,2119,scBERT
Fgd2,0.008279261774306153,2120,scBERT
Coq7,0.00827591349458877,2121,scBERT
Mir143hg,0.008271362446477823,2122,scBERT
Ckap2l,0.008263828737680485,2123,scBERT
Rtkn,0.008256900569707964,2124,scBERT
Ephb1,0.008255495506495375,2125,scBERT
Olfr78,0.008248309356972317,2126,scBERT
Metrn,0.008229855066897778,2127,scBERT
Grhpr,0.008228400035805668,2128,scBERT
Cryba4,0.00821551474558202,2129,scBERT
Cd3e,0.008214757459343889,2130,scBERT
Dock10,0.00820261204533338,2131,scBERT
Limd1,0.008197890145451072,2132,scBERT
Pou3f2,0.008192700347306825,2133,scBERT
Kctd13,0.008189331340447312,2134,scBERT
Ankub1,0.00818839383335633,2135,scBERT
Tyro3,0.008185674156394209,2136,scBERT
Pla2g3,0.008184932620156564,2137,scBERT
Elovl6,0.00818459114062173,2138,scBERT
Lgi4,0.00818292945115576,2139,scBERT
Inhbb,0.008181852572470935,2140,scBERT
Arrb2,0.008174593862846878,2141,scBERT
Rnf152,0.008172660152571724,2142,scBERT
Gimap7,0.008172005123488521,2143,scBERT
Capsl,0.008171914655830548,2144,scBERT
2700038G22Rik,0.008159453725061112,2145,scBERT
Hbb-y,0.008155128646170651,2146,scBERT
Tbx1,0.008153147442143075,2147,scBERT
Ptpn6,0.008149914381379356,2148,scBERT
Fn3k,0.008149765433904011,2149,scBERT
Inpp5d,0.008146493958087203,2150,scBERT
Gjc2,0.008144850389075977,2151,scBERT
Gja5,0.008144342952664191,2152,scBERT
Rgma,0.008140569521630583,2153,scBERT
Ephx2,0.008132481638397176,2154,scBERT
Gpr183,0.008131356545187592,2155,scBERT
Pcbp3,0.008129762719656765,2156,scBERT
Vill,0.00812012351228372,2157,scBERT
Fstl3,0.00811478877350123,2158,scBERT
Olig1,0.008111767917630904,2159,scBERT
Shcbp1,0.008110533991439777,2160,scBERT
Pde5a,0.008108613028874853,2161,scBERT
Fuom,0.008092792041793148,2162,scBERT
Adamtsl3,0.008092588907335002,2163,scBERT
Sfxn1,0.008083993819657739,2164,scBERT
Gjb1,0.008083418933664878,2165,scBERT
Fgfr2,0.008083242443852822,2166,scBERT
Cspg4,0.008080579989063969,2167,scBERT
Nts,0.008073085904964656,2168,scBERT
Ascc1,0.008069513281976835,2169,scBERT
Nuf2,0.008063253143909327,2170,scBERT
Tanc2,0.008059479486576907,2171,scBERT
D630033O11Rik,0.008058589508046957,2172,scBERT
Cd53,0.008055360668703049,2173,scBERT
Raet1d,0.008050746556510491,2174,scBERT
Sh2d2a,0.008048928478248497,2175,scBERT
Skint3,0.008042599293732184,2176,scBERT
Abi3bp,0.008028395557988078,2177,scBERT
Cox8b,0.008018255074046255,2178,scBERT
Mobp,0.008017348585949899,2179,scBERT
Desi1,0.008009706677803104,2180,scBERT
Clybl,0.008005591844773435,2181,scBERT
Meig1,0.007990296496774147,2182,scBERT
Csf1r,0.00797925003937651,2183,scBERT
Tnxb,0.00797446196843211,2184,scBERT
Pag1,0.007965758492001743,2185,scBERT
Tnfaip8l2,0.007965040241270968,2186,scBERT
Cxcr3,0.007964011827990405,2187,scBERT
Fnbp1,0.007963415188659303,2188,scBERT
Klrc1,0.007955235325634634,2189,scBERT
Tmem163,0.007949140421111995,2190,scBERT
Ntn4,0.007938260648068974,2191,scBERT
Ift43,0.007936462193206734,2192,scBERT
Abca8a,0.00793529040152916,2193,scBERT
Six1,0.007934512042565137,2194,scBERT
Dcaf17,0.007933970470198382,2195,scBERT
Prkcz,0.007932373636105121,2196,scBERT
Trp53bp2,0.007929505660312605,2197,scBERT
Morn5,0.007911532568662864,2198,scBERT
Tmem158,0.007899602805204527,2199,scBERT
Lrba,0.007873677048638427,2200,scBERT
Fbxo36,0.007873466358014657,2201,scBERT
Ctxn1,0.007871272779712193,2202,scBERT
Gm10714,0.007861850599560252,2203,scBERT
Hcls1,0.007860257328599976,2204,scBERT
Morn2,0.00785680185282104,2205,scBERT
Gm17501,0.007853237836482826,2206,scBERT
Nrtn,0.007845574676679061,2207,scBERT
1700088E04Rik,0.007839795283999544,2208,scBERT
Smim4,0.0078335162229604,2209,scBERT
Mrgpra2a,0.007813871290007159,2210,scBERT
Slmap,0.007811820343506382,2211,scBERT
Pak7,0.0078103973068649885,2212,scBERT
Fam81a,0.0078037302004108555,2213,scBERT
Pih1d2,0.0078018310013733124,2214,scBERT
Srcin1,0.0077961844293559495,2215,scBERT
Smpd3,0.007786489801362963,2216,scBERT
Pip5k1b,0.007785226517991191,2217,scBERT
Magi2,0.007781598135194033,2218,scBERT
Nrxn3,0.007771072154560967,2219,scBERT
Abhd17b,0.007764071055387807,2220,scBERT
Csdc2,0.00775472537577462,2221,scBERT
Slmo1,0.007749776235283525,2222,scBERT
Kazn,0.0077489435060003,2223,scBERT
Hist3h2ba,0.007747020414513066,2224,scBERT
P2rx1,0.007738284671525154,2225,scBERT
Rasl12,0.007736615717393528,2226,scBERT
P3h4,0.0077348967344845415,2227,scBERT
Mbp,0.007728172131391119,2228,scBERT
1700007G11Rik,0.007718821172639842,2229,scBERT
Tifab,0.007716358715455365,2230,scBERT
Ociad2,0.007712886276792905,2231,scBERT
Cxadr,0.007712161294003777,2232,scBERT
Spa17,0.007708295709069191,2233,scBERT
Nodal,0.007693990857352293,2234,scBERT
Tmem52,0.007691512798714543,2235,scBERT
Acox3,0.007678844878051166,2236,scBERT
Zc2hc1a,0.007668981163447002,2237,scBERT
Rilp,0.007661659384559579,2238,scBERT
Arhgap6,0.007654260782664393,2239,scBERT
Ctss,0.007652942146750335,2240,scBERT
Hpse,0.007649040012838576,2241,scBERT
Slc4a3,0.007641687232052308,2242,scBERT
Gm15417,0.007637270542928481,2243,scBERT
Dpcd,0.007632036163901688,2244,scBERT
Srpx2,0.007626119384248569,2245,scBERT
Smoc2,0.007622452883139019,2246,scBERT
Klf5,0.007614505679229492,2247,scBERT
Snai1,0.0076138790630408916,2248,scBERT
Shisa2,0.007609641757035073,2249,scBERT
Tbc1d9,0.007607486064530423,2250,scBERT
Enkur,0.007602916712178456,2251,scBERT
Rax,0.007596010697619302,2252,scBERT
Spag6l,0.007595274465328004,2253,scBERT
Ccdc190,0.007594641016281993,2254,scBERT
Acsl6,0.007591747317039988,2255,scBERT
Ppp1r3c,0.007587771691736045,2256,scBERT
Sh2d1a,0.007550291278269846,2257,scBERT
Scamp2,0.007532409233138861,2258,scBERT
Tiam2,0.0075227056393866905,2259,scBERT
Crygn,0.007519767543876472,2260,scBERT
Dnah12,0.007518536211869478,2261,scBERT
Fads2,0.007516773787301076,2262,scBERT
Nxnl2,0.007510816532387906,2263,scBERT
Paqr8,0.007506688435336155,2264,scBERT
Cd28,0.00750595023129203,2265,scBERT
Sall3,0.0075052095572198056,2266,scBERT
Gm5,0.007504256373255652,2267,scBERT
Tmem151a,0.007499494983810874,2268,scBERT
Gna15,0.007496161884803053,2269,scBERT
Sntn,0.007491553083744674,2270,scBERT
Gm26870,0.007488206881362211,2271,scBERT
Slc44a1,0.007487013210622958,2272,scBERT
Tlr7,0.0074778578372609,2273,scBERT
Unc93b1,0.007476554229011002,2274,scBERT
Ubxn11,0.0074755127378758925,2275,scBERT
Fam184a,0.0074683607996241675,2276,scBERT
Sv2a,0.007436569907576521,2277,scBERT
Ptprn,0.00743400246122504,2278,scBERT
Aoc3,0.007429664956071398,2279,scBERT
Cyp4f14,0.007421857905401387,2280,scBERT
Cyp26b1,0.007406234143886187,2281,scBERT
Pou3f1,0.00740305742443829,2282,scBERT
Lrrc48,0.0073998230859845665,2283,scBERT
Cmss1,0.00739238723496923,2284,scBERT
Apba2,0.007386065801504789,2285,scBERT
Tcap,0.007386027131450574,2286,scBERT
Cyp4b1,0.007385381605064854,2287,scBERT
Atp9a,0.007378965860913514,2288,scBERT
Phldb2,0.007365963639264675,2289,scBERT
Prps2,0.007363445225572869,2290,scBERT
Laptm5,0.007339844535732828,2291,scBERT
Cadm2,0.007336778139607945,2292,scBERT
Chpt1,0.00730769286018975,2293,scBERT
Rapsn,0.007300664843486624,2294,scBERT
Ctc1,0.007299492054505676,2295,scBERT
Ins2,0.007298398277967136,2296,scBERT
Dusp14,0.007295143857187054,2297,scBERT
Nmral1,0.007268353049425713,2298,scBERT
Pak1,0.007266304464771515,2299,scBERT
Ap2a1,0.007265957138820792,2300,scBERT
Hpgds,0.007263611715097752,2301,scBERT
Arl4c,0.007253869298570497,2302,scBERT
Cfap54,0.007250913243703094,2303,scBERT
Dusp15,0.007250504431240425,2304,scBERT
Il21r,0.007242347575908054,2305,scBERT
RP23-81F19.2,0.007228010757737042,2306,scBERT
Prrx2,0.00722231826109805,2307,scBERT
Afp,0.00722023623687162,2308,scBERT
Pcdh10,0.007212626008274507,2309,scBERT
Fbxo44,0.007207714694300991,2310,scBERT
Emid1,0.007195797947114889,2311,scBERT
Tgfb1i1,0.00718840335589271,2312,scBERT
Spib,0.007184267466858577,2313,scBERT
Tbxas1,0.0071680577422812,2314,scBERT
Ppp2r2b,0.007164330723104206,2315,scBERT
Igfbpl1,0.007133776410124919,2316,scBERT
Gng8,0.007133480750184153,2317,scBERT
Lpar3,0.0071312048824456135,2318,scBERT
Plk1,0.007127168894970353,2319,scBERT
Irf8,0.007119638717184659,2320,scBERT
Myom1,0.007114648494722844,2321,scBERT
Adhfe1,0.0071092746712261064,2322,scBERT
Ccpg1os,0.007108817384318018,2323,scBERT
Rnf182,0.00710126200107558,2324,scBERT
Slc2a4,0.007096217091071867,2325,scBERT
Nkx6-1,0.007088627599885695,2326,scBERT
Plekhb1,0.007086110772695332,2327,scBERT
Faim2,0.007083711539352593,2328,scBERT
Adh5,0.007083014554603207,2329,scBERT
Ppp2r2c,0.0070827298986712054,2330,scBERT
Dydc2,0.007081439813774889,2331,scBERT
RP23-4H17.3,0.007076554484658018,2332,scBERT
Prg4,0.007076132612877389,2333,scBERT
Ctxn3,0.007069137601038512,2334,scBERT
Tnfrsf13c,0.0070607385793993276,2335,scBERT
4833445I07Rik,0.007051702606692109,2336,scBERT
Tfpi2,0.007032550747997113,2337,scBERT
Pla2g15,0.007026286398121655,2338,scBERT
Krt8,0.007019310306174784,2339,scBERT
Tmem38a,0.007010721935147583,2340,scBERT
Ifng,0.007003821037887047,2341,scBERT
Six3,0.006989457227861735,2342,scBERT
Fezf2,0.006969349544292398,2343,scBERT
Hspa4l,0.006965273239277456,2344,scBERT
Ppargc1a,0.00696096757327195,2345,scBERT
Clic3,0.006957692219887202,2346,scBERT
Gpt,0.00693755055750646,2347,scBERT
Elovl2,0.006931531093892346,2348,scBERT
Gpr18,0.0069236163744398884,2349,scBERT
Poc1a,0.0069204901108354845,2350,scBERT
Plcd4,0.006918013031096215,2351,scBERT
Hmmr,0.006906257962205008,2352,scBERT
Nipa1,0.006901437469671636,2353,scBERT
Klhl2,0.006897556112058794,2354,scBERT
Casp1,0.006885739777342438,2355,scBERT
Gm29666,0.006883098370625286,2356,scBERT
Crtac1,0.006868627569369093,2357,scBERT
Tmem27,0.0068650451081242935,2358,scBERT
Cfap161,0.006856053483152089,2359,scBERT
Mfap5,0.006835455749289918,2360,scBERT
Mylip,0.0068307244422646145,2361,scBERT
Ypel2,0.006829687732618609,2362,scBERT
Fam20a,0.006828742920914325,2363,scBERT
Sult5a1,0.006822567427706023,2364,scBERT
Fam64a,0.006812181602012257,2365,scBERT
Tmem72,0.006807791624450755,2366,scBERT
Mapk4,0.00680147120275374,2367,scBERT
Alx1,0.006783620366157067,2368,scBERT
Strip2,0.006775982053988077,2369,scBERT
Agl,0.006769509195587325,2370,scBERT
Fzd9,0.006758055089371641,2371,scBERT
Arhgef40,0.006753266570615784,2372,scBERT
Pomc,0.006751718450538113,2373,scBERT
Adam19,0.006741342221622026,2374,scBERT
F630028O10Rik,0.006735313646824905,2375,scBERT
Cth,0.0067324776426325676,2376,scBERT
Slc46a1,0.006721031770981696,2377,scBERT
4833407H14Rik,0.0067158630967565835,2378,scBERT
Cd8b1,0.006711095152393163,2379,scBERT
Gjc3,0.006709065552788802,2380,scBERT
Slc29a4,0.006689220133490283,2381,scBERT
B9d1,0.00668899423415212,2382,scBERT
Cd19,0.006687705529093519,2383,scBERT
Ikzf1,0.00668222936878096,2384,scBERT
Lrrn1,0.006675252393473368,2385,scBERT
Cmklr1,0.006666384614764327,2386,scBERT
Ptgdr,0.006664522060674578,2387,scBERT
Tsku,0.006653907177534089,2388,scBERT
Daglb,0.006641218610523206,2389,scBERT
Tubb4a,0.006635582720758182,2390,scBERT
Il2ra,0.00662997187029674,2391,scBERT
Nim1k,0.0066270704525314,2392,scBERT
Gm20406,0.006622717381320261,2393,scBERT
Cd209g,0.00661962752734643,2394,scBERT
3300002A11Rik,0.006617941808916746,2395,scBERT
Cfap100,0.006605781771635197,2396,scBERT
Cep162,0.0066003717969377665,2397,scBERT
Vav1,0.006594905010071587,2398,scBERT
Ccdc184,0.006586277331029559,2399,scBERT
1700001L19Rik,0.006579918276809627,2400,scBERT
Pcbp4,0.006576278503303462,2401,scBERT
Ccdc167,0.006575696991001257,2402,scBERT
Dcaf12l1,0.0065756676313820026,2403,scBERT
Medag,0.006573572893219647,2404,scBERT
Stat4,0.006571200694961054,2405,scBERT
1700024G13Rik,0.006567324049307805,2406,scBERT
Iqca,0.006562069912849711,2407,scBERT
Epn3,0.006553347206285924,2408,scBERT
Tulp3,0.0065530277207506505,2409,scBERT
Dnajb2,0.00654422545147515,2410,scBERT
Spata24,0.006543781456031362,2411,scBERT
Btla,0.006537073161860383,2412,scBERT
Mapk8ip1,0.006525736231631903,2413,scBERT
Prox1,0.006521886696747047,2414,scBERT
Gm12326,0.0065185687795230735,2415,scBERT
A530064D06Rik,0.006490440842112977,2416,scBERT
Cfap206,0.006486669662979715,2417,scBERT
Epb41l3,0.006483118293150626,2418,scBERT
Map1a,0.006475773317035486,2419,scBERT
Prima1,0.006475205810560616,2420,scBERT
Lrrc10b,0.006456865041566988,2421,scBERT
Bhmt,0.006439527725641287,2422,scBERT
Stmn4,0.006438681509822565,2423,scBERT
Exoc3l2,0.006429141458594396,2424,scBERT
Bricd5,0.006422712462170288,2425,scBERT
AI854517,0.006416597788974391,2426,scBERT
Clca3a1,0.006411471864540228,2427,scBERT
Ermn,0.006409457833724276,2428,scBERT
Wisp1,0.006395447282636178,2429,scBERT
2410004P03Rik,0.006384158371253933,2430,scBERT
Gm13470,0.006353784806439422,2431,scBERT
Wfikkn2,0.006337827770147263,2432,scBERT
Fermt3,0.006334019351359463,2433,scBERT
Scd3,0.006316759054945204,2434,scBERT
Spef2,0.006301813315759128,2435,scBERT
Crb3,0.006291510188603652,2436,scBERT
Gm26772,0.0062879948388134075,2437,scBERT
Cdc37l1,0.0062845123367829435,2438,scBERT
Npr3,0.006273778012997358,2439,scBERT
Lilra6,0.006271163303664727,2440,scBERT
Plpp4,0.006270085668881872,2441,scBERT
1700040L02Rik,0.006264230582212568,2442,scBERT
Ak7,0.006258387966052959,2443,scBERT
Ppp2r3a,0.00625040793594088,2444,scBERT
Vit,0.0062489557701232296,2445,scBERT
Elmod1,0.006242436123435677,2446,scBERT
Kcnk3,0.006239501732754615,2447,scBERT
Slc35g1,0.00623152746405094,2448,scBERT
Shisa4,0.0062239037921327355,2449,scBERT
0610040J01Rik,0.006214766993735617,2450,scBERT
Dnah14,0.006208869177287326,2451,scBERT
Lrrc23,0.0061859993537149195,2452,scBERT
Rasal1,0.006171267286587688,2453,scBERT
Mir155hg,0.006169068195973339,2454,scBERT
Dnali1,0.006168077746762472,2455,scBERT
Esco2,0.006146898354609208,2456,scBERT
Hpca,0.006140027349855485,2457,scBERT
Gfod2,0.006134839781331403,2458,scBERT
Gnmt,0.006134148480272948,2459,scBERT
Alas2,0.006119580371349859,2460,scBERT
Cdca2,0.006113930093175905,2461,scBERT
Gabbr1,0.00610813484812621,2462,scBERT
Nat8,0.006102618072418246,2463,scBERT
Zfhx4,0.006090207670218636,2464,scBERT
Asb11,0.006082184674242048,2465,scBERT
4833427G06Rik,0.006070973315139849,2466,scBERT
Chchd6,0.006070174227264799,2467,scBERT
Larp6,0.006069035579054043,2468,scBERT
Rsph4a,0.006048039075086037,2469,scBERT
Egln3,0.0060384645237603176,2470,scBERT
Tspan8,0.006034350911023154,2471,scBERT
Dscaml1,0.006020610409013551,2472,scBERT
Gucy2g,0.006014313096161077,2473,scBERT
Smco3,0.005998445163946526,2474,scBERT
Hepacam,0.005994201167834664,2475,scBERT
Neil3,0.005983517484795601,2476,scBERT
Pak3,0.005982209596185364,2477,scBERT
Cml3,0.005968406516258058,2478,scBERT
Arc,0.005965048164209804,2479,scBERT
Siglec1,0.005957055444558567,2480,scBERT
Ccdc146,0.0059564998882544245,2481,scBERT
Cd8a,0.005921960115748385,2482,scBERT
Rsph10b,0.00591901200521207,2483,scBERT
Kndc1,0.005916543389064485,2484,scBERT
Cd109,0.00590434917558748,2485,scBERT
Svip,0.00588080212994058,2486,scBERT
Klri2,0.005835919170967939,2487,scBERT
Il13ra2,0.005832920755176774,2488,scBERT
Thbs4,0.0058315604522180585,2489,scBERT
Ikzf3,0.005830873318855027,2490,scBERT
Bex6,0.005823946430173196,2491,scBERT
Ppp1r32,0.005822105496722272,2492,scBERT
Pde3b,0.005817316772467014,2493,scBERT
Prok2,0.005815741231688043,2494,scBERT
Trpc4,0.005802976763447211,2495,scBERT
Lama1,0.005796795402651978,2496,scBERT
Serpina3f,0.005795599592553246,2497,scBERT
Map7,0.005778599360292166,2498,scBERT
Gm973,0.005774395810457719,2499,scBERT
Plk4,0.005770487294310168,2500,scBERT
Dlx2,0.005770198599699775,2501,scBERT
Clspn,0.00576494474463398,2502,scBERT
Scnn1a,0.005741990974022641,2503,scBERT
Ado,0.0057362351846266665,2504,scBERT
Klrb1a,0.005731653650127606,2505,scBERT
Zfp536,0.005731645526352538,2506,scBERT
Fam166b,0.005726680368698355,2507,scBERT
Rab33a,0.005711761641300915,2508,scBERT
Dner,0.005698490024737015,2509,scBERT
Hepacam2,0.005677166767356557,2510,scBERT
Josd2,0.005670842927425001,2511,scBERT
Tmem40,0.005668952479715427,2512,scBERT
A230009B12Rik,0.005661527741815135,2513,scBERT
Nlrc3,0.005655818064804673,2514,scBERT
C730034F03Rik,0.0056491189149976365,2515,scBERT
Mog,0.005639710087170008,2516,scBERT
Cfap45,0.005628116848124403,2517,scBERT
Kcnk5,0.0056144038572368705,2518,scBERT
Plau,0.005613532354858621,2519,scBERT
Adrb1,0.005605162954496042,2520,scBERT
Slc14a2,0.005593847047894673,2521,scBERT
Cldn3,0.005591732047660474,2522,scBERT
9830107B12Rik,0.005590262482369747,2523,scBERT
Rpl3l,0.005575411410204673,2524,scBERT
Gm10138,0.005570664470889364,2525,scBERT
Fhit,0.005558034329501327,2526,scBERT
Ces2e,0.0055559989226919414,2527,scBERT
Frmd8,0.005554264547174876,2528,scBERT
1700028P14Rik,0.005548481924020193,2529,scBERT
Got1l1,0.005546730700709174,2530,scBERT
Ccdc33,0.005542041510152507,2531,scBERT
Cntn2,0.0055312449904392075,2532,scBERT
Gfpt2,0.005530216747606946,2533,scBERT
Wisp2,0.005518036219911615,2534,scBERT
Ccdc108,0.00551342560223505,2535,scBERT
Wnt3,0.0055040653728002644,2536,scBERT
Fa2h,0.005501519469214152,2537,scBERT
Zfp365,0.005498602118919004,2538,scBERT
Nrg1,0.0054854816902975305,2539,scBERT
Polr3e,0.005480465262617298,2540,scBERT
Cdhr3,0.005475707181625665,2541,scBERT
Ppm1k,0.005468438911991721,2542,scBERT
Smtnl2,0.005456290241645675,2543,scBERT
Ppp1r36,0.005427729254134321,2544,scBERT
Efcab1,0.0054218959466087405,2545,scBERT
Prss56,0.005414695490845136,2546,scBERT
Ciita,0.0054116063248774715,2547,scBERT
Prox1os,0.005407357198216391,2548,scBERT
Plppr3,0.005401996174395385,2549,scBERT
Fam174b,0.005401841792217442,2550,scBERT
Vwa3a,0.005399898268373857,2551,scBERT
Col11a1,0.005399844026108776,2552,scBERT
Fasl,0.005399547613902803,2553,scBERT
Col25a1,0.005397911526866855,2554,scBERT
Efnb3,0.0053918622801582255,2555,scBERT
Cacnb4,0.005388941652932229,2556,scBERT
Fam19a1,0.0053641125652156875,2557,scBERT
Gata6,0.0053333659827047115,2558,scBERT
Msc,0.005318854794295597,2559,scBERT
Eya2,0.005318394669681589,2560,scBERT
Cd247,0.005311930568208748,2561,scBERT
Nell2,0.005296742160464339,2562,scBERT
Col26a1,0.005268207940723219,2563,scBERT
Taf6,0.005240994031091491,2564,scBERT
Rfx4,0.005224603151099444,2565,scBERT
Pgam2,0.0052137277870427075,2566,scBERT
Gabrr2,0.005208820643051404,2567,scBERT
Clec11a,0.0051987206622445235,2568,scBERT
Bdnf,0.005191272353537894,2569,scBERT
Lrrc46,0.0051754243249942005,2570,scBERT
Cpxm2,0.005162478443241032,2571,scBERT
Gzmk,0.005157560353674166,2572,scBERT
Unc13d,0.005157363995669378,2573,scBERT
Ak8,0.005151076029995062,2574,scBERT
Dlx1,0.005148106124160036,2575,scBERT
Pls1,0.005142612132299003,2576,scBERT
Cmah,0.005140084731941075,2577,scBERT
Col9a2,0.005134242444581039,2578,scBERT
Wfdc18,0.005112640187141763,2579,scBERT
Sult1c2,0.005111993128580873,2580,scBERT
Gm17634,0.005110682729595906,2581,scBERT
Gzmm,0.005109255387634024,2582,scBERT
Dlx6os1,0.005102969567039107,2583,scBERT
Ffar2,0.005096612795006715,2584,scBERT
Dkk2,0.005089811086797347,2585,scBERT
Cd209c,0.005081050023266958,2586,scBERT
Mapk15,0.005080248634256343,2587,scBERT
Fam83d,0.00507161305931688,2588,scBERT
Tc2n,0.005059949148362624,2589,scBERT
B230312C02Rik,0.005031105218588085,2590,scBERT
Saa1,0.005021741885900231,2591,scBERT
Arhgef25,0.005012942615186037,2592,scBERT
Chek2,0.005011915716997857,2593,scBERT
Tmem125,0.004990828371184489,2594,scBERT
Bbox1,0.00497565024917117,2595,scBERT
Fanci,0.0049342220848351635,2596,scBERT
Spag17,0.0049326243030930654,2597,scBERT
Nrn1,0.004921006894818744,2598,scBERT
Gpr62,0.004916548066844257,2599,scBERT
Saxo2,0.0049026950647001605,2600,scBERT
Hist1h1b,0.004901818686356193,2601,scBERT
Plekhh1,0.004901013369379944,2602,scBERT
Cep55,0.004895110246423731,2603,scBERT
Cfap77,0.004887595150631557,2604,scBERT
Kcnb2,0.004885984400262378,2605,scBERT
Cyp2j12,0.00487925487884562,2606,scBERT
Pcgf2,0.004858548798069023,2607,scBERT
Sp9,0.004831364319533279,2608,scBERT
Hotairm1,0.004814230135437178,2609,scBERT
Lrrc74b,0.004805045733743012,2610,scBERT
Bcl11b,0.004804623053784803,2611,scBERT
P4ha3,0.004760766876372486,2612,scBERT
Spata33,0.004758343152178477,2613,scBERT
Plet1,0.004723136095247043,2614,scBERT
Wdr66,0.004713439057431915,2615,scBERT
Ercc5,0.004682393467825156,2616,scBERT
Terf2ip,0.0046786574753033385,2617,scBERT
Dnah9,0.004633371615144967,2618,scBERT
Lamb3,0.004629873730147146,2619,scBERT
Syt4,0.004617393233419652,2620,scBERT
6820408C15Rik,0.004616112839769176,2621,scBERT
D630024D03Rik,0.004601436156557477,2622,scBERT
Cldn14,0.004593278323508577,2623,scBERT
Gm26525,0.004592719335820046,2624,scBERT
Slc24a2,0.004582714101493597,2625,scBERT
Gal3st1,0.004580101687819499,2626,scBERT
Mxd3,0.004571596670909875,2627,scBERT
Runx2,0.004554962331966134,2628,scBERT
Tekt4,0.004546360347156837,2629,scBERT
Paip2b,0.004545012269407031,2630,scBERT
Klrb1f,0.0045293229211907145,2631,scBERT
Blk,0.004515105852285054,2632,scBERT
Gm17619,0.0045113995771680696,2633,scBERT
Samd3,0.004505765625910245,2634,scBERT
Bub1,0.004504134724705303,2635,scBERT
Wdr78,0.0045010380106359675,2636,scBERT
Zmynd10,0.004476348447095433,2637,scBERT
Olr1,0.0044689113074106316,2638,scBERT
BC094916,0.004424330700037341,2639,scBERT
Cd209d,0.004414009311399214,2640,scBERT
Saa2,0.004398063716968034,2641,scBERT
Ska1,0.0043895608470148045,2642,scBERT
Gm11681,0.0043772379388935575,2643,scBERT
Chac1,0.004373863574338846,2644,scBERT
A330069E16Rik,0.00437314952652001,2645,scBERT
Melk,0.004372634844591898,2646,scBERT
Gm5547,0.004368378427265992,2647,scBERT
Sept3,0.004367729562888735,2648,scBERT
AI593442,0.00435993360007684,2649,scBERT
Stoml3,0.004350148215241813,2650,scBERT
Calb2,0.004347888855928832,2651,scBERT
Fxyd2,0.0043207807919162676,2652,scBERT
Ccdc121,0.004319494658293325,2653,scBERT
Gm14051,0.004311817810051376,2654,scBERT
Cd160,0.0043100502179631035,2655,scBERT
Tacstd2,0.004296432292062391,2656,scBERT
Prr29,0.004281880926887462,2657,scBERT
Dlx5,0.004279014026708281,2658,scBERT
Rprm,0.0042542779097065175,2659,scBERT
Hydin,0.004249851876278294,2660,scBERT
Sag,0.00424845109802138,2661,scBERT
FRMPD2,0.004245733381956736,2662,scBERT
Cfap69,0.004243886848877246,2663,scBERT
Dnah5,0.004240406220555393,2664,scBERT
Tmem80,0.004239632544835003,2665,scBERT
Casq1,0.004231698268430379,2666,scBERT
Pparg,0.004227164866346094,2667,scBERT
Aldh1a3,0.004219442619752943,2668,scBERT
Gm16006,0.004212142490743867,2669,scBERT
Pdcd1,0.004207417300782683,2670,scBERT
Thap1,0.004202412526147701,2671,scBERT
Pbld2,0.004200738834190337,2672,scBERT
Lrrn4cl,0.004199399238365911,2673,scBERT
Nfe2l3,0.004171219928775459,2674,scBERT
Apof,0.004166610554178961,2675,scBERT
Gm19585,0.0041589108466150776,2676,scBERT
Crmp1,0.004105071728510484,2677,scBERT
Maats1,0.004101845972451539,2678,scBERT
Daw1,0.004079461872310029,2679,scBERT
Als2,0.004077859785852542,2680,scBERT
4933407L21Rik,0.003966200438211705,2681,scBERT
Gm29508,0.003956656351716914,2682,scBERT
D7Ertd443e,0.003953521896831126,2683,scBERT
Adamts20,0.003953090651306225,2684,scBERT
Dlk1,0.00394362682523994,2685,scBERT
St18,0.003924602810361661,2686,scBERT
Vnn1,0.003915788027075271,2687,scBERT
Hspb7,0.003914554355807993,2688,scBERT
Lrrc36,0.003910988543799764,2689,scBERT
Defb9,0.003909253068792761,2690,scBERT
Pla2g2d,0.003883155954466715,2691,scBERT
Tmem171,0.003882342751219899,2692,scBERT
Morn3,0.003877136384868337,2693,scBERT
Acot5,0.003868345890712334,2694,scBERT
Nog,0.0038491528194945284,2695,scBERT
Drc1,0.0038422178301549714,2696,scBERT
Cited1,0.0038215304070302034,2697,scBERT
Opcml,0.0038211610281263272,2698,scBERT
Bmper,0.0038189929571931336,2699,scBERT
Cd226,0.003782209781196113,2700,scBERT
Gm42722,0.003770846095174741,2701,scBERT
Gm20383,0.0037627100684247167,2702,scBERT
Sp8,0.003760902743273672,2703,scBERT
Cilp2,0.0037454910158515723,2704,scBERT
Gpr165,0.0037436247792360443,2705,scBERT
3830403N18Rik,0.003743412685431738,2706,scBERT
Gad1,0.0037365007878313464,2707,scBERT
Srpx,0.003732590771291331,2708,scBERT
Dlgap5,0.0037319850575335445,2709,scBERT
Fam92b,0.003706226973507044,2710,scBERT
Nkx2-1,0.003701988851240359,2711,scBERT
Armc4,0.0037002722261820407,2712,scBERT
Zp3,0.0036982800981778274,2713,scBERT
Lrrtm3,0.0036949583243382155,2714,scBERT
Rbp2,0.0036422318246278423,2715,scBERT
Piezo2,0.0036194405286276094,2716,scBERT
Gm26867,0.0035544662267255073,2717,scBERT
Btnl9,0.0035506017038254645,2718,scBERT
Ccdc81,0.0035338704469922103,2719,scBERT
Ptgfr,0.003527274863314906,2720,scBERT
Rnf138rt1,0.0035155370626092828,2721,scBERT
Wdr63,0.003512702324164345,2722,scBERT
Smkr-ps,0.0035107087082612365,2723,scBERT
Gm17455,0.0034917772799026516,2724,scBERT
Cd4,0.0034849546914072103,2725,scBERT
Upb1,0.0034777684916438446,2726,scBERT
Ascl1,0.0034751717194456398,2727,scBERT
Itgbl1,0.003473620616219478,2728,scBERT
Lect1,0.0034691311687554687,2729,scBERT
Rmi2,0.0034690944334772704,2730,scBERT
Gpr88,0.003400888760307722,2731,scBERT
L1cam,0.0033944317984892815,2732,scBERT
Scn7a,0.003375732270399402,2733,scBERT
Serpind1,0.0033605445628824833,2734,scBERT
Slc6a12,0.003349112443330466,2735,scBERT
Car9,0.0033313580747538142,2736,scBERT
Bhlhe22,0.003311883108378192,2737,scBERT
Icos,0.0033106536838800266,2738,scBERT
Gm3550,0.003310238015547365,2739,scBERT
Gata3,0.003305943453966481,2740,scBERT
Cd209b,0.0033050459579118184,2741,scBERT
Slamf1,0.0032994956503542123,2742,scBERT
Stmnd1,0.0032941319405121274,2743,scBERT
Gm13536,0.0032927287929136544,2744,scBERT
Cfap53,0.0032832930518900336,2745,scBERT
Fam216b,0.0032769847863612736,2746,scBERT
Kif6,0.003267072293312561,2747,scBERT
Eomes,0.0032564867420581426,2748,scBERT
Myb,0.003243337237928914,2749,scBERT
Retnla,0.0032214960938507565,2750,scBERT
Ms4a4d,0.00321261647208821,2751,scBERT
Rpl39l,0.003194702443874873,2752,scBERT
Pon1,0.0031777920421999354,2753,scBERT
Arhgdig,0.0031711716880856635,2754,scBERT
Uox,0.003164346224975713,2755,scBERT
Fam129c,0.003150043449997678,2756,scBERT
Nrsn1,0.0031348819644714692,2757,scBERT
Btc,0.0031294876741248235,2758,scBERT
Sfrp2,0.0031010606488790847,2759,scBERT
Angptl1,0.0031003796557907905,2760,scBERT
Cfap46,0.003097040756592565,2761,scBERT
Gm43536,0.003095863617240413,2762,scBERT
Tmem59l,0.003065950838258644,2763,scBERT
Gm10827,0.0030463463971989652,2764,scBERT
Ccdc163,0.0030450143395689545,2765,scBERT
Svopl,0.003041823524991257,2766,scBERT
Cd6,0.0030310610708139947,2767,scBERT
RP23-291B1.2,0.0030306285043931324,2768,scBERT
Tcp11,0.0030263379382976267,2769,scBERT
Ucma,0.003015776070854402,2770,scBERT
Mal2,0.0030135671277293414,2771,scBERT
Gm13075,0.002983571971187022,2772,scBERT
Lrr1,0.002980908080313825,2773,scBERT
Akap14,0.0029742031199463423,2774,scBERT
Itk,0.0029701302160246705,2775,scBERT
Barx2,0.002926129898060347,2776,scBERT
Lrrc71,0.002909623173227738,2777,scBERT
Dnah7a,0.0029093450487112575,2778,scBERT
Mb,0.0029074277794672995,2779,scBERT
Gm26909,0.002894383012194775,2780,scBERT
Gm15551,0.0028932955258848367,2781,scBERT
Ccdc40,0.0028901507839301918,2782,scBERT
Prf1,0.0028812776105582396,2783,scBERT
Gm33651,0.0028800542905527524,2784,scBERT
Krtap28-13,0.0028774732412600976,2785,scBERT
Arpp21,0.002874786566475694,2786,scBERT
Nppc,0.00285463301754873,2787,scBERT
Ackr4,0.0028507694950721126,2788,scBERT
Dlec1,0.0028497162746824152,2789,scBERT
a,0.002843030080010101,2790,scBERT
Ccr9,0.0028309818231389127,2791,scBERT
Pvalb,0.002821621712249409,2792,scBERT
Tbx21,0.002751697793882571,2793,scBERT
A930003A15Rik,0.0027169751955562873,2794,scBERT
Vwa5b1,0.0027009518791585945,2795,scBERT
Cpz,0.0026894227303648505,2796,scBERT
Cdh1,0.002684651575173016,2797,scBERT
Cd96,0.002676614138732269,2798,scBERT
Rasgrf1,0.0026467884612420274,2799,scBERT
Uckl1os,0.002639663335648961,2800,scBERT
Kif4,0.0026266637782753543,2801,scBERT
Dthd1,0.0026209198295819875,2802,scBERT
Lhfpl4,0.0026166738362201495,2803,scBERT
Stc2,0.0025974229148906943,2804,scBERT
Cidea,0.0025903301509150826,2805,scBERT
Grap2,0.002586029806924617,2806,scBERT
Dnah1,0.002580003213851521,2807,scBERT
Syt10,0.0025791928963900795,2808,scBERT
Ffar4,0.0025553781153133236,2809,scBERT
Ak9,0.0025546126435044463,2810,scBERT
1700019G24Rik,0.0025493165196833947,2811,scBERT
Cfap157,0.002537852853485268,2812,scBERT
Platr17,0.002500456843115693,2813,scBERT
Tctex1d1,0.0024973360461983166,2814,scBERT
Sct,0.0024953533368121507,2815,scBERT
Cst6,0.0024808713361208308,2816,scBERT
Grik3,0.002470337711754375,2817,scBERT
Gm12144,0.002460480684056464,2818,scBERT
Fndc7,0.0024543147966925947,2819,scBERT
Irx5,0.002451431041379855,2820,scBERT
Nek2,0.0024392897909859507,2821,scBERT
Tnfrsf4,0.0024329622403216817,2822,scBERT
Sap30bpos,0.002430252450515985,2823,scBERT
Kcnd2,0.002421670373222977,2824,scBERT
Zfp474,0.0024164269431656026,2825,scBERT
Spic,0.002414210439531796,2826,scBERT
Ces2g,0.0024092976712117627,2827,scBERT
BC021614,0.002403577360472225,2828,scBERT
Col6a3,0.0023487219218330303,2829,scBERT
Rhcg,0.0023457106672750885,2830,scBERT
Lyz1,0.0023367946723256735,2831,scBERT
Sult1c1,0.00233557442222344,2832,scBERT
3632451O06Rik,0.002326129213752963,2833,scBERT
2010005H15Rik,0.0023243508769253897,2834,scBERT
Gm16160,0.0023098441871321797,2835,scBERT
Calb1,0.0022893634607846474,2836,scBERT
Tmem232,0.002278250422891506,2837,scBERT
Il12a,0.002277983891574093,2838,scBERT
Rsph14,0.0022678696789460765,2839,scBERT
Nefh,0.0022589423131745166,2840,scBERT
Tnr,0.0022473285590493964,2841,scBERT
Ntng1,0.002237981322235525,2842,scBERT
Nkx2-4,0.0022377275668364538,2843,scBERT
Actn2,0.002233177369485787,2844,scBERT
Myl1,0.0021763134084262083,2845,scBERT
Epcam,0.0021754339661443235,2846,scBERT
Ttc29,0.0021742450418664435,2847,scBERT
Zcchc16,0.0021717440495013928,2848,scBERT
Mirg,0.002169993825894248,2849,scBERT
Gm21149,0.0021380655126714554,2850,scBERT
Zcchc12,0.002131515561177213,2851,scBERT
Tmem132c,0.0021208504811981994,2852,scBERT
Brinp2,0.0021159410395750916,2853,scBERT
Fbxl13,0.0021144217159743085,2854,scBERT
Cxcl9,0.0020965649981442,2855,scBERT
Stfa1,0.0020906989855592555,2856,scBERT
Pcdhb7,0.00207878551726069,2857,scBERT
Gm1604a,0.0020619962022700626,2858,scBERT
Gm20661,0.00205661141215683,2859,scBERT
Hsf2bp,0.0020361528433862843,2860,scBERT
BC018473,0.002033985785699443,2861,scBERT
F2rl1,0.0020261034362802346,2862,scBERT
Retn,0.002012177006778888,2863,scBERT
Tcte1,0.002000083892728777,2864,scBERT
Foxb1,0.0019764908406849405,2865,scBERT
Fmr1nb,0.0019643472169633075,2866,scBERT
Dct,0.001961383722580044,2867,scBERT
Gm15689,0.00195418971263997,2868,scBERT
Tmprss5,0.0019488397857130553,2869,scBERT
Rab15,0.0019402380715866857,2870,scBERT
Gm13391,0.0018995279423931744,2871,scBERT
4732414G09Rik,0.0018695687558803482,2872,scBERT
A530032D15Rik,0.0018619666807110178,2873,scBERT
Ttc16,0.0018597656222534434,2874,scBERT
Gm44109,0.0018468428240588073,2875,scBERT
Rtp1,0.0018460942386030338,2876,scBERT
Cyp2f2,0.0018444569556593032,2877,scBERT
Gsta3,0.001837204609648887,2878,scBERT
Pcdh8,0.0018313307934352536,2879,scBERT
1700063D05Rik,0.0018164147088285678,2880,scBERT
Sspo,0.0018158834039064611,2881,scBERT
4933413G19Rik,0.00178740615075888,2882,scBERT
Xlr4c,0.0017645800499394475,2883,scBERT
Ehf,0.001732585146639362,2884,scBERT
Urah,0.0017321197392491028,2885,scBERT
Tnfsf18,0.0017176463828666732,2886,scBERT
Pappa2,0.0017158138109359211,2887,scBERT
Defb42,0.0017081387494808475,2888,scBERT
Cd300c,0.0016857187515988237,2889,scBERT
Wdr93,0.0016796393432763487,2890,scBERT
Efcab11,0.0016736029595963565,2891,scBERT
Dqx1,0.0016728292129957751,2892,scBERT
Kcnc1,0.0016715856640566326,2893,scBERT
Apobec2,0.001669701615647657,2894,scBERT
Aard,0.0016617447000623813,2895,scBERT
1700086L19Rik,0.0016561813953270392,2896,scBERT
Sv2b,0.001655935573505718,2897,scBERT
Prph,0.0016195926224339058,2898,scBERT
Nup62cl,0.0016064117184445533,2899,scBERT
Rit2,0.0015950197734663314,2900,scBERT
Chgb,0.0015730840662646303,2901,scBERT
Lypd2,0.0015650082016083597,2902,scBERT
Acbd7,0.001563559732244937,2903,scBERT
Clec9a,0.0015526300572498528,2904,scBERT
Cyp2e1,0.00155156965390117,2905,scBERT
Mmp13,0.0015470326127693514,2906,scBERT
Nhlrc4,0.0015321617263727634,2907,scBERT
RP24-492L15.6,0.0015251875398860583,2908,scBERT
Unc5cl,0.0015219272698910771,2909,scBERT
Pcdhb9,0.0014816079753576415,2910,scBERT
Ces1d,0.0014782220430611958,2911,scBERT
Syt1,0.0014653524586111582,2912,scBERT
Pcdh15,0.0014559424865836232,2913,scBERT
Brinp1,0.0014415006579145567,2914,scBERT
Hrk,0.0014403259720099126,2915,scBERT
Calca,0.0014395256306254504,2916,scBERT
Scgb1c1,0.0014265686782853515,2917,scBERT
Ccdc63,0.0014184660876586487,2918,scBERT
Krt23,0.0014055896950745364,2919,scBERT
Fabp12,0.001405531461141865,2920,scBERT
Krt15,0.0013974746801717892,2921,scBERT
Diras2,0.0013912641577447974,2922,scBERT
Elane,0.0013767673782021823,2923,scBERT
Dnase1l3,0.0013750816887537246,2924,scBERT
Pkd2l1,0.0013719212719814136,2925,scBERT
Dapl1,0.0013671186275047492,2926,scBERT
Gm26737,0.0013598205913222321,2927,scBERT
Smim6,0.0013468259404330982,2928,scBERT
Pou4f1,0.0013465178630911534,2929,scBERT
Msmp,0.0013269555468683556,2930,scBERT
Caln1,0.0013253548204018994,2931,scBERT
Trp63,0.0012992825446345641,2932,scBERT
Defb25,0.0012885636194252409,2933,scBERT
Onecut2,0.0012673223759866285,2934,scBERT
Fxyd3,0.0012672410823015565,2935,scBERT
C1ql1,0.0012412367620594084,2936,scBERT
Slc36a2,0.0012376729426466452,2937,scBERT
Slc6a19,0.0012374329930404846,2938,scBERT
Dazl,0.001234571286518089,2939,scBERT
Itgae,0.0012319698383149297,2940,scBERT
Gm17322,0.0012294784308953023,2941,scBERT
Xcr1,0.0012079284563248985,2942,scBERT
Ly6k,0.00119545653859967,2943,scBERT
Igfn1,0.0011892257599970001,2944,scBERT
RP23-435E16.1,0.0011828594657868308,2945,scBERT
Sema3e,0.001157085332383746,2946,scBERT
Aldh1a7,0.0011457565097124137,2947,scBERT
Gm15867,0.0011442726514178192,2948,scBERT
Apoc4,0.0011281169938741707,2949,scBERT
Rpe65,0.0011133375665185801,2950,scBERT
Gm7967,0.0011102351095851233,2951,scBERT
Car3,0.0011023011616969434,2952,scBERT
Iqch,0.0010987147136276084,2953,scBERT
Tex26,0.0010963964421015493,2954,scBERT
D130051D11Rik,0.0010640449621511909,2955,scBERT
Gm13713,0.0010542897361631358,2956,scBERT
Asb16,0.0010541595826519814,2957,scBERT
Ptcra,0.0010257977395815236,2958,scBERT
Gm16958,0.001012452543042499,2959,scBERT
Ankrd34a,0.0010120779771635932,2960,scBERT
Tspan2os,0.0010053271323250538,2961,scBERT
Rnf112,0.001000891147074298,2962,scBERT
Madcam1,0.0009509986899604473,2963,scBERT
Slc7a13,0.0009446564587906233,2964,scBERT
Pcdhb10,0.0009442841624774877,2965,scBERT
Gm29157,0.0009263253697688591,2966,scBERT
Slc22a2,0.0009060390258948923,2967,scBERT
9530059O14Rik,0.0008680316293804671,2968,scBERT
4632428C04Rik,0.0008630713315415515,2969,scBERT
Grm8,0.0008325864781627922,2970,scBERT
Nox4,0.0008102659716024693,2971,scBERT
Iyd,0.0007951257865302316,2972,scBERT
Tnnt3,0.0007848757093726118,2973,scBERT
Gm15879,0.0007821700072978919,2974,scBERT
Cck,0.0007794836243149198,2975,scBERT
Kcnip4,0.0007708378598685955,2976,scBERT
Reln,0.0007590085944487304,2977,scBERT
Efcab6,0.0007553050557733747,2978,scBERT
Ablim3,0.000752456363967236,2979,scBERT
Pcdhb5,0.0007523836205712715,2980,scBERT
Gm4221,0.000737192993012716,2981,scBERT
Tac1,0.0006799826454941083,2982,scBERT
3300005D01Rik,0.0006798997602009589,2983,scBERT
Atp6ap1l,0.0006694579749141949,2984,scBERT
Tspan1,0.0006403435210686667,2985,scBERT
8030474K03Rik,0.0006384731176229462,2986,scBERT
Defb10,0.0006374512771220655,2987,scBERT
Gdf5,0.0006331256184243966,2988,scBERT
Rhox5,0.0006288888281269352,2989,scBERT
Arf4os,0.0006233275777179729,2990,scBERT
Cldn7,0.0006111343945678458,2991,scBERT
Slc25a31,0.000598643142769042,2992,scBERT
E330013P04Rik,0.0005876748866389394,2993,scBERT
Gm28322,0.0005552537940607745,2994,scBERT
Mroh2a,0.0005387324877277489,2995,scBERT
Alox8,0.0005126718910621465,2996,scBERT
Npm2,0.0005122263045834557,2997,scBERT
Fam83a,0.0004667771247022869,2998,scBERT
Gm43569,0.0004281551961572345,2999,scBERT
1700124L16Rik,0.0004276354650389683,3000,scBERT
