gene,importance,rank,method
Gm2564,0.03398781926487084,1,scFormer
Gfap,0.033846478249289394,2,scFormer
Actb,0.033160019247387686,3,scFormer
Lcn2,0.03256555993226358,4,scFormer
Ccl19,0.03117513912048452,5,scFormer
Adm,0.030931188289249317,6,scFormer
Serpina3n,0.030368773548643493,7,scFormer
Plat,0.02978529400948664,8,scFormer
Fbln5,0.029668342585585233,9,scFormer
Slc39a1,0.02958568413635525,10,scFormer
Ednrb,0.029412291253958937,11,scFormer
Ackr1,0.02929533386557216,12,scFormer
Lrg1,0.02899883971416186,13,scFormer
Iigp1,0.02899340858105143,14,scFormer
Fth1,0.02890211762826156,15,scFormer
Igfbp3,0.028868264292937814,16,scFormer
8430408G22Rik,0.028611413890942752,17,scFormer
Angpt2,0.028551690656182096,18,scFormer
Spp1,0.028504928271501893,19,scFormer
Cxcl12,0.028363468898172768,20,scFormer
Mnda,0.028361094736296468,21,scFormer
Ifitm1,0.02833028108830492,22,scFormer
Ifi205,0.02815624909553504,23,scFormer
Cdkn1a,0.027949632660602845,24,scFormer
Ear2,0.027839197236463626,25,scFormer
H2-Eb1,0.027824652023894707,26,scFormer
Mgp,0.027686621266791223,27,scFormer
AA467197,0.027640469463774485,28,scFormer
Car4,0.027629991009762555,29,scFormer
H2-Aa,0.02733490973620331,30,scFormer
Gbp4,0.02714412733787397,31,scFormer
Stc1,0.027140760871996683,32,scFormer
Fos,0.027014610957598002,33,scFormer
Fosb,0.027001874997656963,34,scFormer
Anxa1,0.026717144287508883,35,scFormer
Agt,0.026591276039313477,36,scFormer
Rdh10,0.026518312146285524,37,scFormer
Eln,0.026323861628835328,38,scFormer
Pyhin1,0.026263381691577097,39,scFormer
Cd24a,0.026255909668255785,40,scFormer
Tgtp2,0.026196358754336416,41,scFormer
Igtp,0.026107605429586667,42,scFormer
Meg3,0.026087307059910032,43,scFormer
H2-Ab1,0.026055593005729877,44,scFormer
Il33,0.026032976424224617,45,scFormer
Cdh13,0.025902859275033205,46,scFormer
Tgtp1,0.025882877465994672,47,scFormer
Slc6a13,0.02586661842801629,48,scFormer
Edn3,0.025706967497870558,49,scFormer
Igfbp6,0.02568343409154885,50,scFormer
Ngp,0.025651103433729266,51,scFormer
Cd72,0.025562160429850492,52,scFormer
Timp1,0.025536698085460427,53,scFormer
Gm4955,0.025521954810019166,54,scFormer
Hmgcs2,0.02547209880607658,55,scFormer
Ly6i,0.025444863369475174,56,scFormer
Aldh1a1,0.02539818631904375,57,scFormer
Napsa,0.025392954078876345,58,scFormer
Gbp2,0.025381130159325624,59,scFormer
Ccr2,0.025322025710902363,60,scFormer
Ifit3,0.0252535390789013,61,scFormer
Cd74,0.0252233534490571,62,scFormer
Adam8,0.025214827343667746,63,scFormer
Ch25h,0.025213489725710136,64,scFormer
Sepp1,0.02521100026522848,65,scFormer
Lpl,0.02520195693702514,66,scFormer
Ifitm6,0.0250403951886742,67,scFormer
Ifi47,0.02496927051957451,68,scFormer
Fabp7,0.024964974471829618,69,scFormer
Slc7a11,0.024954670291189328,70,scFormer
Serpinb1a,0.02494640644211753,71,scFormer
Cfh,0.02487425894738042,72,scFormer
Pi16,0.02486867741123245,73,scFormer
Slc26a10,0.024784763698781666,74,scFormer
Hspa1a,0.02475745057836,75,scFormer
Ass1,0.02468582589355353,76,scFormer
Sirpb1c,0.0246771950322272,77,scFormer
Col3a1,0.024622542494880235,78,scFormer
Junb,0.02457749470286297,79,scFormer
Clec4b1,0.02455551527916418,80,scFormer
Stmn2,0.024547918953574884,81,scFormer
Plac8,0.02452477821595459,82,scFormer
Emp1,0.024486295339663962,83,scFormer
Tubb6,0.024478757205311095,84,scFormer
Kcnj8,0.024423579068445493,85,scFormer
Gpd1,0.024407702081835594,86,scFormer
Apod,0.02438699749471524,87,scFormer
Slc38a5,0.02436952837028164,88,scFormer
Gkn3,0.02436046901753763,89,scFormer
Angptl4,0.024322305794316035,90,scFormer
Dbp,0.024242578762871836,91,scFormer
Nnat,0.02419235294133596,92,scFormer
Mgl2,0.024185953498849947,93,scFormer
Tmsb10,0.02417849337577996,94,scFormer
Il1rn,0.024178348027003874,95,scFormer
Cybb,0.02413710686774095,96,scFormer
Fstl1,0.02411233965158283,97,scFormer
Dcn,0.024043556432353057,98,scFormer
6330403K07Rik,0.02393174252418594,99,scFormer
Cxcl10,0.02390907907352987,100,scFormer
Fhl1,0.02386550579468459,101,scFormer
Ccl12,0.02381569595866816,102,scFormer
Traf1,0.023809357400636198,103,scFormer
Mt2,0.023702861060390063,104,scFormer
Klrd1,0.023683170458372153,105,scFormer
Dok2,0.02366616076262899,106,scFormer
Egfl8,0.023646817048962248,107,scFormer
F10,0.023599753167515627,108,scFormer
Fgfbp1,0.023597287825813426,109,scFormer
Clec12a,0.023575276362561633,110,scFormer
Wfdc21,0.023550656533902543,111,scFormer
Plk2,0.023501414077530845,112,scFormer
Vwf,0.023450754148436607,113,scFormer
Col8a1,0.023384355052357444,114,scFormer
Clec10a,0.02338433695653745,115,scFormer
Slc6a20a,0.023351067631557587,116,scFormer
Ramp3,0.023319104105717754,117,scFormer
Hcar2,0.023233988137564957,118,scFormer
Retnlg,0.023212617384466967,119,scFormer
Lilr4b,0.02319085175878029,120,scFormer
Notch2,0.023186791261104484,121,scFormer
Itgb7,0.023183944561903178,122,scFormer
Apold1,0.023168991843766275,123,scFormer
Acer2,0.023153462076429765,124,scFormer
Pydc4,0.023140909906577495,125,scFormer
Bcl2a1d,0.023107191493180957,126,scFormer
Sdc4,0.023102358891741916,127,scFormer
Cp,0.02307213358067541,128,scFormer
Ptn,0.02301679783699912,129,scFormer
Tnf,0.023014012344127407,130,scFormer
Eno3,0.023011650633035674,131,scFormer
Chil3,0.022970543186251614,132,scFormer
Abhd2,0.02292856220881288,133,scFormer
Pla1a,0.022921849804957883,134,scFormer
Ccl5,0.02291689995585559,135,scFormer
Cytip,0.02284970229361434,136,scFormer
Lgals3,0.022837572486987156,137,scFormer
Ltb,0.022816748827612972,138,scFormer
Cygb,0.022779850105649056,139,scFormer
Gpr182,0.02277478885802876,140,scFormer
Adamts4,0.02275633109319909,141,scFormer
Bmx,0.02274772296319155,142,scFormer
Nupr1,0.022741443170334875,143,scFormer
Cd9,0.02272411532795495,144,scFormer
Mgst1,0.0227134504829513,145,scFormer
Ms4a4c,0.022672800544840926,146,scFormer
Lyve1,0.022640358464497936,147,scFormer
Ly6c2,0.02263864320031951,148,scFormer
Mndal,0.02261502293516394,149,scFormer
H2-DMb2,0.022592396625207515,150,scFormer
S100a6,0.022582899250687852,151,scFormer
Klf4,0.022555618744886916,152,scFormer
Glul,0.0225421437149302,153,scFormer
Klrk1,0.022533193453773203,154,scFormer
Gngt2,0.022528691120450528,155,scFormer
Marcksl1,0.022508384142775062,156,scFormer
Sell,0.022416944525080962,157,scFormer
Phlda1,0.022374109647661927,158,scFormer
Ctla2a,0.022373084324087276,159,scFormer
Itih3,0.02234990607248313,160,scFormer
Myo1g,0.022309695524748648,161,scFormer
Ifit3b,0.022294870228109356,162,scFormer
Cd209a,0.02228047717549925,163,scFormer
Cd79b,0.022260119983055573,164,scFormer
Gadd45b,0.022224389425907883,165,scFormer
Ifi204,0.022215419281920296,166,scFormer
Mal,0.02217349668217856,167,scFormer
S100a10,0.022166743336557687,168,scFormer
Bmp7,0.022145672592797542,169,scFormer
Slc6a6,0.022099288675525557,170,scFormer
Fabp4,0.022072464033773376,171,scFormer
Ccl9,0.022032266196483973,172,scFormer
Tmem176a,0.022023857570960582,173,scFormer
Fcgr4,0.021974115935372542,174,scFormer
Cnn1,0.021962706068879984,175,scFormer
Tm4sf1,0.021946265449285823,176,scFormer
Il1r2,0.021895008269877652,177,scFormer
Phf11b,0.02188781262878631,178,scFormer
Ttyh2,0.021887098872671127,179,scFormer
Mt1,0.021876875157319637,180,scFormer
Plaur,0.021816719151955627,181,scFormer
Pdcd4,0.02181639037343644,182,scFormer
Igfbp4,0.021782247102369832,183,scFormer
Mmp8,0.021762981320050275,184,scFormer
Ifi203,0.021741737282424088,185,scFormer
Fxyd5,0.021716208828487172,186,scFormer
Cd177,0.021714477378360884,187,scFormer
Tmem176b,0.02169388888197942,188,scFormer
Il1b,0.021691946466914896,189,scFormer
Vcam1,0.021638986882948304,190,scFormer
Rsad2,0.021584884494027755,191,scFormer
Ier3,0.02157047918367524,192,scFormer
Cyr61,0.02156867585196499,193,scFormer
Cxcl16,0.02153855805110458,194,scFormer
Slc4a10,0.021533880522699164,195,scFormer
Atp13a5,0.021517099759351864,196,scFormer
S100a4,0.02142442204162955,197,scFormer
Dusp2,0.021393073445270007,198,scFormer
AW112010,0.02137453064143374,199,scFormer
Colec12,0.021352840914827764,200,scFormer
Mmp9,0.021352330056697247,201,scFormer
Cfp,0.02134600368494132,202,scFormer
Tmem252,0.021307878478468555,203,scFormer
Ercc1,0.021304987705058242,204,scFormer
Nov,0.021275291537568655,205,scFormer
Kdm6b,0.021264561641509153,206,scFormer
Apoe,0.021259948060635196,207,scFormer
Hist1h2ap,0.021219931944510537,208,scFormer
Msr1,0.021194498991735516,209,scFormer
Igfbp2,0.02118899742524754,210,scFormer
Clec4n,0.021172082849386136,211,scFormer
Cdc42ep3,0.02114863458132411,212,scFormer
Gpr84,0.02112401061352754,213,scFormer
Nfkbia,0.0210805680777167,214,scFormer
Pid1,0.021079656869501022,215,scFormer
Phf11a,0.02104938065540917,216,scFormer
Igfbp5,0.021017351950679934,217,scFormer
Thbs1,0.021015064585473076,218,scFormer
Ifit1,0.02101360351864595,219,scFormer
Isg15,0.020970350381833112,220,scFormer
Fbln2,0.020931323881382233,221,scFormer
Lum,0.02092203540552146,222,scFormer
Camp,0.02091476959769211,223,scFormer
Sirpb1b,0.02091403545545594,224,scFormer
Clec4e,0.020905594558970838,225,scFormer
Scgb3a1,0.020903050826185675,226,scFormer
Hrct1,0.020899160380270145,227,scFormer
Capg,0.020892889582165848,228,scFormer
G0s2,0.020861013062761235,229,scFormer
Rgcc,0.02086035222195229,230,scFormer
Sod3,0.020840875187307872,231,scFormer
Nfia,0.0207934890767067,232,scFormer
Plvap,0.020791997766147936,233,scFormer
Gm26802,0.020701781499355087,234,scFormer
Gm9733,0.02062304607848419,235,scFormer
2810417H13Rik,0.0206208391396504,236,scFormer
Cmbl,0.02060935506166542,237,scFormer
Olfr558,0.020570387298698374,238,scFormer
Btg2,0.020553486875806125,239,scFormer
Ctgf,0.020533721979933653,240,scFormer
Il34,0.020487556616130307,241,scFormer
Ptprcap,0.020427331745769942,242,scFormer
Cd83,0.020375333776505893,243,scFormer
Crispld2,0.02036669177411355,244,scFormer
Hbegf,0.020364777406797017,245,scFormer
Tuba1a,0.020358391993692538,246,scFormer
Ccl4,0.020339965201988542,247,scFormer
Trem3,0.020307626727588856,248,scFormer
Adamts9,0.020300437805560564,249,scFormer
Ccrl2,0.020296264786306504,250,scFormer
Ly6g,0.02028592571304366,251,scFormer
H2-Q7,0.02026088352527198,252,scFormer
Bcl2a1a,0.02016977804431169,253,scFormer
Emb,0.020150867713935493,254,scFormer
Hapln2,0.02012604422529094,255,scFormer
Lpar1,0.020083452671690226,256,scFormer
Wfdc17,0.020027149299115178,257,scFormer
Fbxl22,0.019948445589635752,258,scFormer
Ccl7,0.01994141559395649,259,scFormer
Nr4a1,0.019923786489017065,260,scFormer
Ptgs2,0.01990152917085916,261,scFormer
Gbp3,0.01986438541368289,262,scFormer
Gas6,0.01986392326378029,263,scFormer
Psmb8,0.019857308475159253,264,scFormer
Cxcl2,0.01984564174204565,265,scFormer
5430416O09Rik,0.019840738103981983,266,scFormer
Dpep2,0.01982280668828949,267,scFormer
Plpp1,0.019821358611226216,268,scFormer
Id2,0.019815213610971286,269,scFormer
Rnf128,0.019803081678578457,270,scFormer
Serping1,0.019800095945668297,271,scFormer
Anln,0.019796416973522503,272,scFormer
Phf11d,0.01975263664905886,273,scFormer
Tubb3,0.019750911815770746,274,scFormer
Ecm1,0.01968119625775471,275,scFormer
Ms4a4b,0.019677501105960133,276,scFormer
Gria2,0.01964936934628088,277,scFormer
Cd300lg,0.01964546648517585,278,scFormer
Gatm,0.019643929614297354,279,scFormer
Lmcd1,0.019590286266436933,280,scFormer
Gm694,0.01958530932675161,281,scFormer
Vtn,0.019584045732806445,282,scFormer
Ifitm3,0.019561776384641398,283,scFormer
S100b,0.01951934545361388,284,scFormer
Mfap2,0.01950505634025189,285,scFormer
Slc22a8,0.019499934042268265,286,scFormer
Cyp4f18,0.019484574730429242,287,scFormer
B930036N10Rik,0.019476186787694805,288,scFormer
Timp3,0.019474522706462747,289,scFormer
Tnfrsf12a,0.01947121917909885,290,scFormer
Tlr2,0.019453900052539788,291,scFormer
Anxa2,0.019443160816716938,292,scFormer
Lgals1,0.019433343560874776,293,scFormer
Mdk,0.019420271762910668,294,scFormer
Ccnd2,0.019407611608707395,295,scFormer
Tnfaip2,0.019395734508604892,296,scFormer
Cks2,0.019387741145451127,297,scFormer
Cd300ld,0.019356562688609396,298,scFormer
Cst7,0.019353391498495066,299,scFormer
P2ry14,0.01934459571048048,300,scFormer
Emcn,0.019334413767243066,301,scFormer
Plbd1,0.019332782580588924,302,scFormer
Nkg7,0.019313486057992428,303,scFormer
Ftl1,0.019312301890483018,304,scFormer
Mif,0.019304549659848947,305,scFormer
Prdx1,0.019303739124973233,306,scFormer
Fabp5,0.019302820702415444,307,scFormer
Zbp1,0.019296091836468108,308,scFormer
Pdpn,0.019290986104799724,309,scFormer
Matn2,0.019276019769622753,310,scFormer
Cd244,0.0192710773210817,311,scFormer
Il1r1,0.01926750844690169,312,scFormer
Ccl6,0.01926729177670148,313,scFormer
Glipr2,0.019265555895003332,314,scFormer
Edn1,0.01925364392070547,315,scFormer
Hdc,0.019204528857732557,316,scFormer
Gadd45g,0.019197567461575648,317,scFormer
Tgm2,0.019194378689131486,318,scFormer
Adgre4,0.0191877023995241,319,scFormer
Adamts1,0.019170725569299583,320,scFormer
Slc43a3,0.019139862201323847,321,scFormer
Cd36,0.019131597912393574,322,scFormer
Cped1,0.019127358394435523,323,scFormer
Rasd1,0.019094186886063014,324,scFormer
Ecscr,0.019092084520275013,325,scFormer
Spry2,0.01908427170262698,326,scFormer
Gsn,0.01908170374312544,327,scFormer
Irg1,0.01907742686282555,328,scFormer
Net1,0.01905534948918304,329,scFormer
Gbp5,0.019042679801800078,330,scFormer
Rab7b,0.019041472917936945,331,scFormer
Mmp12,0.019031566993501444,332,scFormer
Bmp2k,0.019012891407358765,333,scFormer
Clec14a,0.01900452294162255,334,scFormer
Ptgis,0.018998542412314856,335,scFormer
Ms4a8a,0.018987356213012754,336,scFormer
Rnase6,0.018971908913348587,337,scFormer
Meox1,0.018960637963289843,338,scFormer
Qpct,0.018955435629696742,339,scFormer
Ptprr,0.01893978824695462,340,scFormer
Cks1b,0.018931768547074464,341,scFormer
Gm9946,0.018931560678182146,342,scFormer
Gpr171,0.018928201190708458,343,scFormer
Mall,0.01890711810675586,344,scFormer
Cd63,0.018891199522942857,345,scFormer
Atf3,0.018863890607647826,346,scFormer
Lrrc32,0.01886279211814028,347,scFormer
Dusp5,0.018859093088067096,348,scFormer
Folr2,0.01885785987171316,349,scFormer
Dnajb1,0.018856799575927785,350,scFormer
Rtn1,0.018855846637285373,351,scFormer
Il6,0.018824618617302148,352,scFormer
Cited2,0.018804617860752562,353,scFormer
Tppp3,0.018791832621770543,354,scFormer
Sirpb1a,0.018775816927470903,355,scFormer
Slco3a1,0.018764343480914884,356,scFormer
Nrp1,0.018747996692237756,357,scFormer
Dbn1,0.01873212255156516,358,scFormer
Hs3st1,0.01873075576519854,359,scFormer
Clec4d,0.01872281329636612,360,scFormer
Bhlhe41,0.018695606945311482,361,scFormer
Fxyd6,0.01868822562104745,362,scFormer
Pmp22,0.018682549781066815,363,scFormer
Gm5150,0.01867872715866559,364,scFormer
Kcnn4,0.018608029778749213,365,scFormer
Itgal,0.01858944272232793,366,scFormer
Klra2,0.01858464886191036,367,scFormer
Lst1,0.01858200766224382,368,scFormer
Ccl3,0.018575553552907017,369,scFormer
Cd200,0.018575237239297677,370,scFormer
Fn1,0.018574699850986903,371,scFormer
Pglyrp1,0.01856512912773911,372,scFormer
Clec4a2,0.018551979897007242,373,scFormer
Hist2h2aa1,0.018545154998579023,374,scFormer
Serpini1,0.01852838233781892,375,scFormer
Ankrd37,0.018527572206354887,376,scFormer
Rgs1,0.01851635830012508,377,scFormer
Stmn1,0.018512300474356733,378,scFormer
Spon1,0.018502760588377513,379,scFormer
Acp5,0.018497993503480716,380,scFormer
Itih5,0.018496605232695355,381,scFormer
Ltf,0.018485743547468254,382,scFormer
Ptafr,0.01848292869585479,383,scFormer
Socs3,0.018482277241964242,384,scFormer
Lyz2,0.01847478360465775,385,scFormer
Prss23,0.01847280207804235,386,scFormer
Plin2,0.018468169768991998,387,scFormer
Pdlim1,0.018457646235984837,388,scFormer
Tgfbi,0.01845575347232404,389,scFormer
Fgl2,0.018447896799966664,390,scFormer
Cav1,0.018445476364531112,391,scFormer
Col18a1,0.01843266158579644,392,scFormer
Wnt5a,0.018425514474479963,393,scFormer
Scimp,0.018422895152683416,394,scFormer
Aebp1,0.018418876401451956,395,scFormer
Alpl,0.01840954850872312,396,scFormer
Cdk1,0.018401176334768458,397,scFormer
Cd59a,0.018371763810019075,398,scFormer
Cstb,0.01837154301304199,399,scFormer
C4b,0.018349764954699005,400,scFormer
Paqr6,0.018319915708788742,401,scFormer
Smim5,0.018312473108587593,402,scFormer
Sdc1,0.018310802471499167,403,scFormer
Lsp1,0.018287606718982982,404,scFormer
Lmo4,0.01828254841275973,405,scFormer
Pilra,0.018280321109045945,406,scFormer
S100a9,0.018275126494109343,407,scFormer
Gpx3,0.018270215814174467,408,scFormer
Fkbp1a,0.01825517328570449,409,scFormer
Thrsp,0.01825010372230097,410,scFormer
H2-Q6,0.018241111912376193,411,scFormer
Uchl1,0.018218905615855204,412,scFormer
Egr1,0.01820142702736154,413,scFormer
Sparcl1,0.01818806234691666,414,scFormer
Nr4a2,0.018184239169322967,415,scFormer
Srxn1,0.018155092663293786,416,scFormer
A2m,0.01814876995977115,417,scFormer
Esd,0.018134420220562757,418,scFormer
Ccl2,0.01812919383365599,419,scFormer
Igf1,0.01812477969553214,420,scFormer
Ogn,0.01809887441717257,421,scFormer
Rrm2,0.01809075275370098,422,scFormer
Higd1b,0.018089423788097813,423,scFormer
Cd52,0.01806990279078219,424,scFormer
Lbp,0.01803288804994858,425,scFormer
Il4ra,0.01801890714344719,426,scFormer
H2-Q10,0.017997453146792942,427,scFormer
Gimap4,0.017990182735402645,428,scFormer
Clec4a1,0.017986338999008686,429,scFormer
Ncam1,0.017981424591737533,430,scFormer
H2-DMb1,0.017963783986220994,431,scFormer
Hmox1,0.017950002013820642,432,scFormer
Art3,0.017948772305283238,433,scFormer
Ltb4r1,0.01794662453644439,434,scFormer
Pi15,0.017892373532065957,435,scFormer
Frzb,0.01788647809633,436,scFormer
Serpine2,0.01787163145311029,437,scFormer
Ms4a6d,0.01781627458500014,438,scFormer
Mfsd2a,0.017805047069828328,439,scFormer
Hey1,0.01778931697441338,440,scFormer
Cd79a,0.017762955133009815,441,scFormer
Plscr2,0.017762715962924853,442,scFormer
Efemp1,0.017744434746859244,443,scFormer
S100a8,0.017718893556167997,444,scFormer
Atp1a2,0.017710454893258253,445,scFormer
Crip1,0.01770142369419006,446,scFormer
Ifit2,0.017701049482781187,447,scFormer
Glrx,0.01769301163405578,448,scFormer
Icam1,0.01767999138663995,449,scFormer
Rnd1,0.017657664980769403,450,scFormer
Smpdl3a,0.01765709089552899,451,scFormer
Upp1,0.017618989577422257,452,scFormer
Ifi27l2a,0.017617195314973237,453,scFormer
Adh1,0.017616549651304575,454,scFormer
Slc7a5,0.01761148650235666,455,scFormer
Ppp1r15a,0.017603673802596878,456,scFormer
Vcan,0.017601192894873524,457,scFormer
Bst1,0.01759497219351412,458,scFormer
Prelp,0.01759175657187816,459,scFormer
Neat1,0.017585533557211472,460,scFormer
Tfrc,0.017584357365687968,461,scFormer
Gpc3,0.017573393054466677,462,scFormer
Etnppl,0.01756915548198855,463,scFormer
Cd300a,0.017565925201099612,464,scFormer
Gapdh,0.017563311897817332,465,scFormer
Crlf1,0.017562549771857516,466,scFormer
Ctsl,0.017555622413524666,467,scFormer
Polr2l,0.017553782089551856,468,scFormer
Srgn,0.017550810704623297,469,scFormer
Tmem100,0.01753274431502123,470,scFormer
C5ar1,0.017532354295905078,471,scFormer
Birc5,0.017525020020192628,472,scFormer
Vim,0.017524170241693234,473,scFormer
Npl,0.01752395739608574,474,scFormer
Emp3,0.01749568337186328,475,scFormer
Bex2,0.017495291291441863,476,scFormer
Il11,0.01748802674379763,477,scFormer
Gm3764,0.017483258389711636,478,scFormer
Amica1,0.017476211229902536,479,scFormer
Adrbk2,0.0174754915837256,480,scFormer
Dab2,0.017474921345073224,481,scFormer
Vwa1,0.017473867694811202,482,scFormer
Mgll,0.01745240851952157,483,scFormer
Rgs5,0.017449740543504712,484,scFormer
Opalin,0.01743981445972777,485,scFormer
Serpinh1,0.01742534435545314,486,scFormer
Ms4a6c,0.01741151689840679,487,scFormer
Top2a,0.017402991626543334,488,scFormer
Cxcr2,0.017399038246138886,489,scFormer
Slc16a1,0.017387270107903943,490,scFormer
Ninj1,0.01737756969755453,491,scFormer
Gm10116,0.017366950395130164,492,scFormer
Hsd11b1,0.017330243747194284,493,scFormer
Pln,0.017315740646405613,494,scFormer
F13a1,0.017292110894273065,495,scFormer
Rnase4,0.01728300186800861,496,scFormer
Itm2a,0.017268983538151275,497,scFormer
Gstm1,0.017259997378031796,498,scFormer
Ccl11,0.017242595913058316,499,scFormer
Hmgb2,0.017232687868323462,500,scFormer
Usp50,0.01722535322986553,501,scFormer
Hebp1,0.0172201685388305,502,scFormer
Fbln1,0.017217856618571142,503,scFormer
Nrip2,0.017217087168149407,504,scFormer
Scrg1,0.01721059592394999,505,scFormer
Perp,0.017206131291668474,506,scFormer
Ms4a7,0.017186331828744933,507,scFormer
Abcc9,0.017165108381303546,508,scFormer
Col4a1,0.017159573232134417,509,scFormer
Cpe,0.01714090573093363,510,scFormer
Cd93,0.017129608856909607,511,scFormer
Naaa,0.017117171520594193,512,scFormer
Sdf2l1,0.01710665545683356,513,scFormer
Myc,0.017103103576023834,514,scFormer
Fam101b,0.017088028126763112,515,scFormer
Brinp3,0.017057565707321896,516,scFormer
S100a11,0.017043306284523628,517,scFormer
Axl,0.017026525226527128,518,scFormer
Clu,0.017025377524652083,519,scFormer
Cd44,0.017019279202286807,520,scFormer
Slc6a11,0.017008992399213423,521,scFormer
Phactr3,0.016992015248446537,522,scFormer
Slc13a4,0.016989200923932513,523,scFormer
Igf2,0.01698227046158543,524,scFormer
Lilrb4a,0.016981935532714036,525,scFormer
Irf7,0.01697396682194579,526,scFormer
Thbd,0.016969751973553382,527,scFormer
Hp,0.016967168558257847,528,scFormer
Pf4,0.016944392340371754,529,scFormer
Chil1,0.01694384852835459,530,scFormer
Clec4a3,0.01693543956044941,531,scFormer
Gpr141,0.016912547168171307,532,scFormer
Gm2a,0.01689939008258852,533,scFormer
Cdca8,0.016897269151506054,534,scFormer
Rem1,0.016889164715093958,535,scFormer
mt-Nd4,0.016866722000654897,536,scFormer
H2-DMa,0.016810608839361692,537,scFormer
Dpysl2,0.016801767128339664,538,scFormer
Taldo1,0.016801571829855297,539,scFormer
Fam167b,0.016795560777826846,540,scFormer
Gm5424,0.01679109274162539,541,scFormer
Hmgn2,0.01678701161473921,542,scFormer
Arl5c,0.016760941575060452,543,scFormer
Cdkn1c,0.01676052382723347,544,scFormer
Pcolce,0.016751049903536777,545,scFormer
Glipr1,0.016748080987691486,546,scFormer
Treml4,0.016743047041163844,547,scFormer
Ephx3,0.016731650716454275,548,scFormer
Cdk6,0.016723004255033768,549,scFormer
Bgn,0.016715479998676272,550,scFormer
Slc6a9,0.016708911584280128,551,scFormer
Hilpda,0.016701255460757833,552,scFormer
Pdlim4,0.0166821124104367,553,scFormer
Slc22a4,0.01665914371441003,554,scFormer
Ptprb,0.016657148315388694,555,scFormer
Actg2,0.016655395770196264,556,scFormer
Cthrc1,0.016644741292964726,557,scFormer
Klk6,0.0166446679790514,558,scFormer
Cd300lf,0.016636539952536285,559,scFormer
Rspo3,0.01663382624565736,560,scFormer
Rgs18,0.016602898320630676,561,scFormer
Gjb2,0.016595384797834883,562,scFormer
Slc19a1,0.016579982660305144,563,scFormer
Pam,0.016572194373981892,564,scFormer
Hmcn1,0.01656717936443181,565,scFormer
Hspa1b,0.01656638214311211,566,scFormer
Dclk1,0.016566356276639438,567,scFormer
Cox4i2,0.01655590490496194,568,scFormer
Clec5a,0.01654602422414191,569,scFormer
Slc16a3,0.016544245070417348,570,scFormer
Cd69,0.01653000026014655,571,scFormer
Vegfc,0.01652644048921367,572,scFormer
Actn1,0.016516576222587058,573,scFormer
Pllp,0.016516576197424745,574,scFormer
Ly6d,0.016514062348423664,575,scFormer
Nrarp,0.01648387796683508,576,scFormer
Pla2g4a,0.016480900168907596,577,scFormer
Emp2,0.016478264177138494,578,scFormer
Sema3c,0.01647273096746583,579,scFormer
Ace2,0.01645826139081692,580,scFormer
Sept4,0.016451644172167525,581,scFormer
Ndn,0.01644631171103462,582,scFormer
Igf1r,0.016428618585851668,583,scFormer
Apln,0.016417897144591125,584,scFormer
Nr2f2,0.01641671547782332,585,scFormer
Ace,0.016410534144830624,586,scFormer
Prom1,0.016410477168464676,587,scFormer
Cd38,0.016409684357485212,588,scFormer
Inmt,0.016404294238409077,589,scFormer
Akap12,0.01640247151528772,590,scFormer
Ehd4,0.0163951162472714,591,scFormer
Pilrb2,0.01639364584199114,592,scFormer
Kazald1,0.016388784851383738,593,scFormer
Csf1,0.016374461443310753,594,scFormer
Tmem45a,0.016367400520322338,595,scFormer
Atp1b1,0.01636410513550231,596,scFormer
Pdgfra,0.016361276291722893,597,scFormer
Id4,0.016348490000082178,598,scFormer
Gpx1,0.01634667565650056,599,scFormer
AU021092,0.016334450288904123,600,scFormer
Bcl2a1b,0.016317819778508623,601,scFormer
Lmnb1,0.016310425007467332,602,scFormer
Rnd3,0.016304065454787627,603,scFormer
Cyp7b1,0.01630377341526311,604,scFormer
Arhgap15,0.01629542263546117,605,scFormer
Ccdc109b,0.01628568335321233,606,scFormer
Sh3bgr,0.01626299872330964,607,scFormer
Grrp1,0.016256027595493237,608,scFormer
Serpinf1,0.016248753595866517,609,scFormer
2200002D01Rik,0.016247259238848552,610,scFormer
Slamf9,0.016242207586357447,611,scFormer
Slfn4,0.016228863493945873,612,scFormer
Slco1a4,0.01620782604390594,613,scFormer
Mrc1,0.016207727052038247,614,scFormer
Igfbp7,0.016187199941494586,615,scFormer
Ifi30,0.016182353965745865,616,scFormer
Sncg,0.016164437920936667,617,scFormer
Npy,0.01614803332179121,618,scFormer
Gda,0.016145417809322563,619,scFormer
Ddah1,0.016142393954421637,620,scFormer
Slc40a1,0.016135442600799542,621,scFormer
Cdkn2b,0.016125487094360222,622,scFormer
Zfp691,0.01612238348961085,623,scFormer
Mx1,0.01611474426201572,624,scFormer
Lgi1,0.016103667384773486,625,scFormer
Rad54b,0.01608129240264614,626,scFormer
Insig1,0.016076577492940353,627,scFormer
Pfkp,0.016066128025833733,628,scFormer
Ndufa4l2,0.016060856057097797,629,scFormer
Flrt2,0.016054004559515313,630,scFormer
BC051019,0.01603381891059118,631,scFormer
Pde4b,0.016031486779492628,632,scFormer
Rcan1,0.01601270282841213,633,scFormer
Col4a2,0.01601187459686194,634,scFormer
Mrps6,0.016002165896470886,635,scFormer
Nfkbiz,0.015999925609930795,636,scFormer
Rbp1,0.015999498392948997,637,scFormer
Col1a2,0.015996850493877713,638,scFormer
Kctd14,0.015988550427754263,639,scFormer
Ctsw,0.015985421856247746,640,scFormer
Slamf7,0.015982998812179124,641,scFormer
Plscr1,0.015979159246256334,642,scFormer
Cit,0.015977681345321133,643,scFormer
Il1f9,0.015974058054278668,644,scFormer
Tgfb2,0.015973340021008812,645,scFormer
Ramp1,0.015963625282686043,646,scFormer
Pdgfa,0.015962690303485034,647,scFormer
Sat1,0.01595753708048831,648,scFormer
Islr,0.015943625726575206,649,scFormer
Cd274,0.015936797702375893,650,scFormer
Tinagl1,0.015922260664083653,651,scFormer
Tubb2a,0.01592104977334322,652,scFormer
Emilin2,0.015911673827889817,653,scFormer
Col13a1,0.01591062957411428,654,scFormer
Bnip3,0.01589712750232081,655,scFormer
Slfn1,0.01589420626068023,656,scFormer
Rmst,0.015885204008117357,657,scFormer
Rasl11a,0.01587994050960063,658,scFormer
Asf1b,0.015868187397419017,659,scFormer
Cdk19,0.015850592030595276,660,scFormer
Ms4a6b,0.015843650181565614,661,scFormer
Cbr2,0.01584121133022705,662,scFormer
Slc7a1,0.015823064396398877,663,scFormer
Mest,0.01582245025662789,664,scFormer
Ndnf,0.015820031998719036,665,scFormer
Lbh,0.015817140369684218,666,scFormer
Osm,0.015815959645690093,667,scFormer
Ppp1r3g,0.015814742021871712,668,scFormer
Sod2,0.015797076370029205,669,scFormer
Usp18,0.015775616684558107,670,scFormer
Synm,0.015774854450403213,671,scFormer
Gja1,0.01577265527266593,672,scFormer
Pcsk1n,0.015741045209390982,673,scFormer
Ifitm2,0.01573987509442545,674,scFormer
Slpi,0.015737874655117633,675,scFormer
Adssl1,0.0157228832008579,676,scFormer
Pim1,0.01571846495391413,677,scFormer
Lrtm2,0.01571456444416869,678,scFormer
Dmp1,0.01571337099728119,679,scFormer
Fam13a,0.015697213367538047,680,scFormer
Pgf,0.015691551828067793,681,scFormer
Lmna,0.015677782839525103,682,scFormer
Gpr132,0.015673802234710342,683,scFormer
Lypd1,0.01566117153279184,684,scFormer
Tspan15,0.01566089513850326,685,scFormer
Casq2,0.015643515427236854,686,scFormer
Nebl,0.015633570997783397,687,scFormer
Eno1,0.015623073890319457,688,scFormer
Sema3g,0.01560357523821935,689,scFormer
Saa3,0.015593324022811376,690,scFormer
Enah,0.015561072648487669,691,scFormer
Per3,0.015557219962106489,692,scFormer
Ltbp4,0.015555464381981797,693,scFormer
Alox5ap,0.015555199918236288,694,scFormer
Cd163,0.015543970250839067,695,scFormer
Insc,0.015543639290043461,696,scFormer
Prrx1,0.015536372087967449,697,scFormer
Matn4,0.015531682169113459,698,scFormer
Aqp1,0.015530161341447161,699,scFormer
Slc1a1,0.01553014212751046,700,scFormer
Litaf,0.015515103806568823,701,scFormer
Fmo2,0.015506383491896581,702,scFormer
Gjb6,0.015495942368686882,703,scFormer
Fhl2,0.015492259328806197,704,scFormer
Timp4,0.015475772651445592,705,scFormer
Arhgdib,0.015474100229247204,706,scFormer
Clasp2,0.015466691283923853,707,scFormer
Ccl24,0.01546190919264981,708,scFormer
Hist1h2bc,0.015460652094174411,709,scFormer
Cd14,0.015446149737048836,710,scFormer
Ctsb,0.015445426757281562,711,scFormer
Pla2g7,0.015440002373117254,712,scFormer
Slc16a11,0.015437710175321055,713,scFormer
Hspa5,0.015436570722803354,714,scFormer
Adap2,0.0154144181336251,715,scFormer
Kcna5,0.015413589921296671,716,scFormer
Smim3,0.015409881843646068,717,scFormer
Emilin1,0.01540906972446816,718,scFormer
Chst2,0.01540544529037156,719,scFormer
Hacd2,0.015383957240113277,720,scFormer
Gdf15,0.015375024368750564,721,scFormer
Gsr,0.01536370048381632,722,scFormer
Adap2os,0.015349474711069348,723,scFormer
Scg5,0.015349331170683352,724,scFormer
Metrnl,0.015346217715512396,725,scFormer
Ptgds,0.015339507755931181,726,scFormer
Pygl,0.015333990546854033,727,scFormer
Fmod,0.015331692510177828,728,scFormer
Bcas3,0.01533107494783543,729,scFormer
Oasl1,0.01532797558564188,730,scFormer
Selenbp1,0.01532793986463807,731,scFormer
Gm12840,0.015309386386082898,732,scFormer
Asb2,0.015302632077107,733,scFormer
Gpr65,0.015298843059969923,734,scFormer
Amd1,0.015295882303982886,735,scFormer
Crim1,0.01528543205980437,736,scFormer
Gclm,0.01528211346881384,737,scFormer
Blvrb,0.015281810205878727,738,scFormer
Aqp4,0.015280154261529707,739,scFormer
Oas1a,0.015278811852474719,740,scFormer
Ctsd,0.015275037223860867,741,scFormer
Gm12002,0.015274536709931757,742,scFormer
Gper1,0.015273043646636883,743,scFormer
Slc38a2,0.015260032825501315,744,scFormer
Sorbs2,0.015259021267146984,745,scFormer
Map7d2,0.015254878112359753,746,scFormer
Slc5a6,0.015252965008858756,747,scFormer
Spint1,0.015248416874326383,748,scFormer
Fpr2,0.015231722262318123,749,scFormer
Gas7,0.015231702783419829,750,scFormer
Pex5l,0.015230251733043465,751,scFormer
Prtn3,0.015230120910231505,752,scFormer
Marcks,0.015220155997052835,753,scFormer
Kcne4,0.015208092569719344,754,scFormer
Kcnk2,0.015204242639519142,755,scFormer
Prune2,0.01520101354484116,756,scFormer
Serpine1,0.015190659429211016,757,scFormer
Fscn1,0.015188214920963287,758,scFormer
Tnip3,0.015183682970700305,759,scFormer
Gm5127,0.015177017590511176,760,scFormer
Sgk1,0.015169648950601269,761,scFormer
Cenpa,0.015165940635992182,762,scFormer
Eps8l2,0.015158220362105805,763,scFormer
Phgdh,0.015142343433373758,764,scFormer
Slc47a1,0.015135987507194911,765,scFormer
1700047M11Rik,0.015134883801565278,766,scFormer
Lrp4,0.015133313193926233,767,scFormer
Mthfd2,0.015118396935644212,768,scFormer
Fbxo2,0.015113898622261254,769,scFormer
Synpo,0.01510908945214567,770,scFormer
Nkain4,0.015100510268374445,771,scFormer
Rgs16,0.015090254287470935,772,scFormer
Pkib,0.015089373212449861,773,scFormer
Msrb1,0.015086972572655647,774,scFormer
Gm13889,0.015086034654539969,775,scFormer
Nfasc,0.015070139385344532,776,scFormer
Tubb2b,0.015046985714509865,777,scFormer
Slc1a5,0.015041408121813937,778,scFormer
Atp5e,0.015019569056047738,779,scFormer
Ndrg1,0.015014368671253577,780,scFormer
Tuba1c,0.015010764501244833,781,scFormer
Ccnd1,0.014992036738100066,782,scFormer
Lilra5,0.01498749802768121,783,scFormer
Pde10a,0.014985011825619508,784,scFormer
Tma16,0.01498364144633515,785,scFormer
Trf,0.014979918204579926,786,scFormer
Sox17,0.014978763633558283,787,scFormer
Slc7a10,0.014973135274053154,788,scFormer
Atp5l,0.014962683832684408,789,scFormer
Tsc22d1,0.014947032125559614,790,scFormer
Ddit4l,0.01494134266444892,791,scFormer
Fam180a,0.014933992255333414,792,scFormer
Ntf3,0.014927897769692151,793,scFormer
Loxl1,0.01492457117418239,794,scFormer
Ntm,0.014916470021939247,795,scFormer
Nostrin,0.014909876160505283,796,scFormer
Rac2,0.014898767956862295,797,scFormer
Ccr1,0.014891601616189012,798,scFormer
Tbx3os1,0.014871223478608081,799,scFormer
Dkk3,0.014863531464945054,800,scFormer
Itga5,0.01485340968945385,801,scFormer
Samhd1,0.014837396929865033,802,scFormer
Plpp3,0.014812460818942073,803,scFormer
1810011O10Rik,0.01480026195512695,804,scFormer
Col6a1,0.014792673413789464,805,scFormer
Gstt1,0.014771356358636674,806,scFormer
Cycs,0.014770094118274207,807,scFormer
Cmpk2,0.014756002666093244,808,scFormer
Errfi1,0.014753994716138962,809,scFormer
Tmod1,0.014751658663467511,810,scFormer
Fcna,0.014749840915259745,811,scFormer
Hist1h1c,0.014747334099004921,812,scFormer
Ehd1,0.014743114358894875,813,scFormer
Pld3,0.014735501926552597,814,scFormer
Sox11,0.014733710050453652,815,scFormer
Gde1,0.014733114743499948,816,scFormer
AI607873,0.014731919439247228,817,scFormer
Col1a1,0.014719669243961573,818,scFormer
Cox7c,0.01470845799822031,819,scFormer
Ngf,0.014698145117306891,820,scFormer
Gla,0.01469758750271954,821,scFormer
Kdr,0.014694082583452226,822,scFormer
Pantr1,0.014688023422130244,823,scFormer
Ccl17,0.014681798408273855,824,scFormer
Pilrb1,0.01468155539352252,825,scFormer
Ndufa4,0.014676816275137247,826,scFormer
Itga8,0.014669741688744525,827,scFormer
Uqcr11,0.014653458414068423,828,scFormer
Bicc1,0.014643305983258153,829,scFormer
Mmp14,0.014628122473164838,830,scFormer
Oaf,0.014622519484782557,831,scFormer
Rasl10b,0.014610441800414976,832,scFormer
Gpihbp1,0.01459807367262798,833,scFormer
Il4i1,0.014594908433021593,834,scFormer
Osgin1,0.014594857100129902,835,scFormer
Timp2,0.014594679491634949,836,scFormer
Spc24,0.014592338744126212,837,scFormer
Tgfb3,0.014582214248037371,838,scFormer
Dtna,0.014567743095634222,839,scFormer
Xdh,0.014559567657274713,840,scFormer
Bmp4,0.014542713981997288,841,scFormer
Zfos1,0.014516148328365909,842,scFormer
C3ar1,0.014514305171432035,843,scFormer
Sgk3,0.014510242775177049,844,scFormer
Lrrn3,0.014510039033885268,845,scFormer
S100a16,0.014501676997462147,846,scFormer
Adamtsl1,0.014499025188397354,847,scFormer
C3,0.014492596521180715,848,scFormer
Cox6c,0.014489751166374718,849,scFormer
Cntfr,0.014483651260714095,850,scFormer
Tmeff2,0.01448040548220419,851,scFormer
Syngr1,0.01446298524507661,852,scFormer
Gm4951,0.014461848248419213,853,scFormer
Ceacam10,0.01444810193911402,854,scFormer
Palld,0.01444454434224755,855,scFormer
Meis2,0.01443829566201104,856,scFormer
Id1,0.014419762936155097,857,scFormer
Atpif1,0.014419520834118986,858,scFormer
Siglece,0.014417005710280257,859,scFormer
Fam213a,0.014414327873796142,860,scFormer
Sema4b,0.014404208346744312,861,scFormer
Slc4a4,0.014400982586570615,862,scFormer
Car13,0.014396770866110908,863,scFormer
Ggt1,0.014396102142964037,864,scFormer
Ackr3,0.014395427639128225,865,scFormer
RP23-6I17.1,0.014395176520358561,866,scFormer
Gnao1,0.014394925659518568,867,scFormer
Stra6,0.014389302161373428,868,scFormer
Trp53i11,0.014369721917220947,869,scFormer
Tnik,0.01436585479831826,870,scFormer
Htra3,0.014365769455212719,871,scFormer
Plac9b,0.014361746918902853,872,scFormer
Nfil3,0.014360362606629406,873,scFormer
Slc9a3r1,0.014355548322396916,874,scFormer
Cd302,0.014349147763640348,875,scFormer
Ctla2b,0.014345698572798927,876,scFormer
Hsp90aa1,0.014344934371807467,877,scFormer
Mcemp1,0.01434293422947209,878,scFormer
Vegfa,0.01433332421687098,879,scFormer
Steap1,0.014316881905083043,880,scFormer
Gm14964,0.014301010787722421,881,scFormer
Cxcl1,0.014294585357059077,882,scFormer
F3,0.014285835262231698,883,scFormer
Sphk1,0.014276312067208337,884,scFormer
Samsn1,0.014269726255423209,885,scFormer
Tshz2,0.014267134767831873,886,scFormer
Jag1,0.014266900950471801,887,scFormer
Fcgr1,0.0142592712954078,888,scFormer
Csrp2,0.01424940257340873,889,scFormer
Etv1,0.0142425366656044,890,scFormer
Epsti1,0.014240851108197098,891,scFormer
Ccl22,0.014237410317541476,892,scFormer
Car2,0.014209835384067566,893,scFormer
Spint2,0.014208505747414307,894,scFormer
Gpld1,0.014195629893304442,895,scFormer
Clec3b,0.014180772489386958,896,scFormer
Nrp2,0.014178086425354463,897,scFormer
Kcnk1,0.014177017815476999,898,scFormer
Itgam,0.014174680296414482,899,scFormer
Sox4,0.014174496713856337,900,scFormer
Pmaip1,0.0141448198431976,901,scFormer
Hspa2,0.014129198115217732,902,scFormer
Ly6c1,0.014114924858628478,903,scFormer
Lck,0.014113260714594416,904,scFormer
Slc22a17,0.014105121072966043,905,scFormer
Car14,0.014098954796397676,906,scFormer
Slit2,0.014087189576623539,907,scFormer
Gsta4,0.014066217903695812,908,scFormer
Col8a2,0.014055373677050276,909,scFormer
Pax6,0.014052307764444872,910,scFormer
Rab20,0.014050457946206291,911,scFormer
Auts2,0.014047590712705177,912,scFormer
Fam43a,0.014040145427752039,913,scFormer
Ddc,0.014037593671793358,914,scFormer
Fgfr1,0.014028114498226756,915,scFormer
Mcm5,0.01402215984529062,916,scFormer
Oas1g,0.014018859069503613,917,scFormer
AI662270,0.014001026069421755,918,scFormer
Dmd,0.013996217518330913,919,scFormer
Dbi,0.013983454808827756,920,scFormer
Ly86,0.013976019872473279,921,scFormer
Inhba,0.013974138937233023,922,scFormer
Slc26a2,0.013963995163706893,923,scFormer
Sdpr,0.01396286290333783,924,scFormer
Adk,0.013961776940907182,925,scFormer
Hcst,0.013943786420844251,926,scFormer
Cst3,0.013937140485608002,927,scFormer
Hbb-bs,0.013933711121143083,928,scFormer
Vstm4,0.013933252717843332,929,scFormer
Cox7b,0.013927446106920411,930,scFormer
Fgr,0.013909837386492575,931,scFormer
Lhx2,0.013904188891505737,932,scFormer
Sostdc1,0.013899692479320335,933,scFormer
Rtn4,0.013887561404795115,934,scFormer
Gstm7,0.01388393543893907,935,scFormer
Msmo1,0.013881309746070882,936,scFormer
Aprt,0.01387431541286526,937,scFormer
Pth1r,0.01387305806570007,938,scFormer
Fxyd1,0.013849829714993631,939,scFormer
Tbc1d4,0.013846284402494495,940,scFormer
AB124611,0.013845763030748323,941,scFormer
Pdgfrb,0.01384291959700306,942,scFormer
Folr1,0.013837679011545697,943,scFormer
Sulf1,0.013835563074152802,944,scFormer
Dpep1,0.013828818800037298,945,scFormer
Sfrp5,0.013809209881644663,946,scFormer
Mrap,0.013808267588780879,947,scFormer
Ebf1,0.013807073795083231,948,scFormer
Stk17b,0.013803307369211693,949,scFormer
Col9a3,0.013801550680211626,950,scFormer
Il1a,0.013798201398100498,951,scFormer
Creg1,0.013782344332826067,952,scFormer
Dpysl3,0.013777352105271245,953,scFormer
Ccdc80,0.01377617465209123,954,scFormer
Myof,0.013770382035896521,955,scFormer
Plppr4,0.013763254737554806,956,scFormer
Ctsc,0.013762843360922596,957,scFormer
2900060B14Rik,0.013758232779038142,958,scFormer
Sept1,0.013756758408768211,959,scFormer
Cd7,0.013751258729688225,960,scFormer
Gem,0.013747521042129687,961,scFormer
Tesc,0.013747330381499674,962,scFormer
Prdx5,0.013738972767933033,963,scFormer
Cnn2,0.013728772577350888,964,scFormer
Pacrg,0.0137128631146497,965,scFormer
Gpr35,0.013710481220121045,966,scFormer
Trim9,0.013705097846602513,967,scFormer
Ttr,0.0137028798799382,968,scFormer
Adora2b,0.013701519937128114,969,scFormer
Slfn2,0.013684265217781114,970,scFormer
Siglecg,0.01368230051053304,971,scFormer
Prlr,0.013679188988589889,972,scFormer
Lfng,0.013668949003001725,973,scFormer
Ly6a,0.013665508751368256,974,scFormer
Isg20,0.01365228837396984,975,scFormer
Gpx4,0.01365128977768777,976,scFormer
Ube2l6,0.013645593262352635,977,scFormer
Slc11a1,0.013641054617624727,978,scFormer
Atp5g1,0.013632229540016692,979,scFormer
Slc30a10,0.01362310028748115,980,scFormer
Mxd1,0.013616460347010395,981,scFormer
Degs2,0.013612701886035146,982,scFormer
Tbx18,0.013611045632472,983,scFormer
Aif1,0.013607282231946682,984,scFormer
Thy1,0.013591534183833201,985,scFormer
Mustn1,0.013588242390051401,986,scFormer
Sept7,0.013582595809766902,987,scFormer
Luzp2,0.0135811918768893,988,scFormer
Cd180,0.013560838403592831,989,scFormer
2010107E04Rik,0.01355421430187277,990,scFormer
Pydc3,0.01355166995013925,991,scFormer
4430402I18Rik,0.013547381694303933,992,scFormer
Ica1l,0.013546714474071327,993,scFormer
Btbd17,0.013543447785476248,994,scFormer
Mboat2,0.013528114801474042,995,scFormer
Uqcrq,0.013528095407176595,996,scFormer
Bcl2,0.013524152025023209,997,scFormer
Atp5k,0.013523869278413755,998,scFormer
Acaca,0.013509604164734106,999,scFormer
Gm17750,0.013496829454142807,1000,scFormer
Kctd1,0.013478415047845442,1001,scFormer
Arg2,0.013474788546905698,1002,scFormer
Ssu2,0.013474139411385758,1003,scFormer
Ppp1r1a,0.013457442371059123,1004,scFormer
Pycard,0.01344474164536034,1005,scFormer
Hopx,0.013438927519053488,1006,scFormer
Oas3,0.013429679753132187,1007,scFormer
Sqle,0.01342570079926198,1008,scFormer
Mef2c,0.013422525201828185,1009,scFormer
Ezr,0.013417757763588672,1010,scFormer
Slc1a4,0.013407922974326365,1011,scFormer
Pde1a,0.01340075220480033,1012,scFormer
Ano1,0.013399782679029876,1013,scFormer
Ngfrap1,0.013398851678877596,1014,scFormer
H2-Oa,0.013379512598204045,1015,scFormer
Serpinb6b,0.013375412329682047,1016,scFormer
Alcam,0.01337158760970588,1017,scFormer
Siglech,0.013363429910333048,1018,scFormer
Nfkbid,0.013361827269247747,1019,scFormer
Gm13861,0.01335785259438996,1020,scFormer
Fam107a,0.01335472586227498,1021,scFormer
Ms4a1,0.013334290669849572,1022,scFormer
Coro1a,0.013328630783511496,1023,scFormer
Ptch1,0.013322041983683006,1024,scFormer
Trib1,0.013315607630277237,1025,scFormer
Uap1l1,0.013313365940189972,1026,scFormer
Mia,0.013312650123551555,1027,scFormer
Rap2b,0.013294258232347218,1028,scFormer
Procr,0.013293540730152101,1029,scFormer
Slc2a5,0.013289771194294996,1030,scFormer
Hpgd,0.013283931592689245,1031,scFormer
Pira2,0.013282353490992846,1032,scFormer
Kl,0.013280714870706695,1033,scFormer
Arl6ip1,0.013279073765772968,1034,scFormer
Gm26522,0.013263323512206063,1035,scFormer
Kcnj13,0.01326100290135327,1036,scFormer
Chka,0.013257568507896668,1037,scFormer
Nsg1,0.013256784250179815,1038,scFormer
Mlc1,0.013249718216558603,1039,scFormer
Tubb4b,0.013238019791412365,1040,scFormer
Hacd4,0.01323128995083755,1041,scFormer
Scara3,0.013225754773270978,1042,scFormer
Rasgrp2,0.013224184982324088,1043,scFormer
Rbp7,0.013217294876273373,1044,scFormer
Ldhb,0.013209249458061043,1045,scFormer
Prkcdbp,0.013203054348819807,1046,scFormer
Sh2d1b1,0.013202960114740394,1047,scFormer
Nos1,0.013202013734050071,1048,scFormer
Unc119,0.013197480556849456,1049,scFormer
Cox8a,0.013194698560940465,1050,scFormer
Usmg5,0.013171993994902752,1051,scFormer
Wtip,0.013165421664736728,1052,scFormer
Olfml3,0.013163662810480339,1053,scFormer
Nbl1,0.013159997000837231,1054,scFormer
Snx2,0.013158864472963501,1055,scFormer
Cox5b,0.013147890304404221,1056,scFormer
Rgs20,0.013146581329342094,1057,scFormer
Zcchc18,0.01314539500917496,1058,scFormer
Arrdc2,0.01314371594328321,1059,scFormer
Asph,0.013130808981852813,1060,scFormer
Myl6,0.013128275499776881,1061,scFormer
Pdlim3,0.013127452552733834,1062,scFormer
Smc4,0.013127000045070886,1063,scFormer
Trem1,0.013124300507165952,1064,scFormer
S100a1,0.013121416678658439,1065,scFormer
Pde4d,0.013112598445001952,1066,scFormer
Ndufa13,0.013112018639781748,1067,scFormer
Zeb2,0.013105117206246221,1068,scFormer
Ifi44,0.013099317342621236,1069,scFormer
Mfge8,0.013097142010644897,1070,scFormer
Grin2c,0.013092382029125736,1071,scFormer
Gucy1b3,0.013081272528509505,1072,scFormer
Fpr1,0.013070351123864558,1073,scFormer
Psat1,0.013069879775718062,1074,scFormer
Tor3a,0.013061138327542876,1075,scFormer
Cela1,0.013055977814751778,1076,scFormer
Cmtm5,0.013044261136306686,1077,scFormer
Gm9780,0.013037293220224901,1078,scFormer
Cd82,0.013037243928737357,1079,scFormer
Gimap3,0.013036041185269175,1080,scFormer
Tnfrsf9,0.01302625166728418,1081,scFormer
F5,0.013025721990538041,1082,scFormer
Phkg1,0.013024735580424518,1083,scFormer
Bcl11a,0.013022676136378034,1084,scFormer
Map1b,0.013015012362031632,1085,scFormer
Frmd4a,0.013014083972319082,1086,scFormer
Riiad1,0.013013150863529437,1087,scFormer
Ank2,0.01300810605810347,1088,scFormer
P2ry12,0.0130075380366516,1089,scFormer
Map4k1,0.012991233217902541,1090,scFormer
Pdlim2,0.012991008652893186,1091,scFormer
Msx1,0.012990445479177059,1092,scFormer
Map2,0.012989408059199788,1093,scFormer
A730049H05Rik,0.012983154619271377,1094,scFormer
Gzmb,0.012980063214275271,1095,scFormer
Rdh12,0.012979813439219487,1096,scFormer
Cyyr1,0.01297427948618203,1097,scFormer
Gmfg,0.012973938236688765,1098,scFormer
Pecam1,0.012969697357106545,1099,scFormer
Spn,0.012962896998821083,1100,scFormer
Cyp2j9,0.012958168037951827,1101,scFormer
Lin7a,0.01295131373036568,1102,scFormer
Lxn,0.01293218473750181,1103,scFormer
Crispld1,0.012917527332142643,1104,scFormer
Slc16a8,0.012910655541801546,1105,scFormer
Cystm1,0.012907320727117654,1106,scFormer
Grem2,0.012907124293375085,1107,scFormer
Gm1673,0.012900416835611056,1108,scFormer
Rassf4,0.01289619940326699,1109,scFormer
Cd2,0.012889940270334233,1110,scFormer
Gpx8,0.01288621041736831,1111,scFormer
S1pr3,0.012884097385334326,1112,scFormer
Pirb,0.012878049781290831,1113,scFormer
Ltc4s,0.012877588233279313,1114,scFormer
Plce1,0.012871477388401114,1115,scFormer
Zfp36l2,0.012868400352538754,1116,scFormer
Cd300lb,0.012860254715810105,1117,scFormer
Slc12a2,0.012859692557858798,1118,scFormer
Ccdc3,0.012846183009518987,1119,scFormer
Hvcn1,0.012845779135091818,1120,scFormer
Slc1a2,0.012844383673015734,1121,scFormer
Cfb,0.012839822371005016,1122,scFormer
Tmem106a,0.012837446731871522,1123,scFormer
Syngr2,0.012834029833520418,1124,scFormer
Hhatl,0.012832643995224359,1125,scFormer
Klre1,0.012831544880864219,1126,scFormer
H2afj,0.012828038158335756,1127,scFormer
Endod1,0.012827460775814325,1128,scFormer
Atp5o,0.012824898112907972,1129,scFormer
Rhoj,0.012820766562169865,1130,scFormer
Ndufa12,0.012811316406793406,1131,scFormer
Maf,0.01280422833978251,1132,scFormer
Serpina3g,0.01280278508646721,1133,scFormer
Atp1b2,0.012793476253102266,1134,scFormer
Islr2,0.01277978375395367,1135,scFormer
Mfap4,0.012779404962609044,1136,scFormer
Gfra2,0.012776851424619486,1137,scFormer
Hist4h4,0.012773639649894775,1138,scFormer
Olfm1,0.012767485172160932,1139,scFormer
Itgax,0.012765979534469077,1140,scFormer
Icam2,0.012749806135588243,1141,scFormer
Mir124-2hg,0.012744024843990476,1142,scFormer
Cmip,0.01273636759653013,1143,scFormer
Hspb6,0.012736065446222002,1144,scFormer
Gpr20,0.012734177797006481,1145,scFormer
Abi3,0.012731258544667891,1146,scFormer
Cryab,0.012730307279463261,1147,scFormer
Hes1,0.012723644066640297,1148,scFormer
Mmp19,0.012723608259895021,1149,scFormer
Steap4,0.012719945755254708,1150,scFormer
Cd55,0.01271446795948296,1151,scFormer
Tagln3,0.01271196334526811,1152,scFormer
Adamts2,0.012710497745237827,1153,scFormer
Prdx6,0.012703323208624693,1154,scFormer
Itga7,0.01269649280041814,1155,scFormer
Map3k7cl,0.012680582552083305,1156,scFormer
St3gal4,0.012662584296017479,1157,scFormer
Pou2f2,0.012657894164120375,1158,scFormer
Runx1,0.012651858691343403,1159,scFormer
Ccr5,0.01264541862455121,1160,scFormer
Odc1,0.01264039442386414,1161,scFormer
Rcan2,0.012634709932277872,1162,scFormer
Plxdc2,0.012631742602670588,1163,scFormer
Ube2c,0.01262896400548852,1164,scFormer
Got1,0.01262327547909234,1165,scFormer
Runx3,0.012600814282392514,1166,scFormer
Nusap1,0.012600726501905147,1167,scFormer
Tpd52l1,0.012598545131737414,1168,scFormer
Fcgr2b,0.012596297954251068,1169,scFormer
CR974586.5,0.012583577806454598,1170,scFormer
Sema3b,0.01258278699930429,1171,scFormer
Tspan3,0.012580907633451334,1172,scFormer
Slc38a1,0.012576766320777269,1173,scFormer
Mafb,0.012576474702703228,1174,scFormer
Chst1,0.012573978463875788,1175,scFormer
Gas1,0.012571746537060237,1176,scFormer
Stap1,0.01257088017758128,1177,scFormer
Foxc2,0.012562833738389519,1178,scFormer
Sfxn5,0.012549584089052702,1179,scFormer
Car8,0.012531284895464439,1180,scFormer
Cdh11,0.012524498499031724,1181,scFormer
Ggt5,0.012523004407308587,1182,scFormer
Abhd12,0.012510335941081379,1183,scFormer
St5,0.01250957845450022,1184,scFormer
Hapln1,0.012505542132782398,1185,scFormer
Gstp1,0.012500826641520139,1186,scFormer
Fam20c,0.01249844556052608,1187,scFormer
Gm5483,0.012497892400188802,1188,scFormer
Gpc6,0.012495568537233444,1189,scFormer
Slamf8,0.012494593707220359,1190,scFormer
Ntrk2,0.012494175421459322,1191,scFormer
Snhg11,0.012489444529084416,1192,scFormer
Ablim2,0.012487931538056293,1193,scFormer
Cdk2ap2,0.012481226486025227,1194,scFormer
Dusp23,0.012474688897986556,1195,scFormer
Lrrc25,0.012472965134367471,1196,scFormer
Ehd2,0.0124708127318761,1197,scFormer
Rlbp1,0.012469266810217145,1198,scFormer
Gm17056,0.012465133513578423,1199,scFormer
Gpr34,0.01245851106052013,1200,scFormer
Ece1,0.012451022857868303,1201,scFormer
Gm6377,0.012441260237291744,1202,scFormer
Mrgprf,0.012440164063204662,1203,scFormer
Atcayos,0.012434924977284859,1204,scFormer
Rel,0.012434330983457854,1205,scFormer
Cadm1,0.0124279266288108,1206,scFormer
Itgad,0.012424060405065579,1207,scFormer
Asns,0.012419243853414278,1208,scFormer
Tlcd1,0.012417607173301778,1209,scFormer
Eps8,0.012415478841628018,1210,scFormer
Dusp6,0.01240482451307924,1211,scFormer
Nap1l5,0.012397255593202847,1212,scFormer
Cndp2,0.012395696855334416,1213,scFormer
Fgfr3,0.012395382406234848,1214,scFormer
Bdh2,0.012393744481027936,1215,scFormer
Cxcr4,0.01238714142381294,1216,scFormer
Rsph9,0.012380496524824777,1217,scFormer
Tnfsf9,0.012376586435344044,1218,scFormer
Anks1b,0.012369991085636323,1219,scFormer
Sgip1,0.012362462930917025,1220,scFormer
Kmo,0.01235425052386904,1221,scFormer
Creb5,0.012353053660848833,1222,scFormer
Nr2f1,0.012350811840323224,1223,scFormer
Gja4,0.012347731368767887,1224,scFormer
Ifi27,0.012346581359737447,1225,scFormer
Agpat5,0.012346414365604574,1226,scFormer
Plp2,0.01234576012841233,1227,scFormer
Lrp1,0.012344840183530137,1228,scFormer
Enpp2,0.01233332040558493,1229,scFormer
Tcf21,0.012318669573483413,1230,scFormer
Efna5,0.012317785987393401,1231,scFormer
Lhfp,0.01231505477616781,1232,scFormer
Slc6a1,0.012314054554378132,1233,scFormer
1500015O10Rik,0.012311046794624204,1234,scFormer
Mdh1,0.012310807943980014,1235,scFormer
Nsg2,0.012300591839511954,1236,scFormer
Crybb1,0.012298588453362179,1237,scFormer
Dgat2,0.012294159606939161,1238,scFormer
Esm1,0.012286497585047365,1239,scFormer
Lat2,0.012271711163354383,1240,scFormer
Grina,0.012264727653178934,1241,scFormer
Apoc1,0.012255423862066371,1242,scFormer
Gadd45a,0.012255298212787365,1243,scFormer
Tbc1d10c,0.012247314087710796,1244,scFormer
Enpep,0.012246450692031804,1245,scFormer
Dmkn,0.012244792019341741,1246,scFormer
Ptpn22,0.012240179147026096,1247,scFormer
Nrxn1,0.012222350481558838,1248,scFormer
Hspb1,0.012221990838987472,1249,scFormer
Lcat,0.01221784380984395,1250,scFormer
Ddit3,0.012214119838775309,1251,scFormer
AF251705,0.01220485988641865,1252,scFormer
Ifngr1,0.012203674943951873,1253,scFormer
Cemip,0.01219920565137534,1254,scFormer
Ptger4,0.01219899009199669,1255,scFormer
Dhx58os,0.012197696823975876,1256,scFormer
Plek,0.012189153576954395,1257,scFormer
Nfix,0.012175109315735136,1258,scFormer
Cox6b2,0.01216696245050631,1259,scFormer
Cdc42ep2,0.012157948143702895,1260,scFormer
Fcrls,0.012154062916768201,1261,scFormer
Kif1a,0.012153044188365884,1262,scFormer
Tuba4a,0.012144489575904813,1263,scFormer
Wfdc2,0.012143806773983246,1264,scFormer
AI839979,0.012136324389062257,1265,scFormer
Cdo1,0.012126900533183367,1266,scFormer
Uqcr10,0.012125169048535724,1267,scFormer
Slc2a3,0.01211870438769587,1268,scFormer
Mgst2,0.012114025303793432,1269,scFormer
Slc22a6,0.012105856266232676,1270,scFormer
Tomm7,0.01210096072651571,1271,scFormer
Ptx3,0.012090349711779302,1272,scFormer
Cpne8,0.012086053481067723,1273,scFormer
Prnp,0.012085375932588977,1274,scFormer
Cadm4,0.012074079892789674,1275,scFormer
Cml1,0.012069879368877883,1276,scFormer
Cebpb,0.012065140249737486,1277,scFormer
Ptges,0.012059367915258176,1278,scFormer
Tecr,0.012055831748728223,1279,scFormer
Rgs12,0.0120482057596033,1280,scFormer
Gnai1,0.012043147472885238,1281,scFormer
Sulf2,0.012041394354538264,1282,scFormer
Rarres2,0.012040884857929868,1283,scFormer
Dfna5,0.012039529000199884,1284,scFormer
Lockd,0.012031218825937969,1285,scFormer
Loxl2,0.012029544336443198,1286,scFormer
Cotl1,0.012027246528429555,1287,scFormer
Lmo7,0.012020601541996894,1288,scFormer
Slc15a3,0.012008172936320852,1289,scFormer
Atf5,0.011999930122944579,1290,scFormer
Serpinb9,0.011998243719518005,1291,scFormer
Heyl,0.01198805747494902,1292,scFormer
Rgs17,0.011986990080842818,1293,scFormer
Cpxm1,0.011983794385165105,1294,scFormer
Kirrel2,0.011976151407871364,1295,scFormer
Enpp6,0.011975242772875802,1296,scFormer
Mro,0.011970293128125642,1297,scFormer
Slc38a11,0.01196933145703544,1298,scFormer
Csrp1,0.011965659330995814,1299,scFormer
Fdps,0.011962768497858683,1300,scFormer
Mical2,0.011961345279281572,1301,scFormer
1190005I06Rik,0.011959224293720856,1302,scFormer
Cdca3,0.011958456770983308,1303,scFormer
Kcnj16,0.01195579649907936,1304,scFormer
Tarm1,0.011950297222855325,1305,scFormer
Ptchd4,0.011944041911013229,1306,scFormer
Phyhipl,0.011933069899524959,1307,scFormer
Lmo1,0.011927795071467519,1308,scFormer
C1qtnf9,0.01192715099919072,1309,scFormer
Coch,0.01192163866443354,1310,scFormer
Flnc,0.011921502026989536,1311,scFormer
Hn1,0.011917108217524926,1312,scFormer
Col12a1,0.01191002642600388,1313,scFormer
Polk,0.01188458195139037,1314,scFormer
Cyba,0.011876206648465143,1315,scFormer
Tmx4,0.011875159942271939,1316,scFormer
Cd209f,0.011871794639542164,1317,scFormer
Eva1a,0.011858067624443157,1318,scFormer
Selplg,0.011853622285146186,1319,scFormer
Pik3r1,0.011852067880348505,1320,scFormer
Defb11,0.011833912911597069,1321,scFormer
Ccnb2,0.011833569444965162,1322,scFormer
Csf2ra,0.011832412124230947,1323,scFormer
Fyb,0.011827094455416156,1324,scFormer
1500009L16Rik,0.011826597557921373,1325,scFormer
Zic1,0.011826512745422336,1326,scFormer
Col15a1,0.011821158781613396,1327,scFormer
Fzd2,0.011821124112964158,1328,scFormer
Tnni1,0.01181569447493573,1329,scFormer
Socs2,0.0118152020060583,1330,scFormer
Col6a2,0.011811794498691866,1331,scFormer
Cd48,0.011811170044051434,1332,scFormer
Ncald,0.011808063059494863,1333,scFormer
Limd2,0.011805791094582196,1334,scFormer
Cd68,0.011804548736743848,1335,scFormer
Slc39a12,0.011789964432175054,1336,scFormer
Rras2,0.011784666318930522,1337,scFormer
Gusb,0.011784451773511033,1338,scFormer
Itgb2l,0.011784215652608341,1339,scFormer
Pcyt2,0.011783423128834585,1340,scFormer
Ndufc1,0.011779732129788832,1341,scFormer
Pcolce2,0.011779438965919832,1342,scFormer
Csf3r,0.011773618845308937,1343,scFormer
Clmp,0.01177356940517102,1344,scFormer
Aldh1a2,0.011772367562905693,1345,scFormer
Itgb2,0.011769706705807018,1346,scFormer
Idh2,0.011769295316561916,1347,scFormer
Mxra8,0.011760821971768916,1348,scFormer
Ptpn18,0.011754275637618114,1349,scFormer
C1qtnf2,0.01174585570707176,1350,scFormer
Fabp3,0.011743569695062588,1351,scFormer
Romo1,0.011730329301128032,1352,scFormer
Enpp1,0.011728426963014394,1353,scFormer
Stab1,0.011727717025706453,1354,scFormer
Krt18,0.011724240010665373,1355,scFormer
Itgb4,0.01172356663515496,1356,scFormer
1110017D15Rik,0.011714661510026354,1357,scFormer
Gprc5c,0.011713279881029116,1358,scFormer
Negr1,0.011701619223605231,1359,scFormer
Gm11627,0.011698328665175513,1360,scFormer
Adrb2,0.011697769378639311,1361,scFormer
Olfml1,0.011692848782470023,1362,scFormer
Wnt5b,0.011685414727677697,1363,scFormer
Pcp4,0.011674035391457657,1364,scFormer
Ptprd,0.011652260515416898,1365,scFormer
Hes5,0.011651936657952415,1366,scFormer
Omg,0.011650047112990827,1367,scFormer
Klrb1c,0.01163852267424915,1368,scFormer
B4galnt1,0.011633991731867485,1369,scFormer
Gm26740,0.011618302330653198,1370,scFormer
Myct1,0.011618251699954165,1371,scFormer
Cspg5,0.011614318427922266,1372,scFormer
Nxpe5,0.011602794465751519,1373,scFormer
Carhsp1,0.01160256249474854,1374,scFormer
Atp2a2,0.011595253808196902,1375,scFormer
Fbln7,0.011592063527272312,1376,scFormer
Fez1,0.011587298891440681,1377,scFormer
Hspb2,0.011569245302606493,1378,scFormer
Hexa,0.011569223072394861,1379,scFormer
Pcdh17,0.011568474271147045,1380,scFormer
Pld4,0.011563421384345244,1381,scFormer
Ctsa,0.011552603522155957,1382,scFormer
Col27a1,0.011552180647605385,1383,scFormer
Mertk,0.011542835828846213,1384,scFormer
Spock3,0.011536724278263601,1385,scFormer
Tmem119,0.01153437458603602,1386,scFormer
Galnt6,0.011528753053702023,1387,scFormer
Rgs4,0.011526942754405715,1388,scFormer
Fam71a,0.011526931595019742,1389,scFormer
Flna,0.011522234815118982,1390,scFormer
Cpq,0.011520393203521929,1391,scFormer
Scd2,0.011514132870663506,1392,scFormer
Htra1,0.011505153808820955,1393,scFormer
Spc25,0.011502217359867083,1394,scFormer
Ckb,0.011492267710254333,1395,scFormer
Fam181b,0.011487454196282791,1396,scFormer
Pfn2,0.01148428519189146,1397,scFormer
Apobec1,0.01147771795911223,1398,scFormer
Myo1b,0.011477066601512036,1399,scFormer
Basp1,0.011472438578080842,1400,scFormer
Gzma,0.011456874119154428,1401,scFormer
Hemk1,0.011453921759658382,1402,scFormer
Cdh5,0.011452209838378462,1403,scFormer
Mmrn2,0.01145193896356391,1404,scFormer
Gm8369,0.011432300468132877,1405,scFormer
Slc1a3,0.011422493140751739,1406,scFormer
Nudt4,0.011416807138759859,1407,scFormer
Efhd2,0.011410444302476435,1408,scFormer
Cd200r1,0.011406733225255518,1409,scFormer
Sh3bgrl,0.011406264380827048,1410,scFormer
Rbm47,0.01140616284423901,1411,scFormer
Syt11,0.011385250497427868,1412,scFormer
Milr1,0.011384813081649894,1413,scFormer
Slc25a4,0.01138188163393864,1414,scFormer
Kif21a,0.011377597603294957,1415,scFormer
Irx3,0.011377474249333027,1416,scFormer
Sec11c,0.011366654643405933,1417,scFormer
Tgfbr1,0.011365457159730157,1418,scFormer
Txk,0.011364725132210013,1419,scFormer
Pkp3,0.011364205076476022,1420,scFormer
Acaa2,0.011363200380237188,1421,scFormer
Fam26f,0.011361469728034401,1422,scFormer
Atp5h,0.011355777840852389,1423,scFormer
Hist1h3e,0.011352294668045857,1424,scFormer
Hmgn3,0.011342321701695973,1425,scFormer
Anpep,0.011336827362995903,1426,scFormer
Idi1,0.011331977656687208,1427,scFormer
Nfe2,0.01133049873357768,1428,scFormer
Des,0.011328699049679552,1429,scFormer
Cox6a2,0.01132391221676041,1430,scFormer
Kctd12,0.011312917725168771,1431,scFormer
Grn,0.011305600883957736,1432,scFormer
Txnrd1,0.011301322599103526,1433,scFormer
Tnfaip3,0.011297654116131062,1434,scFormer
Ckap4,0.01129013058291205,1435,scFormer
Nrros,0.01128363194748737,1436,scFormer
Ywhaq,0.011278517925796464,1437,scFormer
Ptrf,0.011271913938171358,1438,scFormer
Tnfsf8,0.011267058772941051,1439,scFormer
Tslp,0.011262699285419547,1440,scFormer
Cyb561,0.011258694663589525,1441,scFormer
Kcnj10,0.01124736263085122,1442,scFormer
Ccdc153,0.01123906054299544,1443,scFormer
C1qtnf7,0.011238856078305035,1444,scFormer
Ang,0.011234096318821636,1445,scFormer
Tspan7,0.011233981154474776,1446,scFormer
Synpr,0.011228425579910842,1447,scFormer
Grb14,0.011227951466473183,1448,scFormer
Tmem123,0.011225665133452934,1449,scFormer
Sox8,0.011216459844081606,1450,scFormer
Bin2,0.011216353002861492,1451,scFormer
Pcsk2,0.011214302596272409,1452,scFormer
Tmem212,0.011212524435756429,1453,scFormer
Gamt,0.011205128927832222,1454,scFormer
Agpat9,0.011203767457667964,1455,scFormer
Sla,0.011200506859629613,1456,scFormer
Fam171b,0.011192647130535765,1457,scFormer
Notch3,0.0111915455466423,1458,scFormer
Sox18,0.011190479293915746,1459,scFormer
Grm3,0.011182886190928571,1460,scFormer
Cxcl14,0.011178117256941983,1461,scFormer
Mpeg1,0.011178052823287214,1462,scFormer
2310001H17Rik,0.011168141311888402,1463,scFormer
Gm12216,0.011157960174171453,1464,scFormer
Myh11,0.01115292684184296,1465,scFormer
Ndufb2,0.011147365109312439,1466,scFormer
Dbx2,0.01114731777399951,1467,scFormer
Il2rb,0.011140449758287234,1468,scFormer
Myo5a,0.011134017877963587,1469,scFormer
Hk3,0.01112995078546628,1470,scFormer
Ppp1r14a,0.01112576088375254,1471,scFormer
Slc25a18,0.011124602291007637,1472,scFormer
Omd,0.011114192703683645,1473,scFormer
Rbpms2,0.011096971838582567,1474,scFormer
Mrgpra2b,0.011094639970092164,1475,scFormer
Trim30b,0.011088520429023141,1476,scFormer
Aatk,0.01108505108753502,1477,scFormer
Ndufa1,0.011082674218569953,1478,scFormer
4930402H24Rik,0.0110678324523793,1479,scFormer
Tmem47,0.011065613256960139,1480,scFormer
Sez6l2,0.011062745909605631,1481,scFormer
Cfap126,0.011062338334944747,1482,scFormer
Prc1,0.011056852429654571,1483,scFormer
Ptp4a3,0.011056796773742685,1484,scFormer
Gng10,0.011051751022049658,1485,scFormer
Fjx1,0.01104840355750696,1486,scFormer
Padi4,0.011047769494883676,1487,scFormer
Cldn10,0.011039868034421262,1488,scFormer
Ptgs1,0.011031778245887842,1489,scFormer
Phlda3,0.01102996849034434,1490,scFormer
Unc5b,0.011029068774209276,1491,scFormer
Pigz,0.011027774923549664,1492,scFormer
Rsph1,0.01102533723674742,1493,scFormer
Pgk1,0.01102463679515174,1494,scFormer
Lcp1,0.011018984971766803,1495,scFormer
Itih2,0.011017902331703406,1496,scFormer
Cyp1b1,0.011012599329472999,1497,scFormer
Lgmn,0.011011416196803613,1498,scFormer
Dynlrb2,0.011010422340613788,1499,scFormer
Prdm16,0.011009233073884017,1500,scFormer
Adgrg6,0.011006446003087752,1501,scFormer
Pdzph1,0.011005046046470852,1502,scFormer
Lmod1,0.011004695942772067,1503,scFormer
Nid1,0.01100468015778454,1504,scFormer
Ttll7,0.010999190624526024,1505,scFormer
Steap2,0.010996378256026323,1506,scFormer
Scara5,0.010987204365800024,1507,scFormer
Sox10,0.010981034217478713,1508,scFormer
Adam33,0.010976044327279243,1509,scFormer
Lrp1b,0.010972065880237022,1510,scFormer
Ralgds,0.010970676399133482,1511,scFormer
Mrvi1,0.010962257727870196,1512,scFormer
Aspa,0.010957527274173701,1513,scFormer
Abhd3,0.010953995521482693,1514,scFormer
Bex4,0.010953745012967208,1515,scFormer
Rbms3,0.010953609517147236,1516,scFormer
Ndufb6,0.01094755686717543,1517,scFormer
Rgs2,0.010942441345703612,1518,scFormer
Lig1,0.010938927359102813,1519,scFormer
A330048O09Rik,0.010926788818332108,1520,scFormer
Sept8,0.010919659280828414,1521,scFormer
Gstm5,0.010918958834728472,1522,scFormer
Slc37a2,0.010909675298145365,1523,scFormer
Ndrg2,0.010906828448435487,1524,scFormer
Cd84,0.010901464988252937,1525,scFormer
Car12,0.010897662318639742,1526,scFormer
Il7r,0.010888880285819148,1527,scFormer
Ptprz1,0.01088719859220929,1528,scFormer
Tk1,0.01088682443686213,1529,scFormer
Zic4,0.010886153762147056,1530,scFormer
Rnf149,0.010877304939479424,1531,scFormer
Hba-a1,0.010873119964877269,1532,scFormer
Moxd1,0.010870423794678294,1533,scFormer
Smad7,0.01086054473848894,1534,scFormer
Pygm,0.010845992952466256,1535,scFormer
Dbndd2,0.010844284038400945,1536,scFormer
Clmn,0.01084031600833167,1537,scFormer
Cd27,0.01083616534978037,1538,scFormer
Tep1,0.010834765268426366,1539,scFormer
Evi2a,0.01083353600688631,1540,scFormer
Ptprc,0.010827228141178032,1541,scFormer
Amigo2,0.010823873553296115,1542,scFormer
Cd3g,0.010822112902625981,1543,scFormer
Foxq1,0.01082119903354808,1544,scFormer
Clip3,0.010811023681487257,1545,scFormer
Degs1,0.01080859315208397,1546,scFormer
Mmd2,0.010808540344824844,1547,scFormer
Speg,0.010802543938701847,1548,scFormer
Mmp2,0.010799474620026032,1549,scFormer
Fam177a,0.010797427980244245,1550,scFormer
Smarcd3,0.010793357180521566,1551,scFormer
Ppp1r12b,0.010790026233371061,1552,scFormer
C2,0.01078217436565206,1553,scFormer
Arrdc3,0.0107754275580934,1554,scFormer
Calm3,0.010775344211673796,1555,scFormer
Sox9,0.010773558490740465,1556,scFormer
Cacnb3,0.010770678332617719,1557,scFormer
Bfsp2,0.010769787805828901,1558,scFormer
Ptprf,0.010766626780422927,1559,scFormer
Slc2a12,0.01076408526106108,1560,scFormer
Ddr1,0.010761591988259144,1561,scFormer
Cx3cr1,0.010760671467694629,1562,scFormer
Tmem88,0.010758972540823605,1563,scFormer
Ifitm10,0.010756510979546073,1564,scFormer
Fam107b,0.010756129539270678,1565,scFormer
Susd5,0.010755440500090993,1566,scFormer
Fam46b,0.010749918005191341,1567,scFormer
C1qa,0.010732504994614468,1568,scFormer
Gm11744,0.010731875468126687,1569,scFormer
Dok3,0.010731094816210922,1570,scFormer
Trpm3,0.010720269950029816,1571,scFormer
Ppp1r16b,0.010719081986206639,1572,scFormer
Chrdl1,0.0107140350758889,1573,scFormer
Egr2,0.010713339913302028,1574,scFormer
Adcy5,0.010709271752209842,1575,scFormer
Ptpre,0.010703828267977793,1576,scFormer
Rorb,0.01070009470154435,1577,scFormer
Ndufv3,0.010696541928555911,1578,scFormer
Hcn2,0.010683966981981263,1579,scFormer
Lpcat2,0.010680504462515701,1580,scFormer
Lsamp,0.010677096194063922,1581,scFormer
Ccna2,0.010666557085154953,1582,scFormer
Zfhx3,0.010664026784783887,1583,scFormer
Gabrb1,0.010662856577734251,1584,scFormer
Batf3,0.010661406407719369,1585,scFormer
Ntpcr,0.01065903514228082,1586,scFormer
Tgm1,0.010656394533356317,1587,scFormer
Chl1,0.010645625910905081,1588,scFormer
C1qb,0.010641189150920839,1589,scFormer
Pdzd2,0.010621686382241383,1590,scFormer
Slc48a1,0.010618672080631966,1591,scFormer
Kdelr3,0.01060277521702129,1592,scFormer
Epha5,0.010602278345031323,1593,scFormer
Igsf6,0.010599123713372901,1594,scFormer
Bcr,0.010595254386289384,1595,scFormer
Postn,0.01058431345555835,1596,scFormer
Rcn3,0.010584190660068445,1597,scFormer
Fcor,0.01058165370019131,1598,scFormer
Wwc1,0.010565990537934321,1599,scFormer
Aplp1,0.010565593740790717,1600,scFormer
Fibin,0.010564487253745512,1601,scFormer
Mlf1,0.010560279044494159,1602,scFormer
Slc9b2,0.010557433172148167,1603,scFormer
Evl,0.010548618286489737,1604,scFormer
Stfa2l1,0.010547955884570128,1605,scFormer
Tmem178,0.010544467915923377,1606,scFormer
Aifm3,0.010518059053777501,1607,scFormer
Ppp1r1b,0.010515143162156852,1608,scFormer
Shisa8,0.010514319989796527,1609,scFormer
Fgf1,0.010513116915555166,1610,scFormer
Stmn3,0.010511217459186152,1611,scFormer
Tbxa2r,0.010506875698375504,1612,scFormer
Pla2g16,0.010503285457408015,1613,scFormer
Pxmp2,0.010503186132881415,1614,scFormer
Edem1,0.010498577344210225,1615,scFormer
Snrpn,0.010496993707112882,1616,scFormer
Trim59,0.01049510145041623,1617,scFormer
Cd86,0.0104872173973811,1618,scFormer
Dstn,0.010484722360813367,1619,scFormer
Scg3,0.010478134832906579,1620,scFormer
Gm37800,0.010474639777544556,1621,scFormer
Skap1,0.010471431459122939,1622,scFormer
Fcmr,0.010465437364606377,1623,scFormer
Psph,0.010454614815702765,1624,scFormer
B3galt2,0.010452059020581498,1625,scFormer
Ndufa11,0.010446666516192285,1626,scFormer
Tmem38b,0.010442322162860404,1627,scFormer
Prr32,0.010439516894942795,1628,scFormer
Blnk,0.010435443431246902,1629,scFormer
Mecom,0.010427543773586418,1630,scFormer
Dse,0.010426870916028431,1631,scFormer
Tnc,0.01042262782890734,1632,scFormer
Adgre1,0.010412223491660775,1633,scFormer
Rgs10,0.010410932553330624,1634,scFormer
Ptp4a1,0.01040737992408348,1635,scFormer
Cyp51,0.01040720858176693,1636,scFormer
Mki67,0.010407158133246922,1637,scFormer
Tril,0.010406481234191115,1638,scFormer
Enho,0.01040359833475904,1639,scFormer
Il1rap,0.010400489841671192,1640,scFormer
4930523C07Rik,0.010400120480614776,1641,scFormer
Cysltr1,0.010391189697927287,1642,scFormer
Ppfia4,0.010375050766288845,1643,scFormer
Foxp2,0.010347365557115963,1644,scFormer
Stxbp3,0.010345289012476604,1645,scFormer
Nrxn2,0.01033686149662251,1646,scFormer
Col23a1,0.010334130270425661,1647,scFormer
Plek2,0.01032987967446814,1648,scFormer
Vsir,0.01032586895555902,1649,scFormer
Hgsnat,0.010324690931134412,1650,scFormer
Olfml2a,0.010319142526926842,1651,scFormer
Tpx2,0.010317639424929434,1652,scFormer
H1f0,0.01031322377273649,1653,scFormer
Ncf1,0.01030971635316317,1654,scFormer
Bcan,0.01030588617013535,1655,scFormer
Efcab10,0.010304302629024646,1656,scFormer
Aoah,0.010303123241201423,1657,scFormer
Uba2,0.010296561965586683,1658,scFormer
Acsbg1,0.01029362693415965,1659,scFormer
Pbxip1,0.010291385537169651,1660,scFormer
Sdc2,0.010283495850242406,1661,scFormer
Ada,0.010283013805404511,1662,scFormer
Tnfrsf11b,0.010272548499722738,1663,scFormer
Cebpe,0.010255553687540893,1664,scFormer
Vat1l,0.010253582101327369,1665,scFormer
Tspan2,0.01025022196347975,1666,scFormer
Ank3,0.01023496396961305,1667,scFormer
Rhou,0.010234784954205137,1668,scFormer
Sfrp4,0.010229605377508812,1669,scFormer
Chchd10,0.010229093138127782,1670,scFormer
Hmha1,0.010227370120006822,1671,scFormer
Gpm6a,0.010218743866520613,1672,scFormer
Idh3a,0.010211841779805782,1673,scFormer
Cul4b,0.01020718690907269,1674,scFormer
Cd3d,0.010206685603065735,1675,scFormer
Rbm24,0.01020430557029936,1676,scFormer
Gng2,0.010199255065603596,1677,scFormer
Rnf7,0.01019892611584466,1678,scFormer
Atp5g3,0.01019672444749757,1679,scFormer
Ctsz,0.010194671545685626,1680,scFormer
Klf15,0.010191351156432412,1681,scFormer
Abca4,0.010187062079481207,1682,scFormer
Cyp4f15,0.010186972898297845,1683,scFormer
Acot1,0.010186754450237414,1684,scFormer
Socs1,0.01018452023864712,1685,scFormer
Cdc20,0.01018187595516423,1686,scFormer
Adgrv1,0.010181524435715907,1687,scFormer
Atp2b4,0.010179171115807998,1688,scFormer
S1pr5,0.010176934352799951,1689,scFormer
Upk1b,0.010175825798708254,1690,scFormer
Camk2g,0.010169941390962408,1691,scFormer
Cd248,0.010169735453525288,1692,scFormer
Tst,0.010163762348958372,1693,scFormer
Tnpo3,0.010162434857043056,1694,scFormer
Bmp2,0.010159122303099686,1695,scFormer
Tyrobp,0.01015809208501063,1696,scFormer
C1qc,0.010152122963351733,1697,scFormer
Stbd1,0.010150722282263564,1698,scFormer
Fut9,0.010150701158102437,1699,scFormer
Agpat4,0.010144536310997597,1700,scFormer
Klrb1b,0.0101348015681491,1701,scFormer
Serpinb8,0.010131698939877873,1702,scFormer
Cd80,0.010123746369756078,1703,scFormer
Dlgap1,0.010119373498909021,1704,scFormer
Ctdspl,0.010118103351395938,1705,scFormer
Hsph1,0.010117404060600563,1706,scFormer
Glrb,0.010117379174891923,1707,scFormer
Fcgr3,0.01010881266688587,1708,scFormer
Crym,0.010103460640854512,1709,scFormer
Parm1,0.01010292356793897,1710,scFormer
Ehd3,0.010101900309987545,1711,scFormer
Nrbp2,0.010095612521507721,1712,scFormer
Ncr1,0.010087150143696808,1713,scFormer
Slc15a2,0.01008148509841257,1714,scFormer
Ntsr2,0.010080477192028847,1715,scFormer
Sap30,0.010056484382491642,1716,scFormer
Runx1t1,0.010050053099224248,1717,scFormer
Gprc5b,0.010049844215802066,1718,scFormer
Ptpro,0.010049586441898815,1719,scFormer
Dio2,0.0100447209884605,1720,scFormer
Phyh,0.010039599897885852,1721,scFormer
Igsf11,0.010034638803748837,1722,scFormer
Timd4,0.010022792392282895,1723,scFormer
Tns1,0.010012928427515186,1724,scFormer
Cntn1,0.010011183282407066,1725,scFormer
Sema4a,0.010009530017949702,1726,scFormer
Jam3,0.01000445522994988,1727,scFormer
Hk2,0.010002097387752814,1728,scFormer
Ccnb1,0.010001790716265982,1729,scFormer
Lox,0.009997297020932832,1730,scFormer
Celf2,0.009988050908675064,1731,scFormer
Il18,0.009987949159625418,1732,scFormer
Fam111a,0.009983217192609662,1733,scFormer
Tmem37,0.009981011222923553,1734,scFormer
Nexn,0.00997865609530112,1735,scFormer
Tekt1,0.009972444644773442,1736,scFormer
Cdkn3,0.00997172411531252,1737,scFormer
Pdlim7,0.009969693505721041,1738,scFormer
Sox2,0.009963176810498686,1739,scFormer
9330159F19Rik,0.009962374463207914,1740,scFormer
Clec1a,0.009960855467182873,1741,scFormer
Gm29538,0.00995312503322997,1742,scFormer
C5ar2,0.009951766498572098,1743,scFormer
Cyp2j6,0.00994732710263995,1744,scFormer
Ttyh3,0.009946909991831445,1745,scFormer
Smim1,0.009944663595142032,1746,scFormer
Cers2,0.009944520516059922,1747,scFormer
Cd37,0.009944256633832027,1748,scFormer
Trib3,0.009919813110220006,1749,scFormer
Akr1b8,0.009918830385815553,1750,scFormer
Thbs3,0.009914317787146569,1751,scFormer
Bin1,0.009913341119034124,1752,scFormer
Tmem86a,0.009911991249850293,1753,scFormer
Bambi,0.009884049243521436,1754,scFormer
Sall1,0.009873776959209742,1755,scFormer
P2ry13,0.009865838344249754,1756,scFormer
Plekhf1,0.009863356942923323,1757,scFormer
Colec11,0.009862405202074287,1758,scFormer
P2ry10,0.00985414896304454,1759,scFormer
Edil3,0.009854088613032596,1760,scFormer
Aldh1l1,0.009853882494431596,1761,scFormer
Entpd2,0.009849031675172521,1762,scFormer
Mid1ip1,0.009848743660148379,1763,scFormer
Ugt8a,0.009847439674102725,1764,scFormer
Mob2,0.009846347683995867,1765,scFormer
Cmtm7,0.009841721187007713,1766,scFormer
Cpm,0.009839595192514953,1767,scFormer
Tmeff1,0.009835901329569893,1768,scFormer
C1s1,0.009832380161127393,1769,scFormer
Car5a,0.00983158743537387,1770,scFormer
Prkcd,0.009825039320488057,1771,scFormer
Gucy1a3,0.009819551537912117,1772,scFormer
Mfap3l,0.009817962279317811,1773,scFormer
Susd3,0.00981272578008612,1774,scFormer
Tspan11,0.009804773185189887,1775,scFormer
Sdcbp2,0.009802279092387537,1776,scFormer
Ly9,0.009797139828739657,1777,scFormer
Stk39,0.00979373498570184,1778,scFormer
Tcf15,0.00978721946695048,1779,scFormer
Slc27a1,0.009776409085707658,1780,scFormer
Hrsp12,0.009770237343241178,1781,scFormer
Rgs7bp,0.009759823202224571,1782,scFormer
Htr2c,0.009757154300667457,1783,scFormer
Acta2,0.009753996160898528,1784,scFormer
Pbk,0.009753494064000955,1785,scFormer
Kcnab1,0.009750141637367744,1786,scFormer
Cab39l,0.009746613767062332,1787,scFormer
Bdh1,0.009739858541360367,1788,scFormer
Lpxn,0.00972725654102551,1789,scFormer
Klk8,0.009726934204119984,1790,scFormer
Wnt6,0.009724337004319142,1791,scFormer
Ly6h,0.009722363970382307,1792,scFormer
Foxg1,0.009722312357951722,1793,scFormer
Bcas1,0.009721480555755925,1794,scFormer
Lair1,0.009720846618058297,1795,scFormer
Fam46a,0.009719145749131151,1796,scFormer
Tagln,0.009708890813819794,1797,scFormer
Thyn1,0.009700671423271866,1798,scFormer
Pou3f3,0.009693717209457416,1799,scFormer
Rrad,0.009686776555689348,1800,scFormer
Gpr37l1,0.009686653222145458,1801,scFormer
AI464131,0.009679764964059201,1802,scFormer
Ncf4,0.009669380488505162,1803,scFormer
Rbp4,0.009661065345474904,1804,scFormer
Gpm6b,0.009654782812075081,1805,scFormer
Ncan,0.009647765966155126,1806,scFormer
Bcat1,0.009638311229116094,1807,scFormer
Gldc,0.00963685514121303,1808,scFormer
Cenpf,0.009634417630628982,1809,scFormer
Pmm1,0.009628927445028935,1810,scFormer
Ednra,0.009624998981024107,1811,scFormer
Pygb,0.009623978302897757,1812,scFormer
Igsf1,0.009622523467069717,1813,scFormer
Vmp1,0.009616188929043836,1814,scFormer
Appl2,0.009614864110951598,1815,scFormer
Foxj1,0.00961328694505018,1816,scFormer
Slitrk2,0.009613190816880056,1817,scFormer
1500009C09Rik,0.009611630819945337,1818,scFormer
Fbxl5,0.009611323453831469,1819,scFormer
Kcne2,0.009609961511449272,1820,scFormer
Enpp5,0.009602948871361427,1821,scFormer
Trim2,0.009591894647174443,1822,scFormer
Ppfibp2,0.009591835129889984,1823,scFormer
Gm44257,0.009585931311429197,1824,scFormer
Snx20,0.009585128369156162,1825,scFormer
Mcam,0.009576169091949954,1826,scFormer
Havcr2,0.009576051029918091,1827,scFormer
Nqo1,0.009572326422544401,1828,scFormer
Apoo,0.009569910755088255,1829,scFormer
Plp1,0.009566920800645232,1830,scFormer
Spock1,0.009561388094076568,1831,scFormer
Lat,0.009555194050670849,1832,scFormer
Dtl,0.009553448518605918,1833,scFormer
Cfl2,0.009547980873204359,1834,scFormer
Plekho1,0.009542657114458985,1835,scFormer
Epb41,0.00952754339557827,1836,scFormer
Cetn4,0.009524581079323103,1837,scFormer
Prodh,0.009524541588196584,1838,scFormer
Asb4,0.009518878318613498,1839,scFormer
Lag3,0.00951656230623594,1840,scFormer
Kcnn2,0.009515940408966521,1841,scFormer
Npy1r,0.00951473182540367,1842,scFormer
Hdac11,0.009513473431314467,1843,scFormer
Frmpd1os,0.009512351075704034,1844,scFormer
Cbr3,0.009512207141669915,1845,scFormer
Sfrp1,0.009511607670000912,1846,scFormer
Gm13822,0.009498060927779712,1847,scFormer
Cox7a1,0.009489449810485625,1848,scFormer
Gpr37,0.009483252972281751,1849,scFormer
Tmem173,0.009482927583362055,1850,scFormer
Fam183b,0.009479565846942562,1851,scFormer
Nrcam,0.00947658038319548,1852,scFormer
Cdh2,0.009476500344416997,1853,scFormer
Nnmt,0.00947399919014076,1854,scFormer
Arxes2,0.009471379734080895,1855,scFormer
Rrm2b,0.009461387737071092,1856,scFormer
Cog7,0.009455463613864007,1857,scFormer
Fcer1g,0.009453860876306685,1858,scFormer
Wdr86,0.009450857965352432,1859,scFormer
Clic6,0.009450220292589198,1860,scFormer
Cd33,0.009446364334001076,1861,scFormer
Polr3h,0.009435429893185214,1862,scFormer
Lgi3,0.009434857686335934,1863,scFormer
Nme5,0.009431485363281509,1864,scFormer
Pde3a,0.009430558110183368,1865,scFormer
4930486L24Rik,0.009425801415102165,1866,scFormer
Mt3,0.009417595019178736,1867,scFormer
Aspn,0.009414683234840711,1868,scFormer
Mylk,0.009413464114349892,1869,scFormer
Map6d1,0.009413138704591557,1870,scFormer
Cald1,0.009409759233671952,1871,scFormer
Rab32,0.009404342987113247,1872,scFormer
4933434E20Rik,0.009399165274215644,1873,scFormer
Myl9,0.009397348947110173,1874,scFormer
2900052N01Rik,0.009397062116713685,1875,scFormer
Aldoc,0.009388626389117406,1876,scFormer
Epdr1,0.009384709813245531,1877,scFormer
Fhad1,0.009381502595768879,1878,scFormer
Ngef,0.009376138753937701,1879,scFormer
Bpgm,0.009373310085463318,1880,scFormer
Slco2a1,0.00937276332083628,1881,scFormer
Cytl1,0.00937082694513868,1882,scFormer
Arsg,0.009358329828307503,1883,scFormer
Irf5,0.009358064352260121,1884,scFormer
Tnfrsf18,0.009357509132811604,1885,scFormer
Ifit1bl1,0.009354927887026748,1886,scFormer
Ninj2,0.009351723690475293,1887,scFormer
Ttyh1,0.009350421994852965,1888,scFormer
Hint2,0.009349743749195191,1889,scFormer
Rhov,0.009332352018636043,1890,scFormer
Lix1,0.009330698108753284,1891,scFormer
Kif1b,0.009329244435451913,1892,scFormer
Apbb1ip,0.009328890082878799,1893,scFormer
Serpinb10,0.009326467315947528,1894,scFormer
Drc7,0.009312419004344092,1895,scFormer
P2rx4,0.009311211710867113,1896,scFormer
Hba-a2,0.00929967442355397,1897,scFormer
Tusc5,0.009296492070233989,1898,scFormer
Smtn,0.00929087070022183,1899,scFormer
Itpk1,0.009287585046569466,1900,scFormer
Adcyap1r1,0.009283198871807943,1901,scFormer
Vcl,0.009281267258833367,1902,scFormer
Adora1,0.009270531716881417,1903,scFormer
Fam105a,0.00926277701248538,1904,scFormer
Hmgcs1,0.009260957125670488,1905,scFormer
Calml4,0.009259859039459339,1906,scFormer
Selp,0.009258196077252265,1907,scFormer
Ctsk,0.009257308167252929,1908,scFormer
Efhd1,0.009257109197696994,1909,scFormer
Gpsm3,0.00925539816642,1910,scFormer
Hck,0.00925494885110909,1911,scFormer
Hexb,0.009243284859460575,1912,scFormer
Wscd1,0.009237631102592658,1913,scFormer
Tmod2,0.009237293607791207,1914,scFormer
Hcfc1r1,0.00923718717252679,1915,scFormer
Acad8,0.009227183887633116,1916,scFormer
Arl3,0.009224544998864114,1917,scFormer
Cbs,0.009202586655741697,1918,scFormer
Arhgef26,0.009193949338237938,1919,scFormer
Deb1,0.009180157053250324,1920,scFormer
Slc4a5,0.009179313761272881,1921,scFormer
Dusp26,0.009177620095384564,1922,scFormer
Cldn11,0.009172721770148046,1923,scFormer
Ltbp1,0.009172055219695129,1924,scFormer
Slc4a2,0.009170355815002449,1925,scFormer
Rasl11b,0.00916883915732435,1926,scFormer
Nlrp3,0.009167647813901275,1927,scFormer
Olig2,0.009166877228727307,1928,scFormer
Trem2,0.009166060921396903,1929,scFormer
Btbd16,0.009161474943868906,1930,scFormer
Ppil6,0.009150073296098233,1931,scFormer
Tcea3,0.009149652511986909,1932,scFormer
Ccl8,0.009143536610504033,1933,scFormer
Otud1,0.009142939903372596,1934,scFormer
Tbx2,0.00913821202565936,1935,scFormer
Celf4,0.00913224880842011,1936,scFormer
Cenpe,0.00913119474339227,1937,scFormer
Marveld1,0.009125513449144213,1938,scFormer
Jph4,0.009122259645949322,1939,scFormer
Man2b1,0.009118816827837686,1940,scFormer
Slc9a9,0.009101588025677069,1941,scFormer
Tagap,0.00909550290434498,1942,scFormer
Ndp,0.009087857314854052,1943,scFormer
Snhg18,0.009087808964215249,1944,scFormer
Pdgfrl,0.009075946497513906,1945,scFormer
Cisd1,0.009067778163661696,1946,scFormer
Asprv1,0.00906155946308357,1947,scFormer
Camk2n1,0.00905732724027994,1948,scFormer
Filip1,0.00905718838767035,1949,scFormer
E130114P18Rik,0.009048736234558832,1950,scFormer
Bphl,0.009039671279197144,1951,scFormer
Amer2,0.009031498142598855,1952,scFormer
Mapt,0.009030376714329243,1953,scFormer
Hhip,0.009026569209821903,1954,scFormer
Rock1,0.00901958280517895,1955,scFormer
Angptl2,0.009018082021809034,1956,scFormer
Gm15440,0.009016902292481154,1957,scFormer
Spi1,0.009011274291223718,1958,scFormer
Pifo,0.009008388883995033,1959,scFormer
Pcdh9,0.008998508275080792,1960,scFormer
1700007K13Rik,0.0089916911668424,1961,scFormer
Usp2,0.008987549356347088,1962,scFormer
1700012B09Rik,0.008981482495915086,1963,scFormer
Dennd5b,0.008978069717955275,1964,scFormer
Nudt17,0.0089735338547919,1965,scFormer
Sirpa,0.008962459055202132,1966,scFormer
Mzb1,0.008952811578553469,1967,scFormer
Kit,0.008943803814232654,1968,scFormer
Acot7,0.008941487899296687,1969,scFormer
Apbb1,0.008938443234246259,1970,scFormer
Cox20,0.008927336164351802,1971,scFormer
Pthlh,0.008924602315227246,1972,scFormer
Gm10561,0.008922528950714062,1973,scFormer
Col5a2,0.008921479908697207,1974,scFormer
Npas3,0.008909238509523567,1975,scFormer
Flt3,0.008903503052571954,1976,scFormer
Fam101a,0.008896839284105708,1977,scFormer
Tctex1d4,0.00889005208556026,1978,scFormer
Rhoh,0.00888911793773098,1979,scFormer
0610011F06Rik,0.008887801105486145,1980,scFormer
Tnfrsf23,0.00888760617198842,1981,scFormer
Nkx6-2,0.008884298598051413,1982,scFormer
Cpox,0.008882897552408953,1983,scFormer
Pebp1,0.008881007274291822,1984,scFormer
Cdca7,0.008879772083628964,1985,scFormer
Gap43,0.008875832696504923,1986,scFormer
Gal3st4,0.00887407922371652,1987,scFormer
Kcnk13,0.008869890876718833,1988,scFormer
Slc39a4,0.008867011421160568,1989,scFormer
Hist2h4,0.00885901422392141,1990,scFormer
Vldlr,0.008857455976903317,1991,scFormer
Tmem107,0.008853728327064348,1992,scFormer
Xcl1,0.008838620052753645,1993,scFormer
Mnd1,0.008829754591750071,1994,scFormer
Prr18,0.008825677695597146,1995,scFormer
Zak,0.008820838210680205,1996,scFormer
Snca,0.008811218438260025,1997,scFormer
Hacd1,0.008808599477206946,1998,scFormer
Csf2rb,0.008800509399344224,1999,scFormer
Tpm1,0.008797564781511717,2000,scFormer
Igsf8,0.008793261288600253,2001,scFormer
Ncf2,0.008791102524532557,2002,scFormer
Hey2,0.00879095414226027,2003,scFormer
Gpnmb,0.00878627734629359,2004,scFormer
Cldn2,0.008780659319905423,2005,scFormer
Osr1,0.00877829930140515,2006,scFormer
St6galnac5,0.0087753186396163,2007,scFormer
Mras,0.008765883694768342,2008,scFormer
Slain1,0.008762989134267716,2009,scFormer
Ubash3b,0.008761838695485765,2010,scFormer
Cdhr4,0.008757214346006622,2011,scFormer
Mns1,0.008755853861930816,2012,scFormer
Tppp,0.008752663094394163,2013,scFormer
Vsig2,0.008752400176896448,2014,scFormer
Mapk13,0.008734756974589853,2015,scFormer
Ctnnd2,0.008727142783210892,2016,scFormer
Qdpr,0.008724471177811834,2017,scFormer
Crabp2,0.008721819816662155,2018,scFormer
Tpm2,0.00871616143641112,2019,scFormer
Il10ra,0.008706539659699232,2020,scFormer
Ccdc113,0.008705433343839723,2021,scFormer
Msi1,0.00869851458198099,2022,scFormer
Slc16a6,0.008696948744116844,2023,scFormer
Cd300e,0.0086954745642995,2024,scFormer
Serpinb1b,0.008693324453507486,2025,scFormer
Phldb1,0.00868146982120019,2026,scFormer
Kcne3,0.008672480632915813,2027,scFormer
Pola2,0.008667838338771251,2028,scFormer
Dab1,0.00865853733062154,2029,scFormer
Elavl3,0.008657473591556986,2030,scFormer
Adora3,0.008655484984655343,2031,scFormer
Tsc22d4,0.008651320655703327,2032,scFormer
Tnfaip6,0.008651052419021678,2033,scFormer
Myrf,0.00864749970648465,2034,scFormer
Zeb2os,0.008638533021628314,2035,scFormer
Vpreb3,0.00863286405959002,2036,scFormer
Cxcr6,0.008630992246382266,2037,scFormer
Tmem229a,0.00862769391286368,2038,scFormer
Gabrg1,0.008617028967017553,2039,scFormer
Hbb-bt,0.0086150856478863,2040,scFormer
Golm1,0.008614543182693033,2041,scFormer
Bnc2,0.008613572965143909,2042,scFormer
Slc26a7,0.008601671468314783,2043,scFormer
P2ry6,0.008596751045410498,2044,scFormer
Odf3b,0.008594731647639757,2045,scFormer
Rbpms,0.00858974121355584,2046,scFormer
Asrgl1,0.008588263786214316,2047,scFormer
Tnfrsf17,0.008587835810689561,2048,scFormer
1700001C02Rik,0.008584230951555548,2049,scFormer
Cebpa,0.008584042759362996,2050,scFormer
Lpp,0.008583007284613742,2051,scFormer
Kcna1,0.008577896299524261,2052,scFormer
Arpc1a,0.008577395857910147,2053,scFormer
Ccp110,0.008557074413598712,2054,scFormer
Alx3,0.008555376769442223,2055,scFormer
Plcl1,0.008546074578459987,2056,scFormer
F7,0.008545875309516851,2057,scFormer
Fdft1,0.008541339473182438,2058,scFormer
Acsl3,0.008535875599133963,2059,scFormer
Ranbp3l,0.008535281699224928,2060,scFormer
Gabra2,0.008535138516685947,2061,scFormer
Tmem88b,0.008529955610730177,2062,scFormer
1700026L06Rik,0.008512960829064118,2063,scFormer
Ccdc34,0.008509433315975486,2064,scFormer
Bex1,0.008508242003856234,2065,scFormer
Penk,0.008503702482161484,2066,scFormer
P2rx7,0.008499762795609938,2067,scFormer
Abca2,0.00849520932128433,2068,scFormer
Fcrla,0.008488160710200771,2069,scFormer
Rdh5,0.008468972540404938,2070,scFormer
Arhgef7,0.008464615043753216,2071,scFormer
Mcee,0.008463864892021701,2072,scFormer
Pcdh11x,0.008459463041758009,2073,scFormer
Mtch1,0.008456938689782105,2074,scFormer
Sccpdh,0.008453073820474916,2075,scFormer
Gdf10,0.00845094451799493,2076,scFormer
Lgr4,0.008448464822102196,2077,scFormer
Cntnap2,0.008441630215758071,2078,scFormer
Rpap3,0.008426396029536641,2079,scFormer
Mpzl2,0.008421895221494563,2080,scFormer
Fam132a,0.00842048409031661,2081,scFormer
Ak1,0.008418430070071774,2082,scFormer
A930007I19Rik,0.008417362567793053,2083,scFormer
Hist1h4h,0.008410773538232462,2084,scFormer
Tpbg,0.008408175513744781,2085,scFormer
Smim22,0.008401499392323476,2086,scFormer
Fgd2,0.008392426831513033,2087,scFormer
Sh3gl3,0.008392189661260678,2088,scFormer
Gpc5,0.008389494426038058,2089,scFormer
Rnf13,0.008388611216073318,2090,scFormer
Tprn,0.008387454649849274,2091,scFormer
Arhgap30,0.00837981628900142,2092,scFormer
Lipg,0.008375384976130301,2093,scFormer
Ooep,0.008373565749180086,2094,scFormer
Kcna2,0.008361516470543912,2095,scFormer
Rab3il1,0.00835554651892149,2096,scFormer
Fam49b,0.00835129953617109,2097,scFormer
Plekhh3,0.008350977278539472,2098,scFormer
Ppp1r12a,0.008341259064987205,2099,scFormer
Nt5e,0.00833962880343658,2100,scFormer
Foxs1,0.0083390122683686,2101,scFormer
Aox3,0.008338419797443652,2102,scFormer
Cap2,0.008337819157822631,2103,scFormer
Cnp,0.00832801173838364,2104,scFormer
Kcnmb1,0.008321985413642303,2105,scFormer
Crot,0.008321279755616215,2106,scFormer
1700016K19Rik,0.008321107017734078,2107,scFormer
Asgr1,0.008307400171577599,2108,scFormer
Ephb1,0.008304730345323828,2109,scFormer
Sirt2,0.008297842252881,2110,scFormer
P3h3,0.008295920692202736,2111,scFormer
Cryba4,0.008285999268680627,2112,scFormer
Mag,0.008280563282119992,2113,scFormer
Rtkn,0.008277780464236302,2114,scFormer
Cyth4,0.008277622568716895,2115,scFormer
Cfap52,0.008265123547000817,2116,scFormer
Coq7,0.00826387628110609,2117,scFormer
Gm867,0.008259686154577133,2118,scFormer
Lrrc51,0.008258890934438807,2119,scFormer
Dock10,0.008258690390649399,2120,scFormer
Cdk15,0.00824747414471703,2121,scFormer
Ptpn6,0.008240349212449566,2122,scFormer
1110004E09Rik,0.008239064073832,2123,scFormer
Cd3e,0.008231848134606909,2124,scFormer
Inpp5d,0.008224812593703777,2125,scFormer
Grhpr,0.008222066995993914,2126,scFormer
Filip1l,0.008216547819484122,2127,scFormer
Ckap2l,0.008215878153922577,2128,scFormer
Limd1,0.008207513121723126,2129,scFormer
Inhbb,0.008204820044942688,2130,scFormer
Tmem237,0.00819671205707217,2131,scFormer
Gimap7,0.008195634458680112,2132,scFormer
Mir143hg,0.008193898389315562,2133,scFormer
Olfr78,0.008190820557788275,2134,scFormer
Elovl6,0.008179186910703157,2135,scFormer
Rgma,0.008175398549024795,2136,scFormer
Arrb2,0.008171921032773687,2137,scFormer
2700038G22Rik,0.008168240484738633,2138,scFormer
Kctd13,0.008166799037341925,2139,scFormer
Otx2,0.00816596238982758,2140,scFormer
Metrn,0.008165870779241623,2141,scFormer
Ankub1,0.008153780227199741,2142,scFormer
Gjc2,0.008148740871566054,2143,scFormer
Gpr183,0.00814800506192527,2144,scFormer
Lgi4,0.008145531253446095,2145,scFormer
Pou3f2,0.008139769260401409,2146,scFormer
Rnf152,0.008138086119523606,2147,scFormer
Vill,0.008137953192314524,2148,scFormer
Tanc2,0.008136827564258525,2149,scFormer
Tbx1,0.008134283592843086,2150,scFormer
Olig1,0.008133401398140404,2151,scFormer
Gja5,0.008130445566257574,2152,scFormer
Ephx2,0.008127961279307679,2153,scFormer
Hbb-y,0.008123712094031869,2154,scFormer
Fstl3,0.008104211813382362,2155,scFormer
Tyro3,0.008104115272452849,2156,scFormer
Skint3,0.008090442829931686,2157,scFormer
Fn3k,0.008083425452476402,2158,scFormer
Raet1d,0.00807955713198286,2159,scFormer
Capsl,0.008077068518335654,2160,scFormer
Gjb1,0.008071815240701946,2161,scFormer
Pla2g3,0.008067757320424465,2162,scFormer
Nts,0.008065175493273442,2163,scFormer
Nuf2,0.008059595826623871,2164,scFormer
Sfxn1,0.008059535637192411,2165,scFormer
Sh2d2a,0.008057115483901478,2166,scFormer
Pcbp3,0.008054416671392176,2167,scFormer
Pde5a,0.008051677471470868,2168,scFormer
Tnfaip8l2,0.008050532554687316,2169,scFormer
Pag1,0.008050219213964113,2170,scFormer
Abi3bp,0.008047927531968873,2171,scFormer
D630033O11Rik,0.008047406953299786,2172,scFormer
Fgfr2,0.008044292502513586,2173,scFormer
Ascc1,0.008035241596033827,2174,scFormer
Shcbp1,0.00803086904028383,2175,scFormer
Adamtsl3,0.008020308402070197,2176,scFormer
Mobp,0.008013856705973307,2177,scFormer
Tnxb,0.00800604131280802,2178,scFormer
Cd53,0.008004857439348477,2179,scFormer
Csf1r,0.008001176659006633,2180,scFormer
Cspg4,0.007999496841406148,2181,scFormer
Fuom,0.007984937625578037,2182,scFormer
Dcaf17,0.007982320834464441,2183,scFormer
Lrba,0.00798035776201864,2184,scFormer
Meig1,0.007978758499487797,2185,scFormer
Klrc1,0.007966042374054889,2186,scFormer
Clybl,0.007961181237581653,2187,scFormer
Cxcr3,0.007958367326506328,2188,scFormer
Desi1,0.007954687447051401,2189,scFormer
Abca8a,0.007925164993178125,2190,scFormer
Fnbp1,0.00791741067470112,2191,scFormer
Tmem163,0.007914935455206112,2192,scFormer
Ntn4,0.007914302434681096,2193,scFormer
Tmem158,0.007907823242080059,2194,scFormer
Trp53bp2,0.007902423825963614,2195,scFormer
Mrgpra2a,0.00788892952958652,2196,scFormer
Prkcz,0.007884162124203993,2197,scFormer
Cox8b,0.007882360485704556,2198,scFormer
Ift43,0.007877564095304677,2199,scFormer
Ctxn1,0.007869939768881994,2200,scFormer
Morn5,0.007839529201977887,2201,scFormer
Gm10714,0.007839454298499183,2202,scFormer
Tifab,0.0078393728032852,2203,scFormer
Hcls1,0.007835822416637833,2204,scFormer
Six1,0.007824477594280288,2205,scFormer
Slmap,0.007824045153047732,2206,scFormer
1700088E04Rik,0.007796576820164341,2207,scFormer
Smim4,0.007784041774093259,2208,scFormer
Gm17501,0.007777450940086174,2209,scFormer
Smpd3,0.007773746282941633,2210,scFormer
Pak7,0.00776071540862117,2211,scFormer
Abhd17b,0.007759308892625314,2212,scFormer
Morn2,0.007758440923954167,2213,scFormer
Mbp,0.007757601568835212,2214,scFormer
Fbxo36,0.007751609042378594,2215,scFormer
Pih1d2,0.007747100023358895,2216,scFormer
Acox3,0.0077419773003738635,2217,scFormer
Magi2,0.007740891430367758,2218,scFormer
Srcin1,0.0077407495667476,2219,scFormer
P2rx1,0.00772925088266634,2220,scFormer
Nrtn,0.007729170456563842,2221,scFormer
P3h4,0.007728274262211228,2222,scFormer
Slmo1,0.007724001556944196,2223,scFormer
Tmem52,0.0077119531744440795,2224,scFormer
Nrxn3,0.0077114761330074845,2225,scFormer
Csdc2,0.0077077343333553745,2226,scFormer
Nodal,0.007706149707057211,2227,scFormer
Kazn,0.007696461631623721,2228,scFormer
Hist3h2ba,0.007693942761122407,2229,scFormer
Rasl12,0.007692775081583143,2230,scFormer
1700007G11Rik,0.007688170187529918,2231,scFormer
Fam81a,0.007682883277660052,2232,scFormer
Pip5k1b,0.0076805727972839135,2233,scFormer
Cxadr,0.007670094061298053,2234,scFormer
Hpse,0.007637218719448886,2235,scFormer
Ctss,0.007635387778128695,2236,scFormer
Slc4a3,0.007633605242416233,2237,scFormer
Enkur,0.00763356425804535,2238,scFormer
Spa17,0.00763159712400306,2239,scFormer
Zc2hc1a,0.007630944343758137,2240,scFormer
Snai1,0.007628665831364342,2241,scFormer
Arhgap6,0.007624397250466215,2242,scFormer
Gm15417,0.0075880410513697845,2243,scFormer
Srpx2,0.007584326105897064,2244,scFormer
Ccdc190,0.00758241027716665,2245,scFormer
Rilp,0.007577502028354145,2246,scFormer
Sh2d1a,0.007571326821736766,2247,scFormer
Gna15,0.0075678409882823676,2248,scFormer
Shisa2,0.007567370687435699,2249,scFormer
Ociad2,0.007560078231136016,2250,scFormer
Acsl6,0.0075592886107365385,2251,scFormer
Smoc2,0.007558957832423957,2252,scFormer
Sall3,0.007556988409485878,2253,scFormer
Scamp2,0.00755423753857223,2254,scFormer
Gm26870,0.007553704681273894,2255,scFormer
Tmem151a,0.007543769705602215,2256,scFormer
Tlr7,0.007537791939552503,2257,scFormer
Ppp1r3c,0.007532178561460169,2258,scFormer
Rax,0.00753123452725475,2259,scFormer
Klf5,0.007530097559938996,2260,scFormer
Dpcd,0.007521872650727791,2261,scFormer
Unc93b1,0.007511692585392216,2262,scFormer
Spag6l,0.007501294264812216,2263,scFormer
Cd28,0.007499882446924312,2264,scFormer
Tbc1d9,0.007499698659691394,2265,scFormer
Slc44a1,0.007498651053984434,2266,scFormer
Nxnl2,0.007498504847249572,2267,scFormer
Gm5,0.007497603261997495,2268,scFormer
Crygn,0.007492025941553096,2269,scFormer
Dnah12,0.007483374694917033,2270,scFormer
Tiam2,0.007480428707547734,2271,scFormer
Fam184a,0.007462329355868925,2272,scFormer
Sntn,0.007461708222314307,2273,scFormer
Cyp26b1,0.007453540266154585,2274,scFormer
Fads2,0.007436591673962539,2275,scFormer
Ctc1,0.007436412729940896,2276,scFormer
Paqr8,0.007422880038833089,2277,scFormer
Sv2a,0.0074145926695779124,2278,scFormer
Aoc3,0.007412447995705526,2279,scFormer
Tcap,0.007399250305369458,2280,scFormer
Cyp4b1,0.0073944416630508,2281,scFormer
Laptm5,0.0073924646731757925,2282,scFormer
Pou3f1,0.007390773244580034,2283,scFormer
Atp9a,0.0073906898525795345,2284,scFormer
Ptprn,0.00738970776825774,2285,scFormer
Ubxn11,0.007388555049364898,2286,scFormer
Cmss1,0.007375212765268018,2287,scFormer
Lrrc48,0.007362007619964702,2288,scFormer
Cyp4f14,0.007358601274367648,2289,scFormer
Phldb2,0.007334680051934438,2290,scFormer
Apba2,0.007324972633512401,2291,scFormer
Pak1,0.007315039388532743,2292,scFormer
Rapsn,0.007310615911521962,2293,scFormer
Prps2,0.007303651083920603,2294,scFormer
Afp,0.00729484238947365,2295,scFormer
Il21r,0.007288974945518773,2296,scFormer
Hpgds,0.007282169765122412,2297,scFormer
Cadm2,0.007274642924646739,2298,scFormer
Ap2a1,0.007273036201574699,2299,scFormer
Nmral1,0.0072720343736689865,2300,scFormer
RP23-81F19.2,0.007265983062883303,2301,scFormer
Chpt1,0.007262950735088289,2302,scFormer
Arl4c,0.00725685382014363,2303,scFormer
Dusp15,0.007248706508229719,2304,scFormer
Dusp14,0.007248420345553179,2305,scFormer
Spib,0.007240246322592503,2306,scFormer
Cfap54,0.007233834180053943,2307,scFormer
Emid1,0.007213048235188091,2308,scFormer
Ins2,0.0071691352981343446,2309,scFormer
Tbxas1,0.007153273282251786,2310,scFormer
Pcdh10,0.0071489683253934955,2311,scFormer
Tnfrsf13c,0.007147169902718883,2312,scFormer
Adh5,0.007144735733800597,2313,scFormer
Prrx2,0.0071354490022207525,2314,scFormer
Ppp2r2b,0.007131371674385694,2315,scFormer
Irf8,0.007130196828196664,2316,scFormer
Tgfb1i1,0.007127740776897179,2317,scFormer
4833445I07Rik,0.007118301220207573,2318,scFormer
Myom1,0.007112454899102973,2319,scFormer
Plekhb1,0.007108298700068954,2320,scFormer
Adhfe1,0.007108260425206774,2321,scFormer
Lpar3,0.007106130743635293,2322,scFormer
Fbxo44,0.007103045112013699,2323,scFormer
Faim2,0.007088806778149994,2324,scFormer
Ppp2r2c,0.007088368090553459,2325,scFormer
Slc2a4,0.007087622569313412,2326,scFormer
Plk1,0.0070824482511309544,2327,scFormer
Rnf182,0.0070674214931931625,2328,scFormer
Gng8,0.007066827098377281,2329,scFormer
Ccpg1os,0.007063527099515768,2330,scFormer
Nkx6-1,0.007054138539243715,2331,scFormer
RP23-4H17.3,0.007031903626612034,2332,scFormer
Igfbpl1,0.007030408143863506,2333,scFormer
Ifng,0.0070188313493308304,2334,scFormer
Pla2g15,0.007018653188337226,2335,scFormer
Tfpi2,0.00700885170578863,2336,scFormer
Ctxn3,0.007005251213179713,2337,scFormer
Gpr18,0.007003405683906813,2338,scFormer
Prg4,0.006986288963285103,2339,scFormer
Dydc2,0.00695441096566339,2340,scFormer
Tmem38a,0.006953467150893949,2341,scFormer
Fezf2,0.006936176646869313,2342,scFormer
Ppargc1a,0.006929114076451456,2343,scFormer
Hspa4l,0.006926516311160356,2344,scFormer
Six3,0.006925666110464005,2345,scFormer
Plcd4,0.0069154487468544665,2346,scFormer
Elovl2,0.006910055492927136,2347,scFormer
Casp1,0.006902093505933077,2348,scFormer
Gpt,0.006902018147425613,2349,scFormer
Nipa1,0.006899631106733348,2350,scFormer
Krt8,0.006897632872457292,2351,scFormer
Klhl2,0.006894628414094338,2352,scFormer
Poc1a,0.0068857009499350245,2353,scFormer
Cfap161,0.006844890950144093,2354,scFormer
Hmmr,0.006843351368173379,2355,scFormer
Sult5a1,0.0068306188345539755,2356,scFormer
Mylip,0.006827061892637484,2357,scFormer
Clic3,0.006824840643917357,2358,scFormer
F630028O10Rik,0.0068189983244750394,2359,scFormer
Gm29666,0.00681795312695508,2360,scFormer
Ypel2,0.006805357717661196,2361,scFormer
Crtac1,0.006803293234250171,2362,scFormer
Tmem27,0.0067896136158378025,2363,scFormer
Alx1,0.006775796458366371,2364,scFormer
Mapk4,0.006765365544425369,2365,scFormer
Fam20a,0.006763709899546008,2366,scFormer
4833407H14Rik,0.006761821416069905,2367,scFormer
Cd19,0.006761639980891011,2368,scFormer
Adam19,0.006759649927270746,2369,scFormer
Mfap5,0.006756203432086506,2370,scFormer
Fam64a,0.006748298820572277,2371,scFormer
Ikzf1,0.006736687771401173,2372,scFormer
Gjc3,0.006732641466560139,2373,scFormer
Cth,0.006719670692746981,2374,scFormer
Cd8b1,0.006718245789079802,2375,scFormer
Arhgef40,0.006710293624460643,2376,scFormer
Strip2,0.00670780537436892,2377,scFormer
Slc46a1,0.006705817595906888,2378,scFormer
Fzd9,0.00670380356441801,2379,scFormer
Tmem72,0.006699814883053244,2380,scFormer
Agl,0.0066918462143276645,2381,scFormer
Gm20406,0.006687780413077833,2382,scFormer
Pomc,0.006675379899095191,2383,scFormer
Tubb4a,0.006670561323391887,2384,scFormer
Daglb,0.006667677070748809,2385,scFormer
B9d1,0.006666000555232105,2386,scFormer
Lrrn1,0.006662400187375534,2387,scFormer
Cmklr1,0.00665369221340917,2388,scFormer
Vav1,0.0066399885460285,2389,scFormer
Cd209g,0.006639977234140804,2390,scFormer
Tsku,0.00662841624360424,2391,scFormer
Ptgdr,0.006616044510446503,2392,scFormer
Cfap100,0.006605874599547064,2393,scFormer
Il2ra,0.006601832317561914,2394,scFormer
Slc29a4,0.006600494402207913,2395,scFormer
3300002A11Rik,0.006598894593228745,2396,scFormer
Nim1k,0.006598676614283372,2397,scFormer
Stat4,0.006589500417770736,2398,scFormer
Medag,0.0065755354345876345,2399,scFormer
Ccdc184,0.006573617207579102,2400,scFormer
Pcbp4,0.006567754806058972,2401,scFormer
Ccdc167,0.006565133601629872,2402,scFormer
Btla,0.006560256819665582,2403,scFormer
A530064D06Rik,0.006559465321343219,2404,scFormer
1700001L19Rik,0.006550555446583971,2405,scFormer
1700024G13Rik,0.006547700561749224,2406,scFormer
Dnajb2,0.006546150229113772,2407,scFormer
Iqca,0.006546043494222761,2408,scFormer
Prox1,0.006537996905386843,2409,scFormer
Epb41l3,0.006534260970878887,2410,scFormer
Cep162,0.006519936292462573,2411,scFormer
Spata24,0.006519585709494745,2412,scFormer
Mapk8ip1,0.006515336731212482,2413,scFormer
Tulp3,0.00651009078780513,2414,scFormer
Gm12326,0.0065078225792637705,2415,scFormer
Stmn4,0.006484226672216139,2416,scFormer
Exoc3l2,0.006472716291535461,2417,scFormer
Dcaf12l1,0.006463106870533591,2418,scFormer
Prima1,0.006460654636723397,2419,scFormer
Lrrc10b,0.006457128454843159,2420,scFormer
Epn3,0.00644699463787676,2421,scFormer
Cfap206,0.006443634979611063,2422,scFormer
Ermn,0.0064381694250345055,2423,scFormer
Map1a,0.006437790357225665,2424,scFormer
AI854517,0.006419311211574203,2425,scFormer
Bricd5,0.0064129679986265255,2426,scFormer
Clca3a1,0.006408622264382498,2427,scFormer
Wisp1,0.006382880684204587,2428,scFormer
2410004P03Rik,0.006355182091489606,2429,scFormer
Lilra6,0.006352220663848363,2430,scFormer
Gm13470,0.006345986434456269,2431,scFormer
Fermt3,0.0063233953091073195,2432,scFormer
Bhmt,0.006318096569547395,2433,scFormer
Cdc37l1,0.006279296794810684,2434,scFormer
Gm26772,0.006265572303704729,2435,scFormer
0610040J01Rik,0.0062613669684772645,2436,scFormer
Vit,0.0062588322922779915,2437,scFormer
Spef2,0.006258410382177407,2438,scFormer
Ppp2r3a,0.006249928617425841,2439,scFormer
Wfikkn2,0.006239055001095883,2440,scFormer
Ak7,0.0062353673004301655,2441,scFormer
Scd3,0.0062346900314546195,2442,scFormer
Elmod1,0.006232270903573306,2443,scFormer
Dnah14,0.006230355127039379,2444,scFormer
Plpp4,0.006228633045172533,2445,scFormer
Shisa4,0.006204648728168591,2446,scFormer
Crb3,0.006199467056952852,2447,scFormer
Kcnk3,0.0061977828357633715,2448,scFormer
Lrrc23,0.006189691738829048,2449,scFormer
Npr3,0.006183504571745253,2450,scFormer
Slc35g1,0.006176647704316939,2451,scFormer
1700040L02Rik,0.006163158915239554,2452,scFormer
Dnali1,0.006162464115214839,2453,scFormer
Hpca,0.006148025650961581,2454,scFormer
Mir155hg,0.006147162909072896,2455,scFormer
Gfod2,0.006130865589144951,2456,scFormer
Rasal1,0.006129893235392735,2457,scFormer
Zfhx4,0.00612800675720335,2458,scFormer
Gabbr1,0.006121996640094042,2459,scFormer
Larp6,0.006103757088873507,2460,scFormer
Esco2,0.006086203202434756,2461,scFormer
Alas2,0.006071941927515565,2462,scFormer
Cdca2,0.006058630316472545,2463,scFormer
Nat8,0.006056720664800166,2464,scFormer
Asb11,0.006055712983990398,2465,scFormer
Smco3,0.006053229444223289,2466,scFormer
Gnmt,0.006045550910808651,2467,scFormer
Egln3,0.006042905269684199,2468,scFormer
Chchd6,0.0060305269788918986,2469,scFormer
Rsph4a,0.006026795280769818,2470,scFormer
Dscaml1,0.005993979793102659,2471,scFormer
Gucy2g,0.00598558867715149,2472,scFormer
Tspan8,0.0059839716666158956,2473,scFormer
4833427G06Rik,0.005983338348542245,2474,scFormer
Siglec1,0.005945535473491078,2475,scFormer
Hepacam,0.005941506774020545,2476,scFormer
Ccdc146,0.0059366940594476805,2477,scFormer
Pak3,0.005935308514451246,2478,scFormer
Arc,0.0059321748765022485,2479,scFormer
Cd8a,0.005928908858978063,2480,scFormer
Neil3,0.005923055794421656,2481,scFormer
Cml3,0.005919953909741414,2482,scFormer
Kndc1,0.0059038228421251695,2483,scFormer
Svip,0.005901131792646011,2484,scFormer
Cd109,0.005878030060972364,2485,scFormer
Ikzf3,0.005865136946718455,2486,scFormer
Prok2,0.005860404789426123,2487,scFormer
Pde3b,0.0058564383218022405,2488,scFormer
Bex6,0.005846401164317803,2489,scFormer
Il13ra2,0.0058434253477642984,2490,scFormer
Klri2,0.005842070100701701,2491,scFormer
Rsph10b,0.005835607262753472,2492,scFormer
Trpc4,0.005806141893608414,2493,scFormer
Gm973,0.005802046589419274,2494,scFormer
Ppp1r32,0.005801585451521872,2495,scFormer
Map7,0.005791387890974824,2496,scFormer
Lama1,0.005785234409345804,2497,scFormer
Thbs4,0.005782155101933859,2498,scFormer
Serpina3f,0.005779302974717099,2499,scFormer
Scnn1a,0.005757029673697638,2500,scFormer
Zfp536,0.005751736905097436,2501,scFormer
Ado,0.005732101151322207,2502,scFormer
Fam166b,0.005727900859075912,2503,scFormer
Plk4,0.00572510166251327,2504,scFormer
Klrb1a,0.005724762767235689,2505,scFormer
Clspn,0.005716722715355666,2506,scFormer
Josd2,0.005713773755765476,2507,scFormer
Dlx2,0.005694801507770872,2508,scFormer
Mog,0.005689435489175602,2509,scFormer
Rab33a,0.005687198366550225,2510,scFormer
Dner,0.005687186719942086,2511,scFormer
Tmem40,0.0056868965833393416,2512,scFormer
Hepacam2,0.005682783854348087,2513,scFormer
C730034F03Rik,0.005665655765388048,2514,scFormer
Plau,0.0056449666339348625,2515,scFormer
Nlrc3,0.005622244075873487,2516,scFormer
9830107B12Rik,0.005621992774377885,2517,scFormer
Adrb1,0.00561382929058022,2518,scFormer
Cfap45,0.005611750892293341,2519,scFormer
Rpl3l,0.005610731649636651,2520,scFormer
Ces2e,0.005597641455650231,2521,scFormer
A230009B12Rik,0.00559567152229065,2522,scFormer
Gm10138,0.005595612812015942,2523,scFormer
Kcnk5,0.005588023008988758,2524,scFormer
Slc14a2,0.0055704832018047944,2525,scFormer
Frmd8,0.005562140204804119,2526,scFormer
Gfpt2,0.005539318041006529,2527,scFormer
Cntn2,0.005533684376496733,2528,scFormer
Got1l1,0.005532091029044007,2529,scFormer
1700028P14Rik,0.005522006578184512,2530,scFormer
Fhit,0.005517956728695083,2531,scFormer
Fa2h,0.00551794378742638,2532,scFormer
Ccdc33,0.005517538841785011,2533,scFormer
Cldn3,0.00550646607522664,2534,scFormer
Nrg1,0.005497240515574768,2535,scFormer
Wnt3,0.005491022966931898,2536,scFormer
Wisp2,0.005487328953733535,2537,scFormer
Ccdc108,0.005486733700031563,2538,scFormer
Zfp365,0.005482003360974439,2539,scFormer
Polr3e,0.005467994139567474,2540,scFormer
Cdhr3,0.005462216153790032,2541,scFormer
Smtnl2,0.005462071666718158,2542,scFormer
Ppm1k,0.005454720720900238,2543,scFormer
Efnb3,0.005429526802179017,2544,scFormer
Ppp1r36,0.00542610307949907,2545,scFormer
Fam174b,0.005425919609651784,2546,scFormer
Fasl,0.0054061715040928555,2547,scFormer
Ciita,0.005403112235788154,2548,scFormer
Col11a1,0.005391495329846934,2549,scFormer
Vwa3a,0.005390095807055939,2550,scFormer
Prss56,0.005388056049543964,2551,scFormer
Plppr3,0.0053858370702762805,2552,scFormer
Prox1os,0.005381299062774129,2553,scFormer
Efcab1,0.005369737325313333,2554,scFormer
Cacnb4,0.005366394899875001,2555,scFormer
Col25a1,0.005361612851157442,2556,scFormer
Fam19a1,0.005344372740148061,2557,scFormer
Gata6,0.005336946848321707,2558,scFormer
Cd247,0.005333499262198095,2559,scFormer
Msc,0.005292537746400222,2560,scFormer
Eya2,0.005280041657261321,2561,scFormer
Col26a1,0.005271058067405528,2562,scFormer
Nell2,0.005263172521044033,2563,scFormer
Taf6,0.005223979379946889,2564,scFormer
Pgam2,0.005220552769308609,2565,scFormer
Rfx4,0.005202146444093125,2566,scFormer
Gabrr2,0.005185517508554224,2567,scFormer
Bdnf,0.005170685045197306,2568,scFormer
Cpxm2,0.005168902509927083,2569,scFormer
Gzmk,0.005168601600923898,2570,scFormer
Pls1,0.005159863508152477,2571,scFormer
Cmah,0.005155698521709414,2572,scFormer
Lrrc46,0.00515081118383004,2573,scFormer
Clec11a,0.005142356207544028,2574,scFormer
Col9a2,0.005134319474143191,2575,scFormer
Unc13d,0.005134203625563312,2576,scFormer
Wfdc18,0.0051327931686822575,2577,scFormer
Cd209c,0.005101196458463946,2578,scFormer
Ffar2,0.005100259389754869,2579,scFormer
Ak8,0.005092370517919749,2580,scFormer
Dkk2,0.005080812916867733,2581,scFormer
Dlx1,0.005079030476475281,2582,scFormer
Mapk15,0.005072854737828711,2583,scFormer
Fam83d,0.005063341027882718,2584,scFormer
Gm17634,0.0050430331536651446,2585,scFormer
Gzmm,0.005038657219392272,2586,scFormer
Dlx6os1,0.005034672438978367,2587,scFormer
Sult1c2,0.005033495350145794,2588,scFormer
Saa1,0.005029540455040201,2589,scFormer
Chek2,0.005020729747157409,2590,scFormer
Tmem125,0.005014469401354374,2591,scFormer
B230312C02Rik,0.005002369871025674,2592,scFormer
Tc2n,0.004975750568265562,2593,scFormer
Bbox1,0.004965847747962796,2594,scFormer
Gpr62,0.004961042366297301,2595,scFormer
Arhgef25,0.0049576314837376095,2596,scFormer
Spag17,0.004917381502166327,2597,scFormer
Fanci,0.004911443626715842,2598,scFormer
Plekhh1,0.004895174591407316,2599,scFormer
Nrn1,0.004879142678061667,2600,scFormer
Cfap77,0.00487361992520867,2601,scFormer
Hist1h1b,0.004867158447693385,2602,scFormer
Cyp2j12,0.0048630179939792,2603,scFormer
Cep55,0.004856143426992325,2604,scFormer
Saxo2,0.004850186288576582,2605,scFormer
Kcnb2,0.004839788211740681,2606,scFormer
Pcgf2,0.004834527998188164,2607,scFormer
Hotairm1,0.004817152503177451,2608,scFormer
Lrrc74b,0.004789048907774513,2609,scFormer
Bcl11b,0.004783040841660354,2610,scFormer
Sp9,0.004759820498037666,2611,scFormer
P4ha3,0.004733955233750067,2612,scFormer
Spata33,0.004722077774211515,2613,scFormer
Wdr66,0.0047128245222898685,2614,scFormer
Plet1,0.004710645625254631,2615,scFormer
Terf2ip,0.004679859086633998,2616,scFormer
Lamb3,0.004673086328032833,2617,scFormer
Ercc5,0.004666610895065847,2618,scFormer
Gal3st1,0.004627515305673993,2619,scFormer
Gm26525,0.004624271466591453,2620,scFormer
Dnah9,0.004620893401117607,2621,scFormer
Slc24a2,0.004606569246709811,2622,scFormer
Syt4,0.004604576591300194,2623,scFormer
6820408C15Rik,0.004596719770920924,2624,scFormer
Gm17619,0.004587952401421013,2625,scFormer
Runx2,0.0045797969659223895,2626,scFormer
Blk,0.004564338479059028,2627,scFormer
Cldn14,0.00456292659061657,2628,scFormer
Klrb1f,0.004548695006930529,2629,scFormer
Tekt4,0.004546423978967428,2630,scFormer
Paip2b,0.004536230203227683,2631,scFormer
D630024D03Rik,0.004533972805139914,2632,scFormer
Mxd3,0.004529712577934336,2633,scFormer
Samd3,0.00452433078474404,2634,scFormer
Wdr78,0.004480053155538789,2635,scFormer
Bub1,0.004462912106626265,2636,scFormer
Olr1,0.004457398119297696,2637,scFormer
Zmynd10,0.004443422217136296,2638,scFormer
BC094916,0.004432851822648231,2639,scFormer
Saa2,0.004413131808931304,2640,scFormer
Cd209d,0.004411751032521974,2641,scFormer
A330069E16Rik,0.004378453871896928,2642,scFormer
Chac1,0.0043760796939629415,2643,scFormer
Gm5547,0.004373937004735826,2644,scFormer
Tacstd2,0.004371246996691662,2645,scFormer
Gm11681,0.004353539397050759,2646,scFormer
Ska1,0.004353436110671348,2647,scFormer
Calb2,0.004351268823341093,2648,scFormer
Stoml3,0.0043419262734551425,2649,scFormer
Sept3,0.0043396285307511495,2650,scFormer
AI593442,0.0043288159324580385,2651,scFormer
Melk,0.004324999015985707,2652,scFormer
Cd160,0.004318844873465868,2653,scFormer
Ccdc121,0.0043053342416049635,2654,scFormer
Fxyd2,0.0043033174748506094,2655,scFormer
Prr29,0.004263666159348137,2656,scFormer
Rprm,0.004259246122896761,2657,scFormer
Hydin,0.004247409437029103,2658,scFormer
Gm14051,0.004238305527850081,2659,scFormer
FRMPD2,0.0042348630814408065,2660,scFormer
Tmem80,0.004233404627326138,2661,scFormer
Dnah5,0.0042296707362894,2662,scFormer
Pbld2,0.0042244905210863095,2663,scFormer
Cfap69,0.004224336713349203,2664,scFormer
Thap1,0.004221273960121404,2665,scFormer
Aldh1a3,0.004220362982064899,2666,scFormer
Pparg,0.0042190826867798455,2667,scFormer
Dlx5,0.004216975564695692,2668,scFormer
Sag,0.00421012057893452,2669,scFormer
Pdcd1,0.004210013569305997,2670,scFormer
Gm16006,0.004209450979857656,2671,scFormer
Casq1,0.0042015791713712275,2672,scFormer
Nfe2l3,0.00418121875478126,2673,scFormer
Apof,0.004179236637243175,2674,scFormer
Gm19585,0.004169229820761319,2675,scFormer
Lrrn4cl,0.004152715517841109,2676,scFormer
Maats1,0.004093064385663951,2677,scFormer
Daw1,0.004062030722340963,2678,scFormer
Crmp1,0.004054366965797943,2679,scFormer
Als2,0.00404244688533963,2680,scFormer
D7Ertd443e,0.003988417103215872,2681,scFormer
4933407L21Rik,0.003948882459594762,2682,scFormer
Gm29508,0.00394435995477589,2683,scFormer
Adamts20,0.003925641553686449,2684,scFormer
Dlk1,0.0039162051107632994,2685,scFormer
Lrrc36,0.0038993082024381676,2686,scFormer
St18,0.003898416437805685,2687,scFormer
Pla2g2d,0.003898193789108454,2688,scFormer
Hspb7,0.0038978768977379124,2689,scFormer
Vnn1,0.0038977745655301506,2690,scFormer
Tmem171,0.0038751743020866785,2691,scFormer
Acot5,0.0038683630146338515,2692,scFormer
Nog,0.003854656324034169,2693,scFormer
Morn3,0.00385141990253054,2694,scFormer
Drc1,0.0038496286159635813,2695,scFormer
Defb9,0.0038440673938543238,2696,scFormer
Opcml,0.003818841205828829,2697,scFormer
Cd226,0.0038119912454999774,2698,scFormer
3830403N18Rik,0.0037910063841491847,2699,scFormer
Cited1,0.0037878168520100613,2700,scFormer
Bmper,0.003777802606437527,2701,scFormer
Gm42722,0.0037710468495514345,2702,scFormer
Gm20383,0.0037656380466478917,2703,scFormer
Gpr165,0.003740006344644248,2704,scFormer
Cilp2,0.003717700914911786,2705,scFormer
Srpx,0.003711250214606595,2706,scFormer
Sp8,0.003710374126336186,2707,scFormer
Dlgap5,0.0037000733751658397,2708,scFormer
Gad1,0.0036969251128374826,2709,scFormer
Armc4,0.003689182038206123,2710,scFormer
Zp3,0.003686465914298323,2711,scFormer
Nkx2-1,0.0036802413838988427,2712,scFormer
Lrrtm3,0.0036781240278974127,2713,scFormer
Fam92b,0.0036702217750504817,2714,scFormer
Piezo2,0.003612091357216838,2715,scFormer
Rbp2,0.0035958000347182002,2716,scFormer
Gm26867,0.003590755381747643,2717,scFormer
Btnl9,0.0035746020136998183,2718,scFormer
Ptgfr,0.0035468210854725274,2719,scFormer
Ccdc81,0.003525699009179341,2720,scFormer
Smkr-ps,0.0035159669976481487,2721,scFormer
Rnf138rt1,0.0035139871362059602,2722,scFormer
Wdr63,0.003513399314403995,2723,scFormer
Gm17455,0.0034943907333830457,2724,scFormer
Cd4,0.003482829692372269,2725,scFormer
Itgbl1,0.003470536706429296,2726,scFormer
Upb1,0.003466869924721025,2727,scFormer
Lect1,0.0034393292240716225,2728,scFormer
Rmi2,0.00343762174943027,2729,scFormer
Ascl1,0.0034304522731159115,2730,scFormer
L1cam,0.0034199686664556483,2731,scFormer
Gpr88,0.003406763657837931,2732,scFormer
Scn7a,0.0033877484726597368,2733,scFormer
Serpind1,0.0033556994005021273,2734,scFormer
Slc6a12,0.003341647810404829,2735,scFormer
Cd209b,0.0033250672106841196,2736,scFormer
Gata3,0.0033207287037525673,2737,scFormer
Car9,0.0033194186900785895,2738,scFormer
Bhlhe22,0.003315119057060614,2739,scFormer
Icos,0.003313379577822079,2740,scFormer
Gm13536,0.0033058686883140997,2741,scFormer
Gm3550,0.0032959143585833124,2742,scFormer
Stmnd1,0.0032901947981156853,2743,scFormer
Slamf1,0.003290047410195283,2744,scFormer
Eomes,0.003268102209919492,2745,scFormer
Cfap53,0.003267834739546351,2746,scFormer
Fam216b,0.0032677680776799583,2747,scFormer
Kif6,0.0032609012992845117,2748,scFormer
Myb,0.0032460977442539756,2749,scFormer
Retnla,0.0032297202575673253,2750,scFormer
Ms4a4d,0.0032256193199466827,2751,scFormer
Rpl39l,0.003219648033234188,2752,scFormer
Fam129c,0.0031758356530399356,2753,scFormer
Arhgdig,0.00315785687677114,2754,scFormer
Uox,0.0031515912688133687,2755,scFormer
Pon1,0.003137406890609275,2756,scFormer
Nrsn1,0.003131187692370147,2757,scFormer
Sfrp2,0.0031196760922747807,2758,scFormer
Gm43536,0.003111299753196984,2759,scFormer
Angptl1,0.003100795096719782,2760,scFormer
Btc,0.0030991598864370234,2761,scFormer
Cfap46,0.003089963317421514,2762,scFormer
Gm10827,0.0030635759305147237,2763,scFormer
Tmem59l,0.003052835436856864,2764,scFormer
RP23-291B1.2,0.00304312745163896,2765,scFormer
Svopl,0.003040505895154255,2766,scFormer
Cd6,0.0030362962299307784,2767,scFormer
Tcp11,0.003026147616400364,2768,scFormer
Ccdc163,0.0030166184228185918,2769,scFormer
Ucma,0.002994807878288436,2770,scFormer
Mal2,0.0029852664622307544,2771,scFormer
Itk,0.0029830095070734644,2772,scFormer
Akap14,0.002970923971656613,2773,scFormer
Gm13075,0.002963706914328062,2774,scFormer
Lrr1,0.0029537963196957775,2775,scFormer
Barx2,0.002916353682329342,2776,scFormer
Dnah7a,0.002910478489379457,2777,scFormer
Lrrc71,0.0029063584846351007,2778,scFormer
Mb,0.0028998152711615975,2779,scFormer
Gm15551,0.0028887412300689745,2780,scFormer
Gm26909,0.0028861412392688908,2781,scFormer
Ccdc40,0.0028839870616994396,2782,scFormer
Krtap28-13,0.0028784842905852457,2783,scFormer
Prf1,0.0028784027329439446,2784,scFormer
Arpp21,0.0028599013862809124,2785,scFormer
Nppc,0.002854854280534228,2786,scFormer
Gm33651,0.0028507469470436786,2787,scFormer
a,0.002838081324528269,2788,scFormer
Dlec1,0.002836721921518535,2789,scFormer
Ackr4,0.0028323142023715967,2790,scFormer
Ccr9,0.002830619310709325,2791,scFormer
Pvalb,0.0028138100296661818,2792,scFormer
Tbx21,0.0027571953192497187,2793,scFormer
A930003A15Rik,0.0027212957916325454,2794,scFormer
Vwa5b1,0.002691162155474553,2795,scFormer
Cd96,0.0026854078538008108,2796,scFormer
Cdh1,0.0026658805765239673,2797,scFormer
Cpz,0.0026506672354930593,2798,scFormer
Uckl1os,0.002635646517143168,2799,scFormer
Rasgrf1,0.0026329776067731104,2800,scFormer
Dthd1,0.0026076982074946567,2801,scFormer
Kif4,0.002603087884411171,2802,scFormer
Lhfpl4,0.0025994114754206653,2803,scFormer
Grap2,0.0025983030251321964,2804,scFormer
Cidea,0.002585851019184196,2805,scFormer
Stc2,0.0025785998704111034,2806,scFormer
Dnah1,0.0025737096428373016,2807,scFormer
Syt10,0.0025686988960650727,2808,scFormer
Ffar4,0.00256324644157206,2809,scFormer
1700019G24Rik,0.0025521637282440927,2810,scFormer
Ak9,0.002552159040449989,2811,scFormer
Cfap157,0.0025369687173009718,2812,scFormer
Platr17,0.0025201589124541055,2813,scFormer
Sct,0.0025025300154986703,2814,scFormer
Tctex1d1,0.0024950168408189367,2815,scFormer
Cst6,0.002491681474676509,2816,scFormer
Gm12144,0.0024609453999113995,2817,scFormer
Fndc7,0.0024572281477428333,2818,scFormer
Grik3,0.0024545645205696024,2819,scFormer
Irx5,0.0024527159925372454,2820,scFormer
Tnfrsf4,0.0024205281212185585,2821,scFormer
Kcnd2,0.002420427648249233,2822,scFormer
Zfp474,0.002417436559820774,2823,scFormer
Nek2,0.002416585155371202,2824,scFormer
Sap30bpos,0.0024159927880550848,2825,scFormer
Spic,0.0024126399288931506,2826,scFormer
BC021614,0.002411538308629037,2827,scFormer
Ces2g,0.0024020652475213013,2828,scFormer
Lyz1,0.002358309525642861,2829,scFormer
Col6a3,0.0023510467597530884,2830,scFormer
Rhcg,0.002334123283797844,2831,scFormer
2010005H15Rik,0.0023250011614993895,2832,scFormer
3632451O06Rik,0.0023130209498770818,2833,scFormer
Sult1c1,0.0023020581600792533,2834,scFormer
Gm16160,0.002300794012624409,2835,scFormer
Calb1,0.0022869725402452205,2836,scFormer
Il12a,0.002284012802808489,2837,scFormer
Tmem232,0.0022658484586324168,2838,scFormer
Rsph14,0.002261612827556171,2839,scFormer
Actn2,0.002242834908870382,2840,scFormer
Tnr,0.002237921413898935,2841,scFormer
Ntng1,0.002224719933506097,2842,scFormer
Nkx2-4,0.0022229024579484727,2843,scFormer
Nefh,0.002216018680759527,2844,scFormer
Myl1,0.0021789482672588383,2845,scFormer
Ttc29,0.0021701492753180185,2846,scFormer
Epcam,0.002158918169971376,2847,scFormer
Zcchc16,0.0021564480569296494,2848,scFormer
Mirg,0.0021450803168010565,2849,scFormer
Gm21149,0.002132620680440488,2850,scFormer
Zcchc12,0.002117765899491966,2851,scFormer
Tmem132c,0.0021155818243294476,2852,scFormer
Stfa1,0.0021144635740072645,2853,scFormer
Fbxl13,0.0021108981790124966,2854,scFormer
Brinp2,0.002104435295257575,2855,scFormer
Cxcl9,0.0020988655051078988,2856,scFormer
Pcdhb7,0.002083998964192448,2857,scFormer
Gm1604a,0.002073779674914448,2858,scFormer
Gm20661,0.0020499408130291545,2859,scFormer
Retn,0.002041139206310685,2860,scFormer
BC018473,0.002028891528612264,2861,scFormer
Hsf2bp,0.0020233310510418085,2862,scFormer
F2rl1,0.0020173608121976105,2863,scFormer
Tcte1,0.0019934905354145644,2864,scFormer
Fmr1nb,0.0019893227479645397,2865,scFormer
Foxb1,0.0019829895930859173,2866,scFormer
Gm15689,0.001950995761464167,2867,scFormer
Tmprss5,0.001947629815966248,2868,scFormer
Rab15,0.0019322078924944044,2869,scFormer
Dct,0.001930480291490578,2870,scFormer
Gm13391,0.001889383194972706,2871,scFormer
A530032D15Rik,0.0018732534873676136,2872,scFormer
4732414G09Rik,0.0018678542162309936,2873,scFormer
Ttc16,0.00185800329369365,2874,scFormer
Gm44109,0.0018427705328639863,2875,scFormer
Rtp1,0.0018399557926785223,2876,scFormer
Cyp2f2,0.0018287066092980062,2877,scFormer
Gsta3,0.001826353556425795,2878,scFormer
1700063D05Rik,0.001826198966878523,2879,scFormer
Pcdh8,0.001820698083771036,2880,scFormer
4933413G19Rik,0.0017900983448189257,2881,scFormer
Sspo,0.0017892625788106893,2882,scFormer
Xlr4c,0.0017587052047566894,2883,scFormer
Ehf,0.001725905099333475,2884,scFormer
Urah,0.0017190181138027028,2885,scFormer
Tnfsf18,0.0017173112064944407,2886,scFormer
Pappa2,0.0017076824298922154,2887,scFormer
Defb42,0.001700625499661343,2888,scFormer
Cd300c,0.0016854412229387727,2889,scFormer
Wdr93,0.0016760424887517318,2890,scFormer
Aard,0.0016733146770019267,2891,scFormer
Dqx1,0.0016730472474343124,2892,scFormer
Kcnc1,0.0016669447649409561,2893,scFormer
Efcab11,0.001664388624054974,2894,scFormer
Apobec2,0.001659186409500441,2895,scFormer
Sv2b,0.0016506711808947313,2896,scFormer
1700086L19Rik,0.001646524649919727,2897,scFormer
Prph,0.001612984212799889,2898,scFormer
Nup62cl,0.001596172661124706,2899,scFormer
Rit2,0.0015875078764957572,2900,scFormer
Chgb,0.0015624697065600443,2901,scFormer
Acbd7,0.0015611036363396952,2902,scFormer
Lypd2,0.0015551672053120916,2903,scFormer
Mmp13,0.0015546479344110862,2904,scFormer
Clec9a,0.0015533960570969893,2905,scFormer
Cyp2e1,0.0015416721815610735,2906,scFormer
Nhlrc4,0.0015251090196595472,2907,scFormer
RP24-492L15.6,0.0015206885149863071,2908,scFormer
Unc5cl,0.0015175211887574344,2909,scFormer
Pcdhb9,0.0014812423991254601,2910,scFormer
Ces1d,0.0014770012069658433,2911,scFormer
Syt1,0.0014593051544192362,2912,scFormer
Pcdh15,0.0014471338450368523,2913,scFormer
Hrk,0.001441207709128251,2914,scFormer
Calca,0.0014381919094051383,2915,scFormer
Ccdc63,0.0014310407911610485,2916,scFormer
Brinp1,0.001424264402655985,2917,scFormer
Scgb1c1,0.0014195868928847414,2918,scFormer
Krt15,0.0013940272774629818,2919,scFormer
Krt23,0.0013901902238555913,2920,scFormer
Diras2,0.0013877715307190977,2921,scFormer
Fabp12,0.0013842563161592938,2922,scFormer
Elane,0.001379181423045354,2923,scFormer
Dnase1l3,0.0013690077705501259,2924,scFormer
Pkd2l1,0.0013679635657439504,2925,scFormer
Dapl1,0.0013599506279482428,2926,scFormer
Pou4f1,0.0013493804034545042,2927,scFormer
Smim6,0.0013467961385102234,2928,scFormer
Gm26737,0.0013426557385128996,2929,scFormer
Msmp,0.001332132568634945,2930,scFormer
Caln1,0.001330044532195153,2931,scFormer
Trp63,0.0012994222452926466,2932,scFormer
Defb25,0.0012842454580064225,2933,scFormer
Fxyd3,0.001262704308184721,2934,scFormer
Onecut2,0.0012621945752683981,2935,scFormer
Slc36a2,0.001246943793378977,2936,scFormer
C1ql1,0.0012332445130457325,2937,scFormer
Slc6a19,0.0012312447414824298,2938,scFormer
Gm17322,0.0012308607224027913,2939,scFormer
Itgae,0.0012294124169332575,2940,scFormer
Dazl,0.0012138712622103563,2941,scFormer
Xcr1,0.0012038118643655311,2942,scFormer
Ly6k,0.0011958400561379293,2943,scFormer
RP23-435E16.1,0.0011807603071170541,2944,scFormer
Igfn1,0.001171555213600015,2945,scFormer
Sema3e,0.0011484080349782968,2946,scFormer
Aldh1a7,0.001141285989049592,2947,scFormer
Apoc4,0.001130001522221194,2948,scFormer
Gm15867,0.0011282615708355901,2949,scFormer
Rpe65,0.001116555239388749,2950,scFormer
Gm7967,0.0011054139170618845,2951,scFormer
Iqch,0.0011003495216083666,2952,scFormer
Car3,0.0010999250759364165,2953,scFormer
Tex26,0.0010932268616439316,2954,scFormer
D130051D11Rik,0.0010645868475360261,2955,scFormer
Gm13713,0.0010512968410743976,2956,scFormer
Asb16,0.0010378523973987002,2957,scFormer
Ptcra,0.001029224960227902,2958,scFormer
Ankrd34a,0.0010146937845130833,2959,scFormer
Gm16958,0.0010038366475757662,2960,scFormer
Rnf112,0.0009987243275965054,2961,scFormer
Tspan2os,0.0009971735502712373,2962,scFormer
Slc7a13,0.0009471464491499494,2963,scFormer
Pcdhb10,0.0009468487002602932,2964,scFormer
Madcam1,0.000938669579214178,2965,scFormer
Gm29157,0.0009167924771504546,2966,scFormer
Slc22a2,0.0009003064119712689,2967,scFormer
9530059O14Rik,0.0008667007522939297,2968,scFormer
4632428C04Rik,0.000852439794923115,2969,scFormer
Grm8,0.0008214730716934099,2970,scFormer
Nox4,0.0008101700337493195,2971,scFormer
Iyd,0.0007913800614518373,2972,scFormer
Cck,0.0007874661300948197,2973,scFormer
Tnnt3,0.0007857214819104834,2974,scFormer
Gm15879,0.0007800411318676646,2975,scFormer
Kcnip4,0.0007710928023019254,2976,scFormer
Efcab6,0.0007558142202631089,2977,scFormer
Reln,0.0007550127184035244,2978,scFormer
Pcdhb5,0.0007528169971130925,2979,scFormer
Ablim3,0.0007457837447313709,2980,scFormer
Gm4221,0.0007350943232199897,2981,scFormer
3300005D01Rik,0.0006842550201219416,2982,scFormer
Tac1,0.0006736455442569475,2983,scFormer
Atp6ap1l,0.0006625068038106012,2984,scFormer
8030474K03Rik,0.0006406603170008662,2985,scFormer
Tspan1,0.0006346684081661118,2986,scFormer
Rhox5,0.0006319097072418981,2987,scFormer
Defb10,0.0006315399621234439,2988,scFormer
Gdf5,0.0006258089616782182,2989,scFormer
Arf4os,0.0006178431125235609,2990,scFormer
Cldn7,0.000606296791021978,2991,scFormer
Slc25a31,0.000604213129443036,2992,scFormer
E330013P04Rik,0.0005862001357864123,2993,scFormer
Gm28322,0.0005573070735472743,2994,scFormer
Mroh2a,0.0005402997570938554,2995,scFormer
Npm2,0.0005099292158460956,2996,scFormer
Alox8,0.0005085206344785449,2997,scFormer
Fam83a,0.0004661785311274438,2998,scFormer
Gm43569,0.0004258340859011453,2999,scFormer
1700124L16Rik,0.00042523745610430306,3000,scFormer
