gene,importance,rank,method
Gfap,0.03386171298902016,1,scGPT
Actb,0.03349997902307846,2,scGPT
Gm2564,0.03346856186109613,3,scGPT
Lcn2,0.032249586118470695,4,scGPT
Ccl19,0.03072881426159829,5,scGPT
Adm,0.030680014516816314,6,scGPT
Serpina3n,0.030061332990477294,7,scGPT
Fbln5,0.029767982009780213,8,scGPT
Slc39a1,0.029603286972052698,9,scGPT
Plat,0.02953363102652442,10,scGPT
Ednrb,0.02937249639047699,11,scGPT
Ackr1,0.029023253309921806,12,scGPT
Fth1,0.028857677073305662,13,scGPT
Igfbp3,0.028816608309133077,14,scGPT
Lrg1,0.02878575148079865,15,scGPT
Iigp1,0.028720911401563746,16,scGPT
Angpt2,0.028398451193763233,17,scGPT
Cxcl12,0.02837663321230424,18,scGPT
Ifitm1,0.02824703571934404,19,scGPT
8430408G22Rik,0.028232375888300035,20,scGPT
Ifi205,0.02814410384653336,21,scGPT
Mnda,0.02806513216498065,22,scGPT
Mgp,0.02791096906719075,23,scGPT
Ear2,0.027793014899304875,24,scGPT
Car4,0.027762347662341327,25,scGPT
AA467197,0.027717719468725834,26,scGPT
H2-Eb1,0.027648773040424172,27,scGPT
Spp1,0.027630018304678157,28,scGPT
Cdkn1a,0.027598965951623096,29,scGPT
Fos,0.027307763918168623,30,scGPT
Fosb,0.027224243991616555,31,scGPT
Stc1,0.027185786844786897,32,scGPT
H2-Aa,0.027185282700226708,33,scGPT
Gbp4,0.026866086409424953,34,scGPT
Agt,0.0267095979013847,35,scGPT
Rdh10,0.02669870282848538,36,scGPT
Eln,0.02644320555815855,37,scGPT
Anxa1,0.026286141198071808,38,scGPT
Pyhin1,0.026193894898419043,39,scGPT
Cd24a,0.026037868332513616,40,scGPT
Meg3,0.025992221497204888,41,scGPT
Tgtp2,0.025905827582435145,42,scGPT
Il33,0.025903681553049743,43,scGPT
H2-Ab1,0.025864678409059042,44,scGPT
Igtp,0.025861491867087215,45,scGPT
Cdh13,0.02575814843016962,46,scGPT
Edn3,0.025751248927903293,47,scGPT
Igfbp6,0.025689336917958945,48,scGPT
Ngp,0.02562706587742938,49,scGPT
Slc6a13,0.025618689198700154,50,scGPT
Tgtp1,0.025601261797847608,51,scGPT
Aldh1a1,0.025466441473133386,52,scGPT
Gm4955,0.025401456538627097,53,scGPT
Ly6i,0.02538815404850719,54,scGPT
Hmgcs2,0.025378551894156217,55,scGPT
Sepp1,0.02535216875479718,56,scGPT
Timp1,0.02521135157374713,57,scGPT
Gbp2,0.02517165903208485,58,scGPT
Fabp7,0.025138749734837394,59,scGPT
Ccr2,0.02505505704349352,60,scGPT
Ifit3,0.025048369769385948,61,scGPT
Cd72,0.025042389855380688,62,scGPT
Napsa,0.024986427132102428,63,scGPT
Adam8,0.024956045863857787,64,scGPT
Cd74,0.024953722645312933,65,scGPT
Slc7a11,0.024864238437284455,66,scGPT
Junb,0.02480753203728837,67,scGPT
Stmn2,0.024779606782435615,68,scGPT
Hspa1a,0.024775972108814923,69,scGPT
Pi16,0.024773363662815826,70,scGPT
Ifi47,0.024769530864224752,71,scGPT
Ch25h,0.024761339504838265,72,scGPT
Ass1,0.024757714859830453,73,scGPT
Serpinb1a,0.024750790407499185,74,scGPT
Lpl,0.024646976146654207,75,scGPT
Slc26a10,0.024624195509003535,76,scGPT
Ifitm6,0.024526303877166904,77,scGPT
Gkn3,0.024484773007268316,78,scGPT
Col3a1,0.024484749870369627,79,scGPT
Cfh,0.024453975683783147,80,scGPT
Tmsb10,0.024450267610992896,81,scGPT
Gpd1,0.024409795308482984,82,scGPT
Sirpb1c,0.024385230229620063,83,scGPT
Plac8,0.024351489618823878,84,scGPT
Slc38a5,0.024311371477551233,85,scGPT
Clec4b1,0.024307938175247904,86,scGPT
Apod,0.024305478794738274,87,scGPT
Angptl4,0.02419784504015931,88,scGPT
Nnat,0.0241315986241988,89,scGPT
Mgl2,0.024120415036118992,90,scGPT
Il1rn,0.0240588055993991,91,scGPT
Emp1,0.024047410470010487,92,scGPT
Cybb,0.024046386651585365,93,scGPT
Kcnj8,0.02402906672398488,94,scGPT
Dbp,0.02400560613703124,95,scGPT
Tubb6,0.02397831803595732,96,scGPT
Fstl1,0.02392597720228481,97,scGPT
6330403K07Rik,0.02381394622970192,98,scGPT
Traf1,0.023788590417959398,99,scGPT
Dcn,0.02376322776418136,100,scGPT
Fhl1,0.02367405572614704,101,scGPT
Egfl8,0.023581724360494376,102,scGPT
Cxcl10,0.023574986760180706,103,scGPT
Klrd1,0.023569418010826872,104,scGPT
Fgfbp1,0.02356875049140147,105,scGPT
Dok2,0.023562030175508116,106,scGPT
Mt2,0.023459708786389973,107,scGPT
Clec10a,0.023418340835323653,108,scGPT
Ccl12,0.02341156602319413,109,scGPT
Vwf,0.023352891196603845,110,scGPT
F10,0.023327077287616856,111,scGPT
Plk2,0.02325101760055904,112,scGPT
Col8a1,0.02324636899852846,113,scGPT
Wfdc21,0.023236842284096254,114,scGPT
Slc6a20a,0.023227026029688926,115,scGPT
Ramp3,0.02321515196168973,116,scGPT
Notch2,0.02319440537875299,117,scGPT
Clec12a,0.023156446279205763,118,scGPT
Ptn,0.023152846326387373,119,scGPT
Bcl2a1d,0.023145403513707884,120,scGPT
Abhd2,0.023068759982113288,121,scGPT
Pydc4,0.023039273944616516,122,scGPT
Hcar2,0.02302581827923865,123,scGPT
Cp,0.023021340789865313,124,scGPT
Cd9,0.023013778436398947,125,scGPT
Itgb7,0.023002482401932898,126,scGPT
Eno3,0.02299832237124827,127,scGPT
Sdc4,0.022963140533381072,128,scGPT
Apold1,0.022918625525851333,129,scGPT
Acer2,0.022902372202877882,130,scGPT
Bmx,0.02289130722567955,131,scGPT
Lilr4b,0.022890312937171236,132,scGPT
Retnlg,0.022875827041872444,133,scGPT
Nupr1,0.022874265165232468,134,scGPT
Mgst1,0.02286743190281644,135,scGPT
Chil3,0.02279451451094431,136,scGPT
Ccl5,0.022790771237579995,137,scGPT
Lgals3,0.022716634633709033,138,scGPT
Pla1a,0.022688140319383994,139,scGPT
Mndal,0.02265839874292132,140,scGPT
Ms4a4c,0.022628520804752923,141,scGPT
Adamts4,0.022626021633025146,142,scGPT
Tnf,0.022609886582703808,143,scGPT
Klf4,0.022598333860566228,144,scGPT
Glul,0.02257576882969476,145,scGPT
Marcksl1,0.022559920086755687,146,scGPT
Ly6c2,0.022528534432502793,147,scGPT
Itih3,0.022520921125857858,148,scGPT
Lyve1,0.022509505731288532,149,scGPT
Cygb,0.022494392097867414,150,scGPT
Gpr182,0.0224937406062635,151,scGPT
Gngt2,0.02249351980585509,152,scGPT
Cytip,0.022413290803413408,153,scGPT
Ctla2a,0.02241202765331143,154,scGPT
Slc6a6,0.022406590729341817,155,scGPT
Klrk1,0.022347299842365914,156,scGPT
H2-DMb2,0.02227078202842593,157,scGPT
Cd209a,0.022199491010124722,158,scGPT
Mal,0.022192013912742455,159,scGPT
Myo1g,0.022177427633422432,160,scGPT
S100a6,0.022167375326745023,161,scGPT
Ltb,0.022163500149231276,162,scGPT
Ifit3b,0.022158403053333706,163,scGPT
Tm4sf1,0.022148565500391872,164,scGPT
Sell,0.022141776743592197,165,scGPT
Fabp4,0.022134204790702456,166,scGPT
Phlda1,0.022068772170608854,167,scGPT
Ifi204,0.022036950269344404,168,scGPT
S100a10,0.022012443099546565,169,scGPT
Bmp7,0.021998830937694624,170,scGPT
Cnn1,0.021971363432403957,171,scGPT
Gadd45b,0.021959466881967114,172,scGPT
Pdcd4,0.021942370756169283,173,scGPT
Ttyh2,0.02193613723510006,174,scGPT
Ccl9,0.021886631007668925,175,scGPT
Fcgr4,0.021885229047131353,176,scGPT
Ifi203,0.021828140021843436,177,scGPT
Slc4a10,0.021742182831847298,178,scGPT
Il1r2,0.021739244977179408,179,scGPT
Phf11b,0.021735621159787354,180,scGPT
Tmem176a,0.021713061092088603,181,scGPT
Fxyd5,0.021706135604155956,182,scGPT
Cd177,0.021695795199896967,183,scGPT
Il1b,0.021633901077490407,184,scGPT
Cyr61,0.021610041978972813,185,scGPT
Igfbp4,0.021603713307526043,186,scGPT
Apoe,0.021591515023399878,187,scGPT
Mt1,0.021577067954649594,188,scGPT
Cd79b,0.021572377077979064,189,scGPT
Dusp2,0.021542478785837392,190,scGPT
Igfbp2,0.02154236277204003,191,scGPT
Mmp8,0.02152971400495658,192,scGPT
Plaur,0.02150337866905148,193,scGPT
Vcam1,0.02146564819864426,194,scGPT
Rsad2,0.021427839612373892,195,scGPT
Ier3,0.021378782203536895,196,scGPT
Nov,0.021374974343133072,197,scGPT
Tmem176b,0.021368065540898054,198,scGPT
AW112010,0.021340375995127787,199,scGPT
Kdm6b,0.02132373547350156,200,scGPT
Atp13a5,0.021294315921364524,201,scGPT
Igfbp5,0.021272756032523463,202,scGPT
Pid1,0.021229173362604038,203,scGPT
Cfp,0.021218937646769,204,scGPT
Colec12,0.021189089515963194,205,scGPT
Cxcl16,0.021137627620067496,206,scGPT
Ercc1,0.02113723552039053,207,scGPT
Mmp9,0.02113668830281464,208,scGPT
Nfkbia,0.0211263593271664,209,scGPT
Cdc42ep3,0.021124087551923257,210,scGPT
Clec4n,0.021113019406524138,211,scGPT
Hist1h2ap,0.021110239077244655,212,scGPT
S100a4,0.02110203842744904,213,scGPT
Tmem252,0.02101981260757064,214,scGPT
Rgcc,0.0209838958561449,215,scGPT
Camp,0.02095911802570282,216,scGPT
Fbln2,0.02094913944132191,217,scGPT
Nfia,0.020925006267338068,218,scGPT
Ifit1,0.020888301801838174,219,scGPT
Phf11a,0.02086789003479722,220,scGPT
Gm26802,0.020849967991819866,221,scGPT
Gpr84,0.020819186968734974,222,scGPT
Msr1,0.02079826341608904,223,scGPT
Isg15,0.020794581729736476,224,scGPT
Hrct1,0.020779087538231475,225,scGPT
Scgb3a1,0.020763300787560668,226,scGPT
Lum,0.020748176559406153,227,scGPT
Plvap,0.020740222744257145,228,scGPT
Thbs1,0.02073270647121498,229,scGPT
2810417H13Rik,0.02071854073095697,230,scGPT
Cmbl,0.020701954071668693,231,scGPT
Sirpb1b,0.020693202805342856,232,scGPT
Capg,0.020670585008909774,233,scGPT
G0s2,0.02066723040816169,234,scGPT
Clec4e,0.020614351791321227,235,scGPT
Ctgf,0.020609049825421992,236,scGPT
Btg2,0.020597786159037377,237,scGPT
Sod3,0.0205893329663986,238,scGPT
Gm9733,0.020568011710729663,239,scGPT
Olfr558,0.020559256561304994,240,scGPT
Il34,0.020461422826041416,241,scGPT
Hapln2,0.020420820454523963,242,scGPT
Crispld2,0.020343595497032626,243,scGPT
Ccrl2,0.020336767714042275,244,scGPT
Tuba1a,0.020313040509096627,245,scGPT
Bcl2a1a,0.020274184683586036,246,scGPT
H2-Q7,0.02026749707691138,247,scGPT
Ly6g,0.020222977174118695,248,scGPT
Emb,0.020219738769730614,249,scGPT
Lpar1,0.02016276049481285,250,scGPT
Hbegf,0.020152065867765512,251,scGPT
Trem3,0.0200852800567356,252,scGPT
Tubb3,0.020063795030297257,253,scGPT
Cd83,0.02005722986045665,254,scGPT
Ptprcap,0.020041548677115238,255,scGPT
Gria2,0.019989480462256858,256,scGPT
Anln,0.0199630338131764,257,scGPT
Gas6,0.019950324661642153,258,scGPT
Adamts9,0.01994377786471269,259,scGPT
Plpp1,0.01989727469297939,260,scGPT
Ptgs2,0.019886271871565588,261,scGPT
Ccl4,0.019885276830142996,262,scGPT
Nr4a1,0.01987671309649807,263,scGPT
Cxcl2,0.019875105001793583,264,scGPT
Wfdc17,0.019841244932420097,265,scGPT
Serping1,0.019825076224088755,266,scGPT
Fbxl22,0.01977895017939799,267,scGPT
Gbp3,0.01977198600990085,268,scGPT
5430416O09Rik,0.01976276918994688,269,scGPT
Gatm,0.01976269406037049,270,scGPT
Dpep2,0.019730988990341314,271,scGPT
Psmb8,0.019705676456468018,272,scGPT
Ccl7,0.019670291331905756,273,scGPT
Ccnd2,0.01965026374923242,274,scGPT
Cd300lg,0.01964060688967732,275,scGPT
Gm694,0.019640460623478254,276,scGPT
S100b,0.019629116795164693,277,scGPT
Phf11d,0.019609708081409265,278,scGPT
Timp3,0.019575007872486363,279,scGPT
Slc22a8,0.019563489035326363,280,scGPT
Rnf128,0.019560372549375142,281,scGPT
Lmcd1,0.019520250583666025,282,scGPT
Ms4a4b,0.019506986792848263,283,scGPT
Mdk,0.019498040499867662,284,scGPT
Id2,0.019492974955170064,285,scGPT
Ifitm3,0.01947397539858656,286,scGPT
Anxa2,0.019450773132922962,287,scGPT
Mfap2,0.019436806615859042,288,scGPT
Vtn,0.01942358064611642,289,scGPT
Cd300ld,0.019393060683724886,290,scGPT
Pdpn,0.01938561969539198,291,scGPT
Emcn,0.01937902230414086,292,scGPT
Edn1,0.019358052929497226,293,scGPT
Ecm1,0.019333966067548503,294,scGPT
Fabp5,0.019309875719755797,295,scGPT
Net1,0.01929698462474848,296,scGPT
Lgals1,0.019286463201201136,297,scGPT
Cks2,0.01928322598979578,298,scGPT
Spry2,0.019265870160791048,299,scGPT
Ccl6,0.01925053133693814,300,scGPT
Bmp2k,0.01924777377821086,301,scGPT
Tnfrsf12a,0.019245559072845815,302,scGPT
Cyp4f18,0.01922063019556142,303,scGPT
Cd244,0.01921584709533821,304,scGPT
Tnfaip2,0.01920813894893731,305,scGPT
Adgre4,0.019199935520274273,306,scGPT
Tlr2,0.019187189017203336,307,scGPT
Nkg7,0.019173548903316,308,scGPT
Glipr2,0.0191719368925734,309,scGPT
Ftl1,0.019152220277386597,310,scGPT
Gsn,0.019149612280815975,311,scGPT
Cst7,0.019133375252328805,312,scGPT
Mif,0.019121047685732875,313,scGPT
P2ry14,0.01911934227245869,314,scGPT
Il1r1,0.01910326885082318,315,scGPT
B930036N10Rik,0.019100638427204875,316,scGPT
Rasd1,0.019095588882155026,317,scGPT
Cd36,0.019080080951268463,318,scGPT
Prdx1,0.01907978401248018,319,scGPT
Zbp1,0.019067495800458478,320,scGPT
Ptprr,0.018999880244857194,321,scGPT
Slc43a3,0.01899651829438726,322,scGPT
Ptgis,0.018996118119950237,323,scGPT
Adamts1,0.01898321434115527,324,scGPT
Gadd45g,0.018981858979392443,325,scGPT
Irg1,0.018980137466210533,326,scGPT
Matn2,0.01897892770375248,327,scGPT
Tgm2,0.018955240694460373,328,scGPT
Plbd1,0.01894712389853299,329,scGPT
Qpct,0.018944144651343364,330,scGPT
Clec14a,0.018942124188677408,331,scGPT
Gpr171,0.018941160467048728,332,scGPT
Pglyrp1,0.018939670194064766,333,scGPT
Cped1,0.018916086446011265,334,scGPT
Ecscr,0.018913634106348873,335,scGPT
Gm9946,0.018913151123583986,336,scGPT
Slco3a1,0.018901919263534205,337,scGPT
Dnajb1,0.018899521102436662,338,scGPT
Dusp5,0.018885583981296597,339,scGPT
Gbp5,0.01887968068386905,340,scGPT
Bhlhe41,0.018876368573570005,341,scGPT
Rtn1,0.018867471966649032,342,scGPT
Meox1,0.018859060734445012,343,scGPT
Cited2,0.0188457747729222,344,scGPT
Tppp3,0.0188435865412059,345,scGPT
Hdc,0.018826913885703005,346,scGPT
Fn1,0.0188198914773167,347,scGPT
Cks1b,0.018803634240089746,348,scGPT
Ms4a8a,0.018802045599858798,349,scGPT
Il6,0.01879325286856767,350,scGPT
Atf3,0.018791090807293232,351,scGPT
Nrp1,0.018790113869055443,352,scGPT
Folr2,0.018751186128195742,353,scGPT
Cd63,0.018749716082953307,354,scGPT
Prss23,0.018749260006149297,355,scGPT
Rab7b,0.018734507358016156,356,scGPT
Dbn1,0.01872848656873969,357,scGPT
Lrrc32,0.018726979755740863,358,scGPT
Stmn1,0.018691524750190616,359,scGPT
Mmp12,0.018689252505161527,360,scGPT
Cd200,0.018688178982854634,361,scGPT
Sirpb1a,0.018664174776882286,362,scGPT
Lyz2,0.018650587179864127,363,scGPT
Serpini1,0.01864751583518663,364,scGPT
Mall,0.018645453005308232,365,scGPT
Kcnn4,0.01864386277778752,366,scGPT
Itih5,0.01863749706095593,367,scGPT
Rnase6,0.01863610517820786,368,scGPT
Pmp22,0.01860521516708163,369,scGPT
Itgal,0.018571937125648363,370,scGPT
Gm5150,0.018570279572578244,371,scGPT
Hs3st1,0.01856744763565682,372,scGPT
Cd59a,0.018561265454278105,373,scGPT
Fxyd6,0.018560138023045177,374,scGPT
Pdlim1,0.01854899630166176,375,scGPT
Ltf,0.018542579852172985,376,scGPT
Spon1,0.0185337239465228,377,scGPT
Clec4d,0.01852939493644961,378,scGPT
Cav1,0.018475805784955897,379,scGPT
Clec4a2,0.018443482305907997,380,scGPT
Lst1,0.01843230121445215,381,scGPT
Ptafr,0.018425498488842694,382,scGPT
Col18a1,0.018425001186459074,383,scGPT
Cdk1,0.018409328448826874,384,scGPT
A2m,0.01840422657145954,385,scGPT
Ankrd37,0.018403738851932094,386,scGPT
Tgfbi,0.018371844244475938,387,scGPT
Aebp1,0.018367960781041363,388,scGPT
Klra2,0.01836495187954019,389,scGPT
Paqr6,0.018359324608610054,390,scGPT
Hist2h2aa1,0.018348173913965753,391,scGPT
Alpl,0.018347776313097443,392,scGPT
Rgs1,0.018344282341716513,393,scGPT
Pilra,0.01834370338057798,394,scGPT
Sparcl1,0.018315100090370892,395,scGPT
C4b,0.018295975422775494,396,scGPT
Thrsp,0.01829159704327885,397,scGPT
Smim5,0.018283560835389488,398,scGPT
Ccl3,0.018275491189240423,399,scGPT
Socs3,0.01827537419359116,400,scGPT
Wnt5a,0.01826677607453056,401,scGPT
Lbp,0.01826478413837359,402,scGPT
Egr1,0.018248584580957544,403,scGPT
Acp5,0.018244766564651755,404,scGPT
H2-Q6,0.018236353709466,405,scGPT
Gpx3,0.018211416488043405,406,scGPT
Fgl2,0.018194336019263672,407,scGPT
Cstb,0.018194132564849655,408,scGPT
Lmo4,0.01818627334345533,409,scGPT
Gimap4,0.01815694895495625,410,scGPT
Nr4a2,0.018152672711356944,411,scGPT
Scimp,0.018142075246724145,412,scGPT
Clec4a1,0.01813611761523708,413,scGPT
Rrm2,0.01812648330229452,414,scGPT
Sdc1,0.018118290073876286,415,scGPT
Fkbp1a,0.018089850151766094,416,scGPT
Ncam1,0.018071178631560665,417,scGPT
Ogn,0.018064314919521866,418,scGPT
Uchl1,0.018013438721326297,419,scGPT
Igf1,0.018001007786753034,420,scGPT
Srxn1,0.017994989942196764,421,scGPT
H2-DMb1,0.017993615743081996,422,scGPT
Higd1b,0.017980646123630362,423,scGPT
Plin2,0.01797345584398946,424,scGPT
S100a9,0.01795792285810973,425,scGPT
Cd52,0.017939539692715264,426,scGPT
Serpine2,0.017935724598141023,427,scGPT
H2-Q10,0.017934062767067643,428,scGPT
Hey1,0.017910912930060845,429,scGPT
Esd,0.01790727780423648,430,scGPT
Mfsd2a,0.017892829021428587,431,scGPT
Pi15,0.017881384419299567,432,scGPT
Crip1,0.017877110852666397,433,scGPT
Frzb,0.017841960211080123,434,scGPT
Ccl2,0.01783620370931819,435,scGPT
Slc7a5,0.017834006223241494,436,scGPT
Etnppl,0.017803583402952027,437,scGPT
Gm3764,0.01780127507065265,438,scGPT
Plscr2,0.017799697342284586,439,scGPT
Ppp1r15a,0.017795578082984796,440,scGPT
Vim,0.017749099327800975,441,scGPT
Il4ra,0.017747075789821553,442,scGPT
Ltb4r1,0.017737124097558798,443,scGPT
Art3,0.0177315074245914,444,scGPT
Atp1a2,0.017730041453407418,445,scGPT
Ifi27l2a,0.0177061034045471,446,scGPT
Lsp1,0.01767855801247898,447,scGPT
Prelp,0.01766313216137924,448,scGPT
Vwa1,0.017653390093361837,449,scGPT
Bex2,0.01764067714363839,450,scGPT
Smpdl3a,0.017634631109029034,451,scGPT
Gpc3,0.017631703011754245,452,scGPT
Slc16a1,0.017630721933515663,453,scGPT
Efemp1,0.017622731627468968,454,scGPT
Hmox1,0.017616911967642528,455,scGPT
Opalin,0.017594276733993205,456,scGPT
Glrx,0.017585043601957354,457,scGPT
Icam1,0.017579533305996566,458,scGPT
Birc5,0.017573415539078395,459,scGPT
Srgn,0.01756924303159253,460,scGPT
Tfrc,0.01754791979302475,461,scGPT
Crlf1,0.017543160777121605,462,scGPT
Ifit2,0.017540560408908373,463,scGPT
Il11,0.01753226388265208,464,scGPT
Mgll,0.017511148205804822,465,scGPT
Scrg1,0.017498574739381694,466,scGPT
Cd300a,0.017492521591385812,467,scGPT
Upp1,0.017478472018878193,468,scGPT
Top2a,0.01747340472088119,469,scGPT
Vcan,0.017471196555653906,470,scGPT
Gm10116,0.017458880231303042,471,scGPT
Gstm1,0.01745687145166052,472,scGPT
Neat1,0.01745180435206673,473,scGPT
Rnd1,0.01745101203839943,474,scGPT
Adrbk2,0.01744796854778321,475,scGPT
Ms4a6d,0.017445562584673405,476,scGPT
Bst1,0.017418551965341283,477,scGPT
Rgs5,0.017412336913930362,478,scGPT
Tmem100,0.017397291518554053,479,scGPT
Gapdh,0.017391733950666604,480,scGPT
Ninj1,0.017389418012483022,481,scGPT
S100a8,0.017389317751029445,482,scGPT
Emp3,0.01738536762367669,483,scGPT
Itm2a,0.01738491876833418,484,scGPT
Cpe,0.01737179922206017,485,scGPT
Perp,0.017365036817494524,486,scGPT
Ctsl,0.017356933092311917,487,scGPT
Hebp1,0.017346317044501368,488,scGPT
Amica1,0.017321193849492232,489,scGPT
Serpinh1,0.017320668255896583,490,scGPT
Adh1,0.017317260195670342,491,scGPT
Hsd11b1,0.017300027214934777,492,scGPT
Cd79a,0.017293175237231097,493,scGPT
Clu,0.01728527722310972,494,scGPT
Phactr3,0.017282829788351942,495,scGPT
Nrip2,0.01727669548456731,496,scGPT
Ms4a6c,0.01727376402435105,497,scGPT
Rnase4,0.017258991951626793,498,scGPT
Polr2l,0.017252497251899923,499,scGPT
Pln,0.017248582385726085,500,scGPT
Npl,0.017248300888896888,501,scGPT
C5ar1,0.017241343523845314,502,scGPT
Ccl11,0.01723213387196762,503,scGPT
Dab2,0.017223828871953235,504,scGPT
Ms4a7,0.017222832567839748,505,scGPT
Fbln1,0.017220625591332715,506,scGPT
Slc6a11,0.017202661326946242,507,scGPT
F13a1,0.01715221094519021,508,scGPT
Cxcr2,0.017137945714732733,509,scGPT
Cd93,0.017081404668841442,510,scGPT
Naaa,0.01707289318226735,511,scGPT
Hmgb2,0.01707180301415118,512,scGPT
Col4a1,0.017068889695238593,513,scGPT
Brinp3,0.0170684792452178,514,scGPT
Igf2,0.01704732619025829,515,scGPT
Slc13a4,0.01701855875469954,516,scGPT
mt-Nd4,0.01699163314049955,517,scGPT
Usp50,0.016990395728359003,518,scGPT
Thbd,0.01698671995344021,519,scGPT
Myc,0.016985749886718134,520,scGPT
Axl,0.016965235133933596,521,scGPT
Fam101b,0.016956634588341023,522,scGPT
Clec4a3,0.016937134602425186,523,scGPT
Cdkn1c,0.016936369005772372,524,scGPT
Pcolce,0.01693460376220963,525,scGPT
Cdca8,0.016926762624787352,526,scGPT
Pf4,0.016912928426769766,527,scGPT
Sdf2l1,0.01691159481738639,528,scGPT
S100a11,0.016904174291624014,529,scGPT
Irf7,0.016886684225386944,530,scGPT
Gm5424,0.016886174741485755,531,scGPT
Gm2a,0.016821300201240383,532,scGPT
Chil1,0.01680405415627024,533,scGPT
Slc6a9,0.016791412691543058,534,scGPT
Ptprb,0.016791148569885467,535,scGPT
Abcc9,0.01678560388072947,536,scGPT
H2-DMa,0.016778635817448533,537,scGPT
Gpr141,0.01676808082219087,538,scGPT
Cd44,0.016757817329116468,539,scGPT
Arl5c,0.01675443216058562,540,scGPT
Treml4,0.016751301780422022,541,scGPT
Taldo1,0.016741160097072886,542,scGPT
Bgn,0.016736380459395815,543,scGPT
Pdlim4,0.016735861401450152,544,scGPT
Fam167b,0.01671915467843593,545,scGPT
Dpysl2,0.01670109618649307,546,scGPT
Cdk6,0.016700648726386214,547,scGPT
Ephx3,0.016694875096472224,548,scGPT
Hmcn1,0.01669053235031861,549,scGPT
Cd300lf,0.016684550935879727,550,scGPT
Cthrc1,0.016681534791906562,551,scGPT
Hmgn2,0.016680539091931353,552,scGPT
Klk6,0.016678315770611313,553,scGPT
Dclk1,0.01666861964811903,554,scGPT
Rem1,0.016663869957876526,555,scGPT
Pllp,0.016645525770982824,556,scGPT
Pam,0.01664532805806975,557,scGPT
Vegfc,0.016624406707787046,558,scGPT
Igf1r,0.016615874833901468,559,scGPT
Rspo3,0.01661171991930732,560,scGPT
Sema3c,0.01659823051914423,561,scGPT
Lilrb4a,0.01659130598984123,562,scGPT
Ace,0.016585890627472205,563,scGPT
Actg2,0.016585529088116408,564,scGPT
Hilpda,0.016572310852136767,565,scGPT
Prom1,0.01657221043349508,566,scGPT
Slc22a4,0.016565575152610142,567,scGPT
Hspa1b,0.016560708580500204,568,scGPT
Slc16a3,0.016543920550752617,569,scGPT
Atp1b1,0.01653545075003711,570,scGPT
Clec5a,0.016532402613217125,571,scGPT
Hp,0.016526639569904654,572,scGPT
Ndn,0.01651748928977407,573,scGPT
Slco1a4,0.0165130477641645,574,scGPT
Cox4i2,0.01650427355533591,575,scGPT
Glipr1,0.016489385612883434,576,scGPT
Rgs18,0.01648663269789131,577,scGPT
Actn1,0.01646759849669957,578,scGPT
Slc19a1,0.016465307103254383,579,scGPT
Nrarp,0.016461923435488666,580,scGPT
Id4,0.016453956141009807,581,scGPT
Sept4,0.01642717909259126,582,scGPT
Rnd3,0.016392040006825936,583,scGPT
Nr2f2,0.016382694059425076,584,scGPT
Pilrb2,0.01636707026118202,585,scGPT
Apln,0.016361671377382484,586,scGPT
Kazald1,0.01633034978401102,587,scGPT
Bcl2a1b,0.016324843307371367,588,scGPT
Lmnb1,0.016323859829865547,589,scGPT
Cd69,0.016320376082422285,590,scGPT
Pdgfra,0.016315769935577033,591,scGPT
Pla2g4a,0.0163043537821938,592,scGPT
Lgi1,0.01630360419489081,593,scGPT
Ace2,0.016300303170539578,594,scGPT
Cyp7b1,0.016295856403919375,595,scGPT
AU021092,0.016292889940775747,596,scGPT
Pfkp,0.016292358992327626,597,scGPT
Igfbp7,0.016290020445608372,598,scGPT
Cd38,0.016277275395465633,599,scGPT
Emp2,0.016276705915473855,600,scGPT
Rbp1,0.016267942226337952,601,scGPT
Gjb2,0.01625601322303915,602,scGPT
Mrc1,0.016247091577578997,603,scGPT
Gpx1,0.016228025173677375,604,scGPT
Cdkn2b,0.016221118362405123,605,scGPT
Tmem45a,0.016214244281605783,606,scGPT
Cit,0.016212100527906528,607,scGPT
2200002D01Rik,0.016205051838255692,608,scGPT
Sh3bgr,0.0162047204739608,609,scGPT
Grrp1,0.01619483078719604,610,scGPT
Slc40a1,0.016194738187876118,611,scGPT
Rad54b,0.01619006388037369,612,scGPT
Akap12,0.016185232431900388,613,scGPT
Insig1,0.016179212751883998,614,scGPT
Ddah1,0.016178333790221676,615,scGPT
Ifi30,0.016161804215391228,616,scGPT
Pde4b,0.016157603059230266,617,scGPT
Inmt,0.01615304837011086,618,scGPT
Sncg,0.01614803371328872,619,scGPT
Ccdc109b,0.016127849662857782,620,scGPT
Tinagl1,0.0161211793537408,621,scGPT
Zfp691,0.01611856404523584,622,scGPT
Slfn4,0.01608784210323423,623,scGPT
Serpinf1,0.016087661055762596,624,scGPT
Npy,0.016086895759864384,625,scGPT
Ehd4,0.01607936381549972,626,scGPT
Tgfb2,0.0160712287227932,627,scGPT
Ly6d,0.01605594170666061,628,scGPT
BC051019,0.016055425977215865,629,scGPT
Sat1,0.016048778059306955,630,scGPT
Mest,0.01604709093703048,631,scGPT
Ndufa4l2,0.01602094912285265,632,scGPT
Mrps6,0.016017196508164282,633,scGPT
Pcsk1n,0.016013071077347535,634,scGPT
Slamf9,0.016012987485467766,635,scGPT
Rasl11a,0.015998965582548624,636,scGPT
Flrt2,0.015987504124296493,637,scGPT
Rmst,0.015978410553207426,638,scGPT
Kctd14,0.015970505285831996,639,scGPT
Ctsw,0.015970414159885114,640,scGPT
Csf1,0.015965739380525288,641,scGPT
Col1a2,0.015961261178443792,642,scGPT
Mx1,0.015946006490816175,643,scGPT
Col4a2,0.015939990241372284,644,scGPT
Arhgap15,0.015931446470832323,645,scGPT
Pdgfa,0.01592901332789533,646,scGPT
Lbh,0.015927936086573665,647,scGPT
Pgf,0.01591890273906789,648,scGPT
Ms4a6b,0.015915522266873525,649,scGPT
Plscr1,0.015909861977837697,650,scGPT
Col13a1,0.015909444809674735,651,scGPT
Asf1b,0.015908273099185164,652,scGPT
Slc7a1,0.01590717939679242,653,scGPT
Tubb2a,0.015906685165697203,654,scGPT
Nfkbiz,0.0158952255422139,655,scGPT
Ppp1r3g,0.015894732856723857,656,scGPT
Synm,0.015882111883511688,657,scGPT
Gja1,0.01585756473099637,658,scGPT
Il1f9,0.015847788767542455,659,scGPT
Aqp1,0.0158382953349674,660,scGPT
Slamf7,0.01581684340847828,661,scGPT
Nebl,0.01581440743511397,662,scGPT
Osm,0.015791100053824263,663,scGPT
Fam13a,0.015784893124536986,664,scGPT
Gjb6,0.015780253150586083,665,scGPT
Sod2,0.015775843245424033,666,scGPT
Gda,0.015766076653541763,667,scGPT
Cd274,0.015756714494134436,668,scGPT
Adssl1,0.015749110349025312,669,scGPT
Ramp1,0.015740564176334588,670,scGPT
Eno1,0.01573241389634256,671,scGPT
Cbr2,0.01573134015432121,672,scGPT
Emilin2,0.015709741850616705,673,scGPT
Tspan15,0.015703311106373075,674,scGPT
Lrtm2,0.01570133925845597,675,scGPT
Usp18,0.0156914753031915,676,scGPT
Ndnf,0.01569134055056692,677,scGPT
Pim1,0.015691245119434708,678,scGPT
Bnip3,0.015691225254608324,679,scGPT
Dmp1,0.015691024555603627,680,scGPT
Islr,0.015675987619836802,681,scGPT
Sema3g,0.015673378588524734,682,scGPT
Timp4,0.015670860002659964,683,scGPT
Cdk19,0.01566511878079107,684,scGPT
Enah,0.015658615735925887,685,scGPT
Slc1a1,0.015655818304607123,686,scGPT
Casq2,0.01564806782364103,687,scGPT
Gpr132,0.015644591563302758,688,scGPT
Insc,0.015640353220430583,689,scGPT
Rcan1,0.01563522818183495,690,scGPT
Hist1h2bc,0.015628509093711704,691,scGPT
Ltbp4,0.015615482845215457,692,scGPT
Per3,0.015613232498239716,693,scGPT
Lmna,0.015612721559680527,694,scGPT
Prrx1,0.015594715928184831,695,scGPT
Clasp2,0.015584260258913086,696,scGPT
Ifitm2,0.015577047569548816,697,scGPT
Scg5,0.015576838350063796,698,scGPT
Slfn1,0.01556372906683219,699,scGPT
Pla2g7,0.01556352952971897,700,scGPT
Kcna5,0.015536188411054348,701,scGPT
Matn4,0.015532485091174589,702,scGPT
Lypd1,0.015507513296540766,703,scGPT
Slpi,0.015507332969171249,704,scGPT
Aqp4,0.015500806921081309,705,scGPT
Cd163,0.015483748141927127,706,scGPT
Fbxo2,0.015471030376061309,707,scGPT
Alox5ap,0.015465898564163602,708,scGPT
Emilin1,0.015458458255014105,709,scGPT
Slc16a11,0.01545135147276492,710,scGPT
Selenbp1,0.015437114149970947,711,scGPT
Map7d2,0.015428004002317232,712,scGPT
Chst2,0.015427891647473897,713,scGPT
Gclm,0.015425117711726326,714,scGPT
Adap2,0.0153884877278563,715,scGPT
Gper1,0.015385842837099114,716,scGPT
Arhgdib,0.01538372545479522,717,scGPT
Fmo2,0.015376120328868965,718,scGPT
Ptgds,0.015368867220509431,719,scGPT
Ctsd,0.015368580935916556,720,scGPT
Slc38a2,0.015367826155965863,721,scGPT
Adap2os,0.015364722579759035,722,scGPT
Ccl24,0.015359967357942778,723,scGPT
Hacd2,0.015358467447054313,724,scGPT
Pex5l,0.015354142370603079,725,scGPT
Fmod,0.015342490281815058,726,scGPT
Smim3,0.01533639678135991,727,scGPT
Bcas3,0.01533553139493414,728,scGPT
Spint1,0.015329288802320805,729,scGPT
Metrnl,0.015314505416953872,730,scGPT
Nkain4,0.015313162716435407,731,scGPT
Saa3,0.015306109621932885,732,scGPT
Gas7,0.015305508442979326,733,scGPT
Gdf15,0.015304641027857842,734,scGPT
Sorbs2,0.015303078682798356,735,scGPT
Fhl2,0.015299894589086729,736,scGPT
Cd14,0.015299179034760583,737,scGPT
Eps8l2,0.015292567291312618,738,scGPT
Litaf,0.015279821270624836,739,scGPT
Sgk1,0.015274462269330226,740,scGPT
Gm12840,0.015272992505456034,741,scGPT
Sox17,0.015266430562897977,742,scGPT
Asb2,0.01526579711994031,743,scGPT
1700047M11Rik,0.015262719992592185,744,scGPT
Cenpa,0.015259210205785984,745,scGPT
Ntm,0.015255972470916505,746,scGPT
Kcne4,0.015254841133345123,747,scGPT
Oasl1,0.015245656146638555,748,scGPT
Trf,0.015233424043070227,749,scGPT
Oas1a,0.015230474815888689,750,scGPT
Crim1,0.015224277091814084,751,scGPT
Gm12002,0.0152228813546951,752,scGPT
Ndrg1,0.015211890930773467,753,scGPT
Gsr,0.015211598234336262,754,scGPT
Lrp4,0.015211466245512957,755,scGPT
Slc5a6,0.015200416648374578,756,scGPT
Hspa5,0.01520038711902088,757,scGPT
Tubb2b,0.015191497642442556,758,scGPT
Prune2,0.015188833705465182,759,scGPT
Blvrb,0.01518536796770244,760,scGPT
Nostrin,0.01518520847060234,761,scGPT
Amd1,0.015185032756917604,762,scGPT
Phgdh,0.015176072329126957,763,scGPT
Gm13889,0.01516970736836966,764,scGPT
Slc7a10,0.015166524738566148,765,scGPT
Tnip3,0.015161896989642324,766,scGPT
Serpine1,0.015159662649896941,767,scGPT
Ctsb,0.015159448939754107,768,scGPT
Slc47a1,0.015151747825170953,769,scGPT
Prtn3,0.015147367280226885,770,scGPT
Tsc22d1,0.0151465857621386,771,scGPT
Pygl,0.01514512621806976,772,scGPT
Fscn1,0.015144572306359634,773,scGPT
Kcnk2,0.015142295813031765,774,scGPT
Marcks,0.015120994523582431,775,scGPT
Nfasc,0.015099963741856258,776,scGPT
Mthfd2,0.015058613321278261,777,scGPT
Plpp3,0.015058196121876992,778,scGPT
Gm5127,0.01505553214070662,779,scGPT
Fpr2,0.01503801621464838,780,scGPT
Slc1a5,0.015025884385424132,781,scGPT
Pkib,0.015008497842203788,782,scGPT
Dkk3,0.015007679336918196,783,scGPT
Gpr65,0.01498237321874956,784,scGPT
Atp5e,0.014973139978026401,785,scGPT
Lilra5,0.014969437792328956,786,scGPT
Synpo,0.014955124857196779,787,scGPT
Ntf3,0.014949151559121627,788,scGPT
Tbx3os1,0.014941406265854813,789,scGPT
Ddit4l,0.014921673951633425,790,scGPT
Ccr1,0.014917067784986325,791,scGPT
Pantr1,0.014904910260300212,792,scGPT
Atp5l,0.014899910722414542,793,scGPT
Gde1,0.014897413313758087,794,scGPT
1810011O10Rik,0.014889844060010184,795,scGPT
Tuba1c,0.014870587801172529,796,scGPT
Rgs16,0.014866921574948753,797,scGPT
Sox11,0.014858250271472544,798,scGPT
Msrb1,0.014856872326626708,799,scGPT
Errfi1,0.014850090245625905,800,scGPT
Tma16,0.014837431298475354,801,scGPT
Loxl1,0.014819220244775428,802,scGPT
Ccnd1,0.014808728851156359,803,scGPT
Col6a1,0.014799936993599551,804,scGPT
Pde10a,0.014796940717584757,805,scGPT
Tmod1,0.014792285855668113,806,scGPT
Fam180a,0.014786080927729747,807,scGPT
Kdr,0.01478313803956591,808,scGPT
Timp2,0.014747219807644218,809,scGPT
Gstt1,0.014743298892691256,810,scGPT
Fam213a,0.014721788996331439,811,scGPT
Ngf,0.014715285674458876,812,scGPT
Rac2,0.014709506396408266,813,scGPT
Spc24,0.014680987016171012,814,scGPT
Ehd1,0.014678177751556061,815,scGPT
Tgfb3,0.014678117800559633,816,scGPT
Cmpk2,0.014674141645449296,817,scGPT
Ccl17,0.014671228984855083,818,scGPT
Mmp14,0.014666962027644705,819,scGPT
Xdh,0.014657932197316035,820,scGPT
Pilrb1,0.014649473544127998,821,scGPT
Fcna,0.014649098006698155,822,scGPT
Dtna,0.01464485653401879,823,scGPT
Cycs,0.014634367788946173,824,scGPT
Ndufa4,0.014623812029391307,825,scGPT
Meis2,0.014623665574333776,826,scGPT
Adamtsl1,0.014621977801350975,827,scGPT
Hist1h1c,0.014610717012751042,828,scGPT
Id1,0.014607688877696553,829,scGPT
Steap1,0.014606065429613268,830,scGPT
F3,0.014601042251454022,831,scGPT
Oaf,0.014599992415817354,832,scGPT
Sgk3,0.014594485324839685,833,scGPT
Gla,0.014590457041210066,834,scGPT
Gpihbp1,0.01458756781154568,835,scGPT
Tmeff2,0.014587550046389092,836,scGPT
Syngr1,0.014587474115955347,837,scGPT
Uqcr11,0.014586242650100816,838,scGPT
Pld3,0.014584418527810943,839,scGPT
Col1a1,0.014582359887354977,840,scGPT
S100a16,0.014581502179026104,841,scGPT
Slc4a4,0.014571175475131334,842,scGPT
Cox7c,0.01456802120943971,843,scGPT
Rasl10b,0.01455939995636667,844,scGPT
Il4i1,0.014545111066066091,845,scGPT
Cox6c,0.014539014112818565,846,scGPT
Tnik,0.014535128219361565,847,scGPT
Cntfr,0.01452419462684307,848,scGPT
Osgin1,0.014519007758256583,849,scGPT
Spint2,0.014505526213794572,850,scGPT
Itga5,0.014495671477402702,851,scGPT
Samhd1,0.014491736462779348,852,scGPT
Bicc1,0.014490490972201175,853,scGPT
Htra3,0.014472875874304751,854,scGPT
Gnao1,0.014468859956844013,855,scGPT
Gm4951,0.014461086876084828,856,scGPT
Etv1,0.014452831215130624,857,scGPT
Csrp2,0.014448247521567837,858,scGPT
Slc22a17,0.014442987335426824,859,scGPT
Ly6c1,0.01444062264989478,860,scGPT
Sema4b,0.014439309853727478,861,scGPT
Stra6,0.01443376218745809,862,scGPT
Slc9a3r1,0.014425443598910449,863,scGPT
Itga8,0.014425138134125317,864,scGPT
Atpif1,0.01442384465887141,865,scGPT
AI607873,0.014423564154793303,866,scGPT
Ceacam10,0.014419471452771157,867,scGPT
Lrrn3,0.014418619255253147,868,scGPT
Jag1,0.014416987740695645,869,scGPT
Plac9b,0.014409457334900061,870,scGPT
Palld,0.014407580122431403,871,scGPT
RP23-6I17.1,0.014391480874735954,872,scGPT
C3,0.014381960588832296,873,scGPT
Fcgr1,0.0143756928208604,874,scGPT
Ackr3,0.014372179715008654,875,scGPT
Bmp4,0.014369719427681045,876,scGPT
Vegfa,0.014360822817886976,877,scGPT
Car2,0.01435845757786783,878,scGPT
Siglece,0.014358158882563522,879,scGPT
Samsn1,0.014357942450695852,880,scGPT
Trp53i11,0.014357279126309849,881,scGPT
Car13,0.01435502081541926,882,scGPT
Col8a2,0.01433233082449451,883,scGPT
Itgam,0.01433190463691534,884,scGPT
Gm14964,0.014318515255290864,885,scGPT
Tshz2,0.014303273257188888,886,scGPT
Nfil3,0.014302209557559275,887,scGPT
Cd302,0.014300612477661455,888,scGPT
Kcnk1,0.014284022133224994,889,scGPT
Gpld1,0.014280071594693218,890,scGPT
Zfos1,0.014277807788833361,891,scGPT
Hsp90aa1,0.014273649738721427,892,scGPT
Fxyd1,0.014263719527015922,893,scGPT
Ggt1,0.014256525489274828,894,scGPT
Car14,0.014250830523727293,895,scGPT
Hspa2,0.014225871725522898,896,scGPT
Sostdc1,0.014202616961854873,897,scGPT
Pax6,0.014186163922709737,898,scGPT
Sdpr,0.014176656796125214,899,scGPT
Ctla2b,0.014175211154635312,900,scGPT
Folr1,0.014174473159102384,901,scGPT
Ddc,0.014172052847236988,902,scGPT
Epsti1,0.01416417599158843,903,scGPT
Ccl22,0.014153831549018255,904,scGPT
Dbi,0.014153697117303025,905,scGPT
C3ar1,0.014146119627643415,906,scGPT
Pmaip1,0.014134660880291434,907,scGPT
Auts2,0.01413061278406876,908,scGPT
Sphk1,0.014122429056249027,909,scGPT
Dmd,0.014117827348691377,910,scGPT
Cxcl1,0.014108682383340157,911,scGPT
Rab20,0.014068106621393042,912,scGPT
Adk,0.014066397195083931,913,scGPT
Gsta4,0.014062901042356,914,scGPT
Sox4,0.014057216035999612,915,scGPT
Fgfr1,0.014055759129776668,916,scGPT
Sulf1,0.014055425364487804,917,scGPT
Slit2,0.014049861327922533,918,scGPT
Msmo1,0.014049461438821142,919,scGPT
Col9a3,0.014043258322969371,920,scGPT
Clec3b,0.014040079051735719,921,scGPT
Lck,0.014032501481631885,922,scGPT
Ly86,0.014030195974318054,923,scGPT
Fam43a,0.014020198556012583,924,scGPT
Lhx2,0.014003622333319183,925,scGPT
Mcemp1,0.014001227525258422,926,scGPT
Slc26a2,0.013982412939552614,927,scGPT
AI662270,0.013975528322747994,928,scGPT
Il1a,0.013975350716377347,929,scGPT
Plppr4,0.013972790007331936,930,scGPT
Ebf1,0.013970129299406454,931,scGPT
Cst3,0.013956237838740665,932,scGPT
Gstm7,0.01395137298039236,933,scGPT
Inhba,0.013945937147885109,934,scGPT
Mcm5,0.01394384137525595,935,scGPT
Prlr,0.01393432044011208,936,scGPT
Ttr,0.013929431410527849,937,scGPT
Oas1g,0.013902325363597291,938,scGPT
Hcst,0.013891502951048169,939,scGPT
Tbc1d4,0.01388774586763605,940,scGPT
Vstm4,0.01387433355338856,941,scGPT
Rtn4,0.013874113812210175,942,scGPT
Prdx5,0.013872363535942454,943,scGPT
Sfrp5,0.013870117378064413,944,scGPT
Creg1,0.01384717044169361,945,scGPT
Nrp2,0.013843880208531636,946,scGPT
Ly6a,0.01383129994878553,947,scGPT
Pdgfrb,0.013826008175981787,948,scGPT
Cox7b,0.013821642107928063,949,scGPT
Dpysl3,0.013806181835114053,950,scGPT
Pacrg,0.013801669953314508,951,scGPT
Gem,0.013798454999378854,952,scGPT
Btbd17,0.013787936725178508,953,scGPT
Tesc,0.013767178083365483,954,scGPT
AB124611,0.013760733359466908,955,scGPT
Gpx4,0.013758293701705844,956,scGPT
Adora2b,0.013756781842271889,957,scGPT
Fgr,0.013754421678150672,958,scGPT
Luzp2,0.013753771767062734,959,scGPT
Hbb-bs,0.013751862526124226,960,scGPT
Mustn1,0.013740875736361393,961,scGPT
Degs2,0.013739321158848336,962,scGPT
Trim9,0.013738667787338206,963,scGPT
Tbx18,0.013736654658706613,964,scGPT
Cnn2,0.013719280148873334,965,scGPT
Aprt,0.01371875822610235,966,scGPT
Lfng,0.013717424485159705,967,scGPT
Myof,0.013710460381277887,968,scGPT
Pth1r,0.013705614548083677,969,scGPT
Sept1,0.013700803076262653,970,scGPT
Cd7,0.013696669191844774,971,scGPT
Sept7,0.013674372399938524,972,scGPT
Aif1,0.013661959797249304,973,scGPT
Stk17b,0.01364846462650329,974,scGPT
Mrap,0.013646785688591291,975,scGPT
Ccdc80,0.013642707024602676,976,scGPT
Gpr35,0.013639140035480618,977,scGPT
Slfn2,0.013632353697597988,978,scGPT
Slc30a10,0.013630353099638634,979,scGPT
Dpep1,0.013626764203763284,980,scGPT
Ezr,0.013625232688041878,981,scGPT
Ppp1r1a,0.013621384904881195,982,scGPT
Acaca,0.013620160857900267,983,scGPT
4430402I18Rik,0.013603081194978621,984,scGPT
Gm17750,0.013596134415122254,985,scGPT
Kcnj13,0.013593252227464455,986,scGPT
Kl,0.013569149121919071,987,scGPT
Ube2l6,0.013563528467612496,988,scGPT
Slc11a1,0.013562401808579014,989,scGPT
Bcl2,0.01356214633556619,990,scGPT
Ctsc,0.013555666726542362,991,scGPT
Thy1,0.013543459855121204,992,scGPT
Ngfrap1,0.01353346195952088,993,scGPT
2900060B14Rik,0.01352641880260551,994,scGPT
Atp5g1,0.01351844416312271,995,scGPT
Mboat2,0.013514244407172795,996,scGPT
Mlc1,0.013508723766065872,997,scGPT
Pycard,0.013507699273040947,998,scGPT
2010107E04Rik,0.013502383240866174,999,scGPT
Mia,0.013495619079550204,1000,scGPT
Pydc3,0.01349104467543713,1001,scGPT
Sqle,0.013483531320923755,1002,scGPT
Arl6ip1,0.01347762835261181,1003,scGPT
Atp5k,0.013477392545912851,1004,scGPT
Cd180,0.013474889053602586,1005,scGPT
Slc1a4,0.013472775440788285,1006,scGPT
Ssu2,0.013462981705079027,1007,scGPT
Fam107a,0.013455143353172844,1008,scGPT
Isg20,0.013449180239828936,1009,scGPT
Mxd1,0.013446753270973786,1010,scGPT
Ptch1,0.013443670212557714,1011,scGPT
Mef2c,0.013441664700440167,1012,scGPT
Ano1,0.013435756289910113,1013,scGPT
Alcam,0.013435375562816293,1014,scGPT
Serpinb6b,0.01343523024728603,1015,scGPT
Uqcrq,0.013415123737034188,1016,scGPT
Arg2,0.013412086730732959,1017,scGPT
Siglecg,0.013406099050252068,1018,scGPT
Nfkbid,0.01338689203536833,1019,scGPT
Kctd1,0.013386888254664544,1020,scGPT
Pde1a,0.013384557757539647,1021,scGPT
Ica1l,0.013355547006595423,1022,scGPT
Gm13861,0.013344331954956521,1023,scGPT
Hopx,0.013320663411769603,1024,scGPT
Mfge8,0.013315447826032297,1025,scGPT
Chka,0.013312079870384843,1026,scGPT
F5,0.01330125135342895,1027,scGPT
Rasgrp2,0.013295589063139811,1028,scGPT
Msx1,0.013286623156753101,1029,scGPT
Nos1,0.013284224381507828,1030,scGPT
Coro1a,0.013282202582061866,1031,scGPT
Ldhb,0.013275653492296716,1032,scGPT
Scara3,0.013271072718202711,1033,scGPT
Phkg1,0.013267086964249757,1034,scGPT
Rgs20,0.013267016306336874,1035,scGPT
Prkcdbp,0.013261908149317662,1036,scGPT
Ndufa13,0.013257006823556553,1037,scGPT
Oas3,0.013254070467215853,1038,scGPT
Trib1,0.013246392018392566,1039,scGPT
S100a1,0.013238000763107622,1040,scGPT
Zcchc18,0.013230678505708613,1041,scGPT
Cox8a,0.013223624614716482,1042,scGPT
Myl6,0.013222353043989714,1043,scGPT
Arrdc2,0.013221892747038225,1044,scGPT
Cmtm5,0.01321995396002874,1045,scGPT
Olfml3,0.013209569760779184,1046,scGPT
Uap1l1,0.013207662390427264,1047,scGPT
Ank2,0.013203166727397228,1048,scGPT
Procr,0.01319972141629395,1049,scGPT
Wtip,0.013189232148283945,1050,scGPT
H2-Oa,0.013186232779337234,1051,scGPT
Rbp7,0.013181369914647469,1052,scGPT
Nsg1,0.013181298569184118,1053,scGPT
Zeb2,0.0131717128112155,1054,scGPT
Asph,0.013171076202478002,1055,scGPT
Pdlim3,0.013159404906048023,1056,scGPT
Usmg5,0.013158012245400154,1057,scGPT
Slc16a8,0.01315252649459554,1058,scGPT
Siglech,0.013148184831913655,1059,scGPT
Rap2b,0.013142525024220744,1060,scGPT
Nbl1,0.013141741662070477,1061,scGPT
Hacd4,0.013140388232456961,1062,scGPT
Gm26522,0.013134328586612443,1063,scGPT
Smc4,0.013129869765890024,1064,scGPT
Grin2c,0.01312190618369814,1065,scGPT
Gm9780,0.013120554478349143,1066,scGPT
Pdlim2,0.013086025121387724,1067,scGPT
Hpgd,0.01308597197242048,1068,scGPT
Unc119,0.013085422488746484,1069,scGPT
Snx2,0.013083414480283417,1070,scGPT
Gucy1b3,0.01307917413957001,1071,scGPT
Tubb4b,0.013079169518871486,1072,scGPT
Gpx8,0.01307901648326569,1073,scGPT
Map1b,0.013078768347588287,1074,scGPT
Slc2a5,0.013077830689925131,1075,scGPT
Cyyr1,0.013077510447803106,1076,scGPT
Sh2d1b1,0.013075465692700506,1077,scGPT
Slc12a2,0.013075018854291244,1078,scGPT
Cyp2j9,0.013073983886959689,1079,scGPT
Pira2,0.013071868391450683,1080,scGPT
Cystm1,0.013048991217963126,1081,scGPT
Psat1,0.013045564113618761,1082,scGPT
Trem1,0.013041667609248438,1083,scGPT
Cox5b,0.013032240677390668,1084,scGPT
Pecam1,0.013031575011885526,1085,scGPT
Pde4d,0.013027687420505071,1086,scGPT
Map2,0.013024100685181637,1087,scGPT
Crispld1,0.013022368978695123,1088,scGPT
Gm1673,0.013019021526987123,1089,scGPT
Lxn,0.013004563142984673,1090,scGPT
Gimap3,0.013003624550033767,1091,scGPT
Slc1a2,0.012999228690624991,1092,scGPT
Atp1b2,0.012998426171497502,1093,scGPT
Fpr1,0.012995152471668072,1094,scGPT
Ifi44,0.012993739664334359,1095,scGPT
Cryab,0.012987076177954353,1096,scGPT
Mir124-2hg,0.012968182238283252,1097,scGPT
Riiad1,0.01296777912925709,1098,scGPT
Ms4a1,0.012962268971123281,1099,scGPT
Grem2,0.012958694390004664,1100,scGPT
Cd82,0.012942831486295329,1101,scGPT
Spn,0.012929533144294307,1102,scGPT
Tnfrsf9,0.012922648583090526,1103,scGPT
Syngr2,0.012922540649366708,1104,scGPT
Hes1,0.012916260941882817,1105,scGPT
Tagln3,0.01291063430512393,1106,scGPT
Endod1,0.01290941338469567,1107,scGPT
Frmd4a,0.012908884535023571,1108,scGPT
S1pr3,0.012900480143305713,1109,scGPT
Cela1,0.012900395979080303,1110,scGPT
Lin7a,0.012899906763462013,1111,scGPT
Tor3a,0.012891359777941052,1112,scGPT
Hspb6,0.012889470732988373,1113,scGPT
Gzmb,0.012884695360768987,1114,scGPT
Cfb,0.012882017346502054,1115,scGPT
Rhoj,0.012879839401344368,1116,scGPT
Cd300lb,0.012874105169921575,1117,scGPT
Plce1,0.012873131511415706,1118,scGPT
Hvcn1,0.012871330020109156,1119,scGPT
Prdx6,0.012865969733804257,1120,scGPT
Ntrk2,0.012864250431727358,1121,scGPT
Bcl11a,0.012849360877823212,1122,scGPT
Hhatl,0.012842555087411054,1123,scGPT
Map4k1,0.012842191925380341,1124,scGPT
Ccr5,0.01282189986543849,1125,scGPT
Serpina3g,0.01281875302933954,1126,scGPT
Maf,0.012815664319956822,1127,scGPT
Itga7,0.012811413436241554,1128,scGPT
Zfp36l2,0.012809778862111178,1129,scGPT
Islr2,0.01280627330667264,1130,scGPT
Olfm1,0.012806229326025898,1131,scGPT
H2afj,0.012801350291111542,1132,scGPT
Icam2,0.012794302695009967,1133,scGPT
A730049H05Rik,0.012790934538301107,1134,scGPT
Ltc4s,0.012785460286236656,1135,scGPT
Cmip,0.01278398988719988,1136,scGPT
Gmfg,0.01278109212624205,1137,scGPT
Sema3b,0.0127792448866533,1138,scGPT
Rdh12,0.012778298919245833,1139,scGPT
Ccdc3,0.012772020517534847,1140,scGPT
Atp5o,0.01276924222377672,1141,scGPT
Tspan3,0.012764878349928972,1142,scGPT
Cd2,0.012746457063645546,1143,scGPT
Rassf4,0.012738050599633784,1144,scGPT
Sfxn5,0.012735848997260756,1145,scGPT
Map3k7cl,0.012735682347010497,1146,scGPT
Klre1,0.012730774926895411,1147,scGPT
Gpr20,0.012728276514983147,1148,scGPT
Fcgr2b,0.012725031533119645,1149,scGPT
Gfra2,0.012715701506130325,1150,scGPT
Tmem106a,0.012712362781004329,1151,scGPT
Pirb,0.012711010034708724,1152,scGPT
1500015O10Rik,0.012709773758442618,1153,scGPT
Itgax,0.012708352742033012,1154,scGPT
P2ry12,0.01269806738414087,1155,scGPT
Rcan2,0.012696978156709988,1156,scGPT
Ube2c,0.012691040667222419,1157,scGPT
Gas1,0.012688341901054476,1158,scGPT
Abi3,0.012685091678457779,1159,scGPT
Cd55,0.012682913529747434,1160,scGPT
Mafb,0.012671858237952163,1161,scGPT
Rsph9,0.012666098646337144,1162,scGPT
Tpd52l1,0.012661702980700008,1163,scGPT
Foxc2,0.012660564274635109,1164,scGPT
Ndufa12,0.012639079177461965,1165,scGPT
Gstp1,0.012638954331799658,1166,scGPT
Enpp2,0.012635542290459318,1167,scGPT
Mmp19,0.01263380766029209,1168,scGPT
Nusap1,0.01262742581945674,1169,scGPT
Pou2f2,0.012625203666353696,1170,scGPT
Odc1,0.012616947874892792,1171,scGPT
Adamts2,0.012615236736248321,1172,scGPT
Plxdc2,0.01261452590564651,1173,scGPT
Ehd2,0.012603197484729066,1174,scGPT
Fgfr3,0.012602850311756555,1175,scGPT
Mfap4,0.012602689675669911,1176,scGPT
Hapln1,0.0126012191698396,1177,scGPT
St3gal4,0.012599933695271967,1178,scGPT
Runx1,0.012598467577389054,1179,scGPT
Hist4h4,0.012597832708882876,1180,scGPT
Car8,0.012576768311992084,1181,scGPT
Tlcd1,0.01256363650661176,1182,scGPT
Nap1l5,0.012560712104761227,1183,scGPT
Ablim2,0.012559235385468525,1184,scGPT
Slc6a1,0.012557295383457224,1185,scGPT
Cdh11,0.012543612526657682,1186,scGPT
Slc38a1,0.012542425895474519,1187,scGPT
Chst1,0.012538438691641956,1188,scGPT
Nsg2,0.012538078445515093,1189,scGPT
Cadm1,0.012537053413603094,1190,scGPT
Gpc6,0.012514186672376198,1191,scGPT
Runx3,0.012511320019053205,1192,scGPT
Got1,0.012510099044930856,1193,scGPT
Gja4,0.012505873584789757,1194,scGPT
Itgad,0.0125014095048212,1195,scGPT
Hspb1,0.01250121707255147,1196,scGPT
Bdh2,0.012485595874475267,1197,scGPT
Rlbp1,0.012479532156803372,1198,scGPT
Stap1,0.012477968310488422,1199,scGPT
Lrrc25,0.012474820411457466,1200,scGPT
Dusp23,0.012473109449231832,1201,scGPT
Dusp6,0.012455210920668904,1202,scGPT
Abhd12,0.012452905589265187,1203,scGPT
St5,0.012452638003937927,1204,scGPT
Anks1b,0.012451104989005988,1205,scGPT
Ggt5,0.012447046254317065,1206,scGPT
Wfdc2,0.012439810570401095,1207,scGPT
Gm6377,0.012432788502296569,1208,scGPT
Rel,0.012427005900061397,1209,scGPT
Ifi27,0.012423853789854883,1210,scGPT
Cox6b2,0.012421717223801077,1211,scGPT
Gm5483,0.012418368610288319,1212,scGPT
Atcayos,0.01239402306675481,1213,scGPT
Creb5,0.01239342854753212,1214,scGPT
Steap4,0.01239284221347274,1215,scGPT
Nr2f1,0.012389637085736432,1216,scGPT
Mrgprf,0.012385318537727607,1217,scGPT
Lcat,0.012370749484209763,1218,scGPT
Mdh1,0.012366910103842351,1219,scGPT
Ddit3,0.012360373679855175,1220,scGPT
Plp2,0.012358757424880901,1221,scGPT
Apoc1,0.012348853731919608,1222,scGPT
Nrxn1,0.012348822609843619,1223,scGPT
Lrp1,0.012347512535391934,1224,scGPT
Grina,0.012344226565429628,1225,scGPT
Eps8,0.012334692191674162,1226,scGPT
CR974586.5,0.01233147043053463,1227,scGPT
AF251705,0.012327212878922427,1228,scGPT
Lhfp,0.012322794970890222,1229,scGPT
Sgip1,0.012321433653861718,1230,scGPT
Lat2,0.01231712237025975,1231,scGPT
Agpat5,0.01231600690695816,1232,scGPT
Kmo,0.012313821540065637,1233,scGPT
Ece1,0.0123111868793746,1234,scGPT
Efna5,0.012305887577963713,1235,scGPT
Slamf8,0.012303917362393798,1236,scGPT
Prnp,0.012288282961935083,1237,scGPT
Snhg11,0.012285675068716516,1238,scGPT
Gm17056,0.012273631497858137,1239,scGPT
Gadd45a,0.012269561507394847,1240,scGPT
Fam20c,0.012267452010612325,1241,scGPT
Esm1,0.012264250849555841,1242,scGPT
Cdk2ap2,0.012259833747345806,1243,scGPT
Ifngr1,0.012258822755812086,1244,scGPT
Rgs12,0.01225839271640179,1245,scGPT
Asns,0.012254675033432676,1246,scGPT
Kif1a,0.012251731716954695,1247,scGPT
Cdo1,0.012250362303254518,1248,scGPT
Gpr34,0.012248568977707527,1249,scGPT
Dhx58os,0.012227000657268694,1250,scGPT
Lmo7,0.012211843223816195,1251,scGPT
Tuba4a,0.012210560359524067,1252,scGPT
Enpep,0.012204481783653642,1253,scGPT
Cxcr4,0.012198634751613542,1254,scGPT
Tnfsf9,0.012191457796262566,1255,scGPT
Ptpn22,0.012177512410908064,1256,scGPT
Gnai1,0.012165654222965307,1257,scGPT
Tecr,0.012149206916282714,1258,scGPT
Cdc42ep2,0.012143436847743437,1259,scGPT
Uqcr10,0.0121408012097253,1260,scGPT
Tcf21,0.012140248422703614,1261,scGPT
1190005I06Rik,0.01213047117325036,1262,scGPT
Cndp2,0.012125995188054257,1263,scGPT
Csrp1,0.012123797253532707,1264,scGPT
Lockd,0.01212048236092024,1265,scGPT
Dfna5,0.012117998728540517,1266,scGPT
Nfix,0.01211759777918984,1267,scGPT
Dgat2,0.012113219075099614,1268,scGPT
Phyhipl,0.012111483067465735,1269,scGPT
Defb11,0.01210961272676593,1270,scGPT
Cebpb,0.01210881000668349,1271,scGPT
Tbc1d10c,0.012104196044006437,1272,scGPT
Cotl1,0.012098490588636787,1273,scGPT
Rarres2,0.012096165630211164,1274,scGPT
Cml1,0.012092752453000311,1275,scGPT
Ptger4,0.012086262835002469,1276,scGPT
Tomm7,0.01208558035011831,1277,scGPT
Krt18,0.012083619480828105,1278,scGPT
Mgst2,0.012083604819348476,1279,scGPT
Cadm4,0.012081780844940469,1280,scGPT
Kcnj16,0.012067447143624644,1281,scGPT
Cemip,0.012061107376957253,1282,scGPT
Dmkn,0.012057488680122587,1283,scGPT
Ptx3,0.01205587290115257,1284,scGPT
Fcrls,0.012055252690953212,1285,scGPT
Loxl2,0.012053375695408127,1286,scGPT
Mro,0.012042798081987119,1287,scGPT
Slc2a3,0.012042278228202032,1288,scGPT
Mical2,0.012030395800806077,1289,scGPT
C1qtnf9,0.01202439172838423,1290,scGPT
Enpp6,0.01202256659282081,1291,scGPT
Pcolce2,0.012014495861447991,1292,scGPT
Kirrel2,0.012007674528348729,1293,scGPT
Crybb1,0.012003950135435442,1294,scGPT
Sulf2,0.012003426135143665,1295,scGPT
Heyl,0.011999432170299383,1296,scGPT
Cdca3,0.011998130847335947,1297,scGPT
Ptchd4,0.011991805210717459,1298,scGPT
Fabp3,0.011988442079586345,1299,scGPT
Plek,0.011977195726976498,1300,scGPT
Slc22a6,0.011975752692144199,1301,scGPT
Serpinb9,0.011973868365267728,1302,scGPT
Pcp4,0.011972720789549748,1303,scGPT
Eva1a,0.011966511766262757,1304,scGPT
Slc38a11,0.011962114323407502,1305,scGPT
AI839979,0.011957873872177848,1306,scGPT
Cpne8,0.011955897510870785,1307,scGPT
Pcyt2,0.011954900358725404,1308,scGPT
Fdps,0.011942033332204623,1309,scGPT
Rgs17,0.011932134885120347,1310,scGPT
Ptges,0.011929454515901956,1311,scGPT
Polk,0.011928787414705036,1312,scGPT
Atf5,0.011927504081582881,1313,scGPT
Cyba,0.01191879228546637,1314,scGPT
Negr1,0.011911839643751133,1315,scGPT
1500009L16Rik,0.011906498087837369,1316,scGPT
Cpxm1,0.011904462021196304,1317,scGPT
Pik3r1,0.011902203951328433,1318,scGPT
Itgb2,0.011899996133370718,1319,scGPT
Fyb,0.011894811661186583,1320,scGPT
Slc39a12,0.011890107746280068,1321,scGPT
Lmo1,0.01188373833947323,1322,scGPT
Idh2,0.011882202528196795,1323,scGPT
Cd209f,0.011881392666243903,1324,scGPT
Cd48,0.011878432519173046,1325,scGPT
Slc15a3,0.011875096313910016,1326,scGPT
Fzd2,0.0118735155199638,1327,scGPT
Ccnb2,0.011858593817025288,1328,scGPT
Hn1,0.011853641748457211,1329,scGPT
Ptprd,0.011841650941549296,1330,scGPT
Fez1,0.01183824498128847,1331,scGPT
Socs2,0.011835294206584817,1332,scGPT
Col6a2,0.011829354288425456,1333,scGPT
Olfml1,0.011828956183807311,1334,scGPT
Ncald,0.011816271817472048,1335,scGPT
Itgb2l,0.011814715226287655,1336,scGPT
Tnni1,0.011812371865053623,1337,scGPT
Omg,0.011810401238232767,1338,scGPT
Flnc,0.011806957907243315,1339,scGPT
1110017D15Rik,0.011794695388869502,1340,scGPT
Wnt5b,0.011789444420841256,1341,scGPT
Cd68,0.011787892225323539,1342,scGPT
Csf2ra,0.011784684378683668,1343,scGPT
Gprc5c,0.011784016063775752,1344,scGPT
Zic1,0.01178144548655302,1345,scGPT
Tarm1,0.011775482845379444,1346,scGPT
Cspg5,0.011774735362552101,1347,scGPT
Hexa,0.011772048368569732,1348,scGPT
Hemk1,0.011770920979773416,1349,scGPT
Htra1,0.011764758616403633,1350,scGPT
Col15a1,0.011752390629178851,1351,scGPT
Pfn2,0.011752282259531566,1352,scGPT
Hes5,0.011747867873207035,1353,scGPT
Ndufc1,0.011744627010913283,1354,scGPT
C1qtnf2,0.011744254233214483,1355,scGPT
Ptpn18,0.011741905069923831,1356,scGPT
Mxra8,0.011740086930429284,1357,scGPT
Gm11627,0.011737826557845785,1358,scGPT
Atp2a2,0.011734236524479965,1359,scGPT
Itgb4,0.011727363127305164,1360,scGPT
Pcdh17,0.011720831768208552,1361,scGPT
Adrb2,0.011715196301049608,1362,scGPT
Limd2,0.011712200816179859,1363,scGPT
B4galnt1,0.011685011345073647,1364,scGPT
Rras2,0.011679539334893716,1365,scGPT
Selplg,0.011677239425164678,1366,scGPT
Col12a1,0.011674414313832756,1367,scGPT
Stab1,0.011670815270302446,1368,scGPT
Csf3r,0.0116679605011084,1369,scGPT
Coch,0.01166393459300919,1370,scGPT
Clmp,0.011663731133213357,1371,scGPT
Tmx4,0.011649046525396214,1372,scGPT
Scd2,0.01164891851455654,1373,scGPT
Fam181b,0.011635580117120648,1374,scGPT
Myct1,0.011635327185646294,1375,scGPT
Rgs4,0.01163485204611034,1376,scGPT
Gusb,0.011633603139901492,1377,scGPT
Romo1,0.011633428621593422,1378,scGPT
Aldh1a2,0.01163222397262742,1379,scGPT
Spock3,0.011627158741502823,1380,scGPT
Basp1,0.011626973654028473,1381,scGPT
Cpq,0.01162413698732726,1382,scGPT
Sh3bgrl,0.01161362465789519,1383,scGPT
Carhsp1,0.01160604958536235,1384,scGPT
Hspb2,0.011605980253238049,1385,scGPT
Flna,0.011570820865995741,1386,scGPT
Ckb,0.011570791985415368,1387,scGPT
Syt11,0.011548775799406349,1388,scGPT
Klrb1c,0.011547582894257188,1389,scGPT
Fam71a,0.011546150960252135,1390,scGPT
Ctsa,0.011542935520289227,1391,scGPT
Nxpe5,0.011536460332988848,1392,scGPT
Mmrn2,0.011531701981836158,1393,scGPT
Cdh5,0.01152320670153229,1394,scGPT
Sec11c,0.011516739562735778,1395,scGPT
Slc1a3,0.011513760117143411,1396,scGPT
Mertk,0.011512947669236094,1397,scGPT
Spc25,0.01150440997723996,1398,scGPT
Des,0.011492350099945784,1399,scGPT
Tmem119,0.011483345142625613,1400,scGPT
Hmgn3,0.011472339631030332,1401,scGPT
Kif21a,0.011459726625591238,1402,scGPT
Rbm47,0.011455019012261362,1403,scGPT
Acaa2,0.011450537615473431,1404,scGPT
Galnt6,0.011441442807683921,1405,scGPT
Enpp1,0.011441217184340319,1406,scGPT
Pcsk2,0.01143858107181392,1407,scGPT
Efhd2,0.01142602858482031,1408,scGPT
Cd200r1,0.011423991872204243,1409,scGPT
Tspan7,0.011409294056505464,1410,scGPT
Col27a1,0.011406331443557093,1411,scGPT
Nudt4,0.01140631467575457,1412,scGPT
Slc25a4,0.011404655609298396,1413,scGPT
Grn,0.011403755439038599,1414,scGPT
Fbln7,0.011402525267093523,1415,scGPT
Sox18,0.011391173571649434,1416,scGPT
Pld4,0.011389934035052774,1417,scGPT
Ywhaq,0.011385445735283608,1418,scGPT
Myo1b,0.01137735252823132,1419,scGPT
Gzma,0.011374568117319546,1420,scGPT
Ptrf,0.011367307942916202,1421,scGPT
Sox8,0.011365373195523514,1422,scGPT
Mpeg1,0.011359984810209448,1423,scGPT
Nrros,0.011359375295613004,1424,scGPT
Fam26f,0.011352408740058852,1425,scGPT
Gamt,0.011351776946357636,1426,scGPT
Apobec1,0.011343196472156817,1427,scGPT
Dbx2,0.011341789363534702,1428,scGPT
Cxcl14,0.011336349101727034,1429,scGPT
Fam171b,0.011335653055001452,1430,scGPT
Tslp,0.011332321304133901,1431,scGPT
Kcnj10,0.011326619145004591,1432,scGPT
Idi1,0.011324139068000325,1433,scGPT
Gm26740,0.011318905683847556,1434,scGPT
Ppp1r14a,0.0113169371742365,1435,scGPT
Notch3,0.011310583282735459,1436,scGPT
Pkp3,0.011300812356504852,1437,scGPT
Txk,0.011298090546947715,1438,scGPT
Sla,0.011295321965518038,1439,scGPT
Atp5h,0.011289257070466276,1440,scGPT
Cyb561,0.011286295062333558,1441,scGPT
Synpr,0.011283632184449758,1442,scGPT
Grm3,0.011281315698429807,1443,scGPT
Anpep,0.011280577939286785,1444,scGPT
Slc25a18,0.0112773304929525,1445,scGPT
C1qtnf7,0.01127407450941988,1446,scGPT
Milr1,0.011273624829881673,1447,scGPT
Tmem47,0.01127059416312958,1448,scGPT
Kctd12,0.011265406816996166,1449,scGPT
Irx3,0.011259832802564478,1450,scGPT
Tgfbr1,0.011257798311721865,1451,scGPT
Sez6l2,0.011252266208830485,1452,scGPT
Bin2,0.011251786390708863,1453,scGPT
Grb14,0.011250984789858913,1454,scGPT
A330048O09Rik,0.011237015377653729,1455,scGPT
Ang,0.011230535141447773,1456,scGPT
Ckap4,0.0112286373289075,1457,scGPT
Tnfaip3,0.011228558473641187,1458,scGPT
Cldn10,0.011221905068634347,1459,scGPT
Cox6a2,0.01120613669920218,1460,scGPT
Nfe2,0.011205699797725201,1461,scGPT
Phlda3,0.011198831216418988,1462,scGPT
Cfap126,0.011189483274904816,1463,scGPT
Ndufa1,0.011189010764969093,1464,scGPT
Tmem123,0.01118779856904167,1465,scGPT
Rsph1,0.011187439035064398,1466,scGPT
Fjx1,0.011187173559864034,1467,scGPT
Hist1h3e,0.011175853197333042,1468,scGPT
Gm8369,0.011174129867289785,1469,scGPT
Rbpms2,0.011170396913260792,1470,scGPT
Myh11,0.011167724179816334,1471,scGPT
Ndrg2,0.011167462602060713,1472,scGPT
Aatk,0.011162925622748234,1473,scGPT
Txnrd1,0.011147624162816495,1474,scGPT
Car12,0.011141044307110087,1475,scGPT
Gm12216,0.01113836673198777,1476,scGPT
Myo5a,0.011136845988850902,1477,scGPT
Gstm5,0.01113630311941814,1478,scGPT
Lrp1b,0.011121537277020754,1479,scGPT
Lmod1,0.01112118861915005,1480,scGPT
4930402H24Rik,0.011114739486221636,1481,scGPT
Prc1,0.011111200429634092,1482,scGPT
Ndufb2,0.011109831242139774,1483,scGPT
Unc5b,0.011104230167445203,1484,scGPT
Ccdc153,0.011103720787929964,1485,scGPT
Foxq1,0.011098646116015364,1486,scGPT
Pigz,0.01109854281124368,1487,scGPT
Steap2,0.011096385484385966,1488,scGPT
Hk3,0.011095647146658406,1489,scGPT
Ptp4a3,0.011084546096782858,1490,scGPT
Dynlrb2,0.01108159209905332,1491,scGPT
Mmd2,0.011081128066346072,1492,scGPT
Tnfsf8,0.01108004463825271,1493,scGPT
Ttll7,0.011074446175552364,1494,scGPT
Pdzph1,0.011073192917526061,1495,scGPT
Il2rb,0.011071734582651009,1496,scGPT
Ptprz1,0.011063511670646224,1497,scGPT
Agpat9,0.011062208843843938,1498,scGPT
Omd,0.011062142364664252,1499,scGPT
Tmem212,0.011061687159314782,1500,scGPT
Lcp1,0.011060466494165812,1501,scGPT
Prdm16,0.011052522076585075,1502,scGPT
Sox10,0.01103739999405984,1503,scGPT
Aspa,0.011032029501945316,1504,scGPT
Abhd3,0.01102965173307138,1505,scGPT
Bex4,0.011027397490783715,1506,scGPT
Padi4,0.011023451040569903,1507,scGPT
Dbndd2,0.011017998746854597,1508,scGPT
Rbms3,0.01100564188150849,1509,scGPT
Ralgds,0.011005007262487801,1510,scGPT
Pgk1,0.010995841262062668,1511,scGPT
Lsamp,0.010988215096706359,1512,scGPT
Lgmn,0.010986856449475488,1513,scGPT
2310001H17Rik,0.010982362599089386,1514,scGPT
Clmn,0.010978092772667382,1515,scGPT
Sept8,0.01097276836642578,1516,scGPT
Ptgs1,0.010969017040520614,1517,scGPT
Gm11744,0.0109653617255534,1518,scGPT
Adam33,0.010964441358563393,1519,scGPT
Smad7,0.010964382204099765,1520,scGPT
Pygm,0.01096105454529867,1521,scGPT
Mrvi1,0.010955622098592998,1522,scGPT
Lig1,0.010954780100507622,1523,scGPT
Mrgpra2b,0.010948951002374294,1524,scGPT
Slc2a12,0.010948243288043887,1525,scGPT
Gng10,0.010940906278718543,1526,scGPT
Cd84,0.010930728137782631,1527,scGPT
Clip3,0.010929442217602793,1528,scGPT
Adgrg6,0.010927535972369163,1529,scGPT
Evi2a,0.010926271282024584,1530,scGPT
Rnf149,0.010920997555825322,1531,scGPT
Tk1,0.010919022892147226,1532,scGPT
Nid1,0.010907295337212103,1533,scGPT
Trim30b,0.010904146569707925,1534,scGPT
Trpm3,0.010902738518143638,1535,scGPT
Rorb,0.010900659133318186,1536,scGPT
Ndufb6,0.010894515641662045,1537,scGPT
Ppp1r1b,0.010891735248321566,1538,scGPT
Degs1,0.01089033619323819,1539,scGPT
Slc37a2,0.010889715342870913,1540,scGPT
Fam177a,0.01088930654487153,1541,scGPT
Ddr1,0.010886521329702858,1542,scGPT
Cyp1b1,0.010880218443882338,1543,scGPT
Itih2,0.010872987884776057,1544,scGPT
Sox9,0.010870772853284342,1545,scGPT
Ppp1r16b,0.010861181725781367,1546,scGPT
Scara5,0.010855501765307517,1547,scGPT
Cd27,0.010851885374661262,1548,scGPT
Ppp1r12b,0.010848364269004237,1549,scGPT
Calm3,0.010836404053088444,1550,scGPT
Rgs2,0.010828574642067839,1551,scGPT
Amigo2,0.01082190283923266,1552,scGPT
Gabrb1,0.010814697055044648,1553,scGPT
Bfsp2,0.01081169273427254,1554,scGPT
Fam46b,0.010811277594188762,1555,scGPT
Egr2,0.010796686139496378,1556,scGPT
Tep1,0.010787855859847126,1557,scGPT
Smarcd3,0.010786175718160892,1558,scGPT
Hcn2,0.010782506756561826,1559,scGPT
Ptprc,0.010775194936745952,1560,scGPT
Hba-a1,0.010768891628281284,1561,scGPT
Cx3cr1,0.010765898430698546,1562,scGPT
Il7r,0.010763948796563012,1563,scGPT
Adcy5,0.010761091396631443,1564,scGPT
Ptprf,0.01075910172819739,1565,scGPT
Tmem88,0.010745565438309191,1566,scGPT
Cacnb3,0.010745509293610083,1567,scGPT
Cd3g,0.010741817032506101,1568,scGPT
Chrdl1,0.010733819465871038,1569,scGPT
Arrdc3,0.010731837700232708,1570,scGPT
C1qa,0.010723148610476135,1571,scGPT
Ndufv3,0.010721423787320576,1572,scGPT
Zic4,0.01072135662916744,1573,scGPT
Scg3,0.010717845442788487,1574,scGPT
Snrpn,0.010708270221922922,1575,scGPT
Speg,0.010703224543535414,1576,scGPT
C2,0.010702855194668362,1577,scGPT
Susd5,0.010702768155549425,1578,scGPT
Ccna2,0.010698813631205947,1579,scGPT
Prr32,0.010688291060896946,1580,scGPT
Fcor,0.010688169190913635,1581,scGPT
Moxd1,0.010684820713545632,1582,scGPT
Ntpcr,0.01068352681704962,1583,scGPT
Mlf1,0.010674988455086517,1584,scGPT
Slc48a1,0.010666804059065003,1585,scGPT
Aplp1,0.010656486346911902,1586,scGPT
Lpcat2,0.010655964113356613,1587,scGPT
Igsf6,0.010654529716160837,1588,scGPT
Mmp2,0.01064222617988279,1589,scGPT
Aifm3,0.010628542240442778,1590,scGPT
C1qb,0.01062662799985439,1591,scGPT
Epha5,0.010620276290206157,1592,scGPT
Fam107b,0.010619766037075156,1593,scGPT
Ifitm10,0.010617018290974351,1594,scGPT
Wwc1,0.010603550782584568,1595,scGPT
Pxmp2,0.010599086920001796,1596,scGPT
Ptpre,0.01059721631101364,1597,scGPT
Chl1,0.01059611313503833,1598,scGPT
Tbxa2r,0.01059357526606141,1599,scGPT
Zfhx3,0.010591922291765763,1600,scGPT
Dok3,0.010588929410351933,1601,scGPT
Evl,0.010582377734664816,1602,scGPT
Psph,0.010581060292781814,1603,scGPT
Chchd10,0.010579553245299522,1604,scGPT
Rcn3,0.01057759446866075,1605,scGPT
Shisa8,0.010572538377390642,1606,scGPT
Bcan,0.010568230735581637,1607,scGPT
Tgm1,0.010567845760826894,1608,scGPT
Kdelr3,0.010567811100762945,1609,scGPT
Plek2,0.010564420632874097,1610,scGPT
Slc9b2,0.010560779434255723,1611,scGPT
Mecom,0.010555844416970508,1612,scGPT
Bcr,0.010554899602672776,1613,scGPT
Tmem38b,0.010551085978061647,1614,scGPT
Stmn3,0.010547745704151918,1615,scGPT
Batf3,0.01053689601533371,1616,scGPT
B3galt2,0.010536292072457196,1617,scGPT
Dstn,0.01053549690356056,1618,scGPT
Trim59,0.01053440289195303,1619,scGPT
Tril,0.010533081509223179,1620,scGPT
Fibin,0.010518407354153748,1621,scGPT
Enho,0.01051595191080452,1622,scGPT
Fgf1,0.010513922948296128,1623,scGPT
Acsbg1,0.010508065026967993,1624,scGPT
Pla2g16,0.010506104663660497,1625,scGPT
Ndufa11,0.010496814623368288,1626,scGPT
Adgre1,0.010481836343559939,1627,scGPT
Tnc,0.010481490040417008,1628,scGPT
Nrxn2,0.010473410672021009,1629,scGPT
Stxbp3,0.010460690134522374,1630,scGPT
Postn,0.01045694816315064,1631,scGPT
Pbxip1,0.010439864962874551,1632,scGPT
Vat1l,0.010439713664785095,1633,scGPT
Rgs10,0.010435296797746043,1634,scGPT
Mki67,0.010432693089694002,1635,scGPT
Edem1,0.010432683767904443,1636,scGPT
Stfa2l1,0.010432537583012321,1637,scGPT
Pdzd2,0.010432349415150347,1638,scGPT
Sdc2,0.010428616512312848,1639,scGPT
4930523C07Rik,0.010421422804354518,1640,scGPT
Tmem178,0.01041875637094469,1641,scGPT
Gm37800,0.010412425744410935,1642,scGPT
Cysltr1,0.010411856568093592,1643,scGPT
Cd86,0.010407665238172782,1644,scGPT
Blnk,0.010405067952641704,1645,scGPT
Skap1,0.010398479699659945,1646,scGPT
Klf15,0.01039722861764957,1647,scGPT
Il1rap,0.010390887672350769,1648,scGPT
Abca4,0.01038829020260895,1649,scGPT
Cyp51,0.01038731132428149,1650,scGPT
H1f0,0.010385634036230905,1651,scGPT
Gpm6a,0.010375773549497307,1652,scGPT
Cul4b,0.010374278202908666,1653,scGPT
Efcab10,0.010370421680842477,1654,scGPT
Acot1,0.010369913070669225,1655,scGPT
Dse,0.01036791940322635,1656,scGPT
Tpx2,0.010358720695357782,1657,scGPT
Tspan2,0.010355166967126763,1658,scGPT
Uba2,0.010353265444125135,1659,scGPT
Olfml2a,0.010349898029886293,1660,scGPT
Ntsr2,0.010348527237779617,1661,scGPT
Foxp2,0.010332332978160877,1662,scGPT
Ncf1,0.010329424415480576,1663,scGPT
S1pr5,0.01032723515354402,1664,scGPT
Gng2,0.010326316032804383,1665,scGPT
Fut9,0.010324049921008228,1666,scGPT
Ptp4a1,0.010318181508101373,1667,scGPT
Rhou,0.010317052891851121,1668,scGPT
Hgsnat,0.010316791182175034,1669,scGPT
Fcgr3,0.010308372707327039,1670,scGPT
Cyp4f15,0.010294532425702187,1671,scGPT
Col23a1,0.010293828075895014,1672,scGPT
Tst,0.010286229638228176,1673,scGPT
Ank3,0.010281262263584088,1674,scGPT
Tyrobp,0.010279764184153424,1675,scGPT
Sfrp4,0.010267500911554407,1676,scGPT
Idh3a,0.010261788664163527,1677,scGPT
Tnfrsf11b,0.010261651715169321,1678,scGPT
Cebpe,0.010255693252346229,1679,scGPT
Cntn1,0.010243706648412117,1680,scGPT
Aoah,0.010241878862166822,1681,scGPT
Rnf7,0.010234053254604303,1682,scGPT
Dlgap1,0.010230915393102908,1683,scGPT
Rbm24,0.010230667010000753,1684,scGPT
Camk2g,0.010227022679786287,1685,scGPT
Socs1,0.010224770778672098,1686,scGPT
Gprc5b,0.010223117140950545,1687,scGPT
Glrb,0.010222103017548341,1688,scGPT
Ada,0.010220757021151996,1689,scGPT
Vsir,0.010220730972449058,1690,scGPT
Atp2b4,0.010218998509403438,1691,scGPT
Gm29538,0.010210039781869497,1692,scGPT
Atp5g3,0.0102002970101111,1693,scGPT
Cdc20,0.01019739173759575,1694,scGPT
Jam3,0.010190818522030246,1695,scGPT
Ppfia4,0.010188823369284821,1696,scGPT
Adgrv1,0.010188268449519004,1697,scGPT
Slc15a2,0.010186576595665395,1698,scGPT
Fcmr,0.010179975045027745,1699,scGPT
C1qc,0.010170650037041068,1700,scGPT
Bmp2,0.010166288346103286,1701,scGPT
Ctdspl,0.010161045377291246,1702,scGPT
Crym,0.010154411578389757,1703,scGPT
Tnpo3,0.010145290052354419,1704,scGPT
Tns1,0.010145030821313943,1705,scGPT
Igsf11,0.010134878447358508,1706,scGPT
Ehd3,0.010123393951959004,1707,scGPT
Runx1t1,0.010120915367455826,1708,scGPT
Agpat4,0.0101162407832746,1709,scGPT
Phyh,0.01011602876179256,1710,scGPT
Cd3d,0.010114079303440575,1711,scGPT
Sox2,0.010113730445402588,1712,scGPT
Cd80,0.010112050734082015,1713,scGPT
Hk2,0.010099626942830406,1714,scGPT
Dio2,0.01009955413329658,1715,scGPT
Ctsz,0.010097515887793037,1716,scGPT
Tekt1,0.01008798354097375,1717,scGPT
Stbd1,0.0100862825600476,1718,scGPT
Smim1,0.010079090806203363,1719,scGPT
Parm1,0.01007645404899785,1720,scGPT
Serpinb8,0.010075341280407206,1721,scGPT
Klrb1b,0.010074501148140222,1722,scGPT
Stk39,0.010073705520700568,1723,scGPT
Clec1a,0.01007327565814587,1724,scGPT
Cd248,0.010070143665730521,1725,scGPT
Nrbp2,0.010066366321178645,1726,scGPT
Fam111a,0.010054552612368836,1727,scGPT
Hmha1,0.010048907212082167,1728,scGPT
Il18,0.010046337454404745,1729,scGPT
Upk1b,0.010036318105347993,1730,scGPT
Nexn,0.010031314294018455,1731,scGPT
Lox,0.010030620614479341,1732,scGPT
Tmem37,0.010025160006260051,1733,scGPT
9330159F19Rik,0.01002446758986166,1734,scGPT
Ccnb1,0.010017250070876935,1735,scGPT
Sema4a,0.010013949738279982,1736,scGPT
Bin1,0.010010581994881583,1737,scGPT
Gpr37l1,0.010008723690654737,1738,scGPT
Ncr1,0.010008304705514596,1739,scGPT
Cyp2j6,0.01000195046134712,1740,scGPT
Tmem86a,0.01000144852598814,1741,scGPT
Entpd2,0.009997589644013248,1742,scGPT
Timd4,0.0099966955496376,1743,scGPT
Hsph1,0.009992425311986098,1744,scGPT
C5ar2,0.009990948151521264,1745,scGPT
Cdkn3,0.00998130485636117,1746,scGPT
Sap30,0.00997846718985869,1747,scGPT
Ugt8a,0.009971717772275731,1748,scGPT
Gpm6b,0.009958490564997521,1749,scGPT
Ttyh3,0.009949930863607223,1750,scGPT
Htr2c,0.00994018281508957,1751,scGPT
Pdlim7,0.009938877770948063,1752,scGPT
Cab39l,0.009933772837130893,1753,scGPT
Thbs3,0.009927476772816956,1754,scGPT
Celf2,0.009925755283121436,1755,scGPT
Slc27a1,0.009916068725439339,1756,scGPT
Cers2,0.009907439991907284,1757,scGPT
Hrsp12,0.009906966888980004,1758,scGPT
Car5a,0.009891647483029602,1759,scGPT
Trib3,0.009888978549837337,1760,scGPT
Gucy1a3,0.009885768651487738,1761,scGPT
C1s1,0.009883564943689955,1762,scGPT
Aldh1l1,0.00988121504665941,1763,scGPT
Bambi,0.00986925422652561,1764,scGPT
Mfap3l,0.009869125750878673,1765,scGPT
Edil3,0.00986586494762368,1766,scGPT
Tcf15,0.009865817113352873,1767,scGPT
AI464131,0.009863265131461964,1768,scGPT
Acta2,0.009854325623879896,1769,scGPT
Bdh1,0.009853091439871198,1770,scGPT
Mid1ip1,0.009851565502577805,1771,scGPT
Ptpro,0.009851100949778029,1772,scGPT
Tmeff1,0.00984477801614741,1773,scGPT
Slitrk2,0.009837226710872268,1774,scGPT
Cpm,0.009835335204556492,1775,scGPT
Tagln,0.009829720918055446,1776,scGPT
Tspan11,0.009826544133981647,1777,scGPT
Prkcd,0.009826110512300758,1778,scGPT
Kcnab1,0.009812312894344605,1779,scGPT
Kcne2,0.009810170242424112,1780,scGPT
Mob2,0.00980741760973823,1781,scGPT
P2ry10,0.009802610308877309,1782,scGPT
Lair1,0.009796232529109357,1783,scGPT
Rgs7bp,0.009794224256181268,1784,scGPT
Pou3f3,0.009793866050222564,1785,scGPT
Cd37,0.009791208403637718,1786,scGPT
Foxg1,0.009788292340994556,1787,scGPT
Enpp5,0.009786911369035674,1788,scGPT
Akr1b8,0.00978548095894384,1789,scGPT
Pbk,0.009781708877706683,1790,scGPT
Lpxn,0.009780711560710044,1791,scGPT
Thyn1,0.009767604626793163,1792,scGPT
Cmtm7,0.00976048474887321,1793,scGPT
Sall1,0.009759386628246408,1794,scGPT
Plekhf1,0.009747638890383886,1795,scGPT
Gm44257,0.00974139590863057,1796,scGPT
Bcas1,0.009738536377244318,1797,scGPT
Colec11,0.009737350753459164,1798,scGPT
Cetn4,0.009731794051690232,1799,scGPT
Apoo,0.009731197810468184,1800,scGPT
Clic6,0.00972998128133127,1801,scGPT
Ednra,0.009726546266832559,1802,scGPT
Bcat1,0.009726517874032165,1803,scGPT
Appl2,0.009725518961046904,1804,scGPT
Pmm1,0.009719973698606992,1805,scGPT
1500009C09Rik,0.009715938399820987,1806,scGPT
P2ry13,0.009711083370564947,1807,scGPT
Pygb,0.009704591660610024,1808,scGPT
Mcam,0.009703967884452672,1809,scGPT
Ly9,0.00970354000893599,1810,scGPT
Spock1,0.009703100192169837,1811,scGPT
Klk8,0.009700555424279396,1812,scGPT
Gldc,0.00969250954827592,1813,scGPT
Ncan,0.009691798118627786,1814,scGPT
Wnt6,0.009691687306422073,1815,scGPT
Frmpd1os,0.009686659619247504,1816,scGPT
Mt3,0.009686456526529372,1817,scGPT
Nqo1,0.009681689925748376,1818,scGPT
Ppfibp2,0.009680385291016625,1819,scGPT
Cenpf,0.00967249602931555,1820,scGPT
Susd3,0.009669783128353007,1821,scGPT
Sdcbp2,0.009667763787384457,1822,scGPT
Gpr37,0.009658978877775653,1823,scGPT
Cox7a1,0.009657875271554492,1824,scGPT
Ly6h,0.009653766945775888,1825,scGPT
Aldoc,0.009649898529389292,1826,scGPT
Calml4,0.009641703573867398,1827,scGPT
Fam46a,0.0096410696048633,1828,scGPT
Igsf1,0.009638756502251778,1829,scGPT
Sfrp1,0.009635224399272894,1830,scGPT
Plp1,0.00963519840795123,1831,scGPT
Trim2,0.009634836092569309,1832,scGPT
Kcnn2,0.009633225732946851,1833,scGPT
Fcer1g,0.009631979370018667,1834,scGPT
Havcr2,0.009630153035035149,1835,scGPT
Prodh,0.009629826358270319,1836,scGPT
Fbxl5,0.00962316732237767,1837,scGPT
Vmp1,0.009621763136396415,1838,scGPT
Lag3,0.009608917551247516,1839,scGPT
Wdr86,0.00960546047844918,1840,scGPT
Dtl,0.009604607560172479,1841,scGPT
Ncf4,0.009603950546634004,1842,scGPT
Ttyh1,0.009603365509554521,1843,scGPT
Rrad,0.009599778144623644,1844,scGPT
Foxj1,0.009592533577501075,1845,scGPT
Map6d1,0.009586504445774875,1846,scGPT
Rbp4,0.009583097707397325,1847,scGPT
Fhad1,0.009582873521348718,1848,scGPT
Nme5,0.009576278656675652,1849,scGPT
Snx20,0.009566219506174114,1850,scGPT
Arsg,0.009563535310024946,1851,scGPT
Cald1,0.00956323401261171,1852,scGPT
Epdr1,0.009558353322099573,1853,scGPT
Plekho1,0.009552742497281257,1854,scGPT
Cdh2,0.009552454997128278,1855,scGPT
Myl9,0.009546306162858422,1856,scGPT
Npy1r,0.009537957155418608,1857,scGPT
Nrcam,0.009537195634628329,1858,scGPT
Lgi3,0.009536835797796296,1859,scGPT
Aspn,0.009535565355464608,1860,scGPT
Arxes2,0.009534745045087244,1861,scGPT
Mylk,0.009533595858440283,1862,scGPT
2900052N01Rik,0.009533333372285398,1863,scGPT
Apbb1ip,0.009524964192096329,1864,scGPT
Cfl2,0.0095202442551398,1865,scGPT
Hdac11,0.009513749390234475,1866,scGPT
Drc7,0.009512021301093484,1867,scGPT
Lat,0.00950838201824003,1868,scGPT
Epb41,0.009503393382196426,1869,scGPT
Lix1,0.009497539768543258,1870,scGPT
Pde3a,0.009495943306975544,1871,scGPT
Ninj2,0.009494849683049287,1872,scGPT
Bpgm,0.009488166522490488,1873,scGPT
Rrm2b,0.0094869971404872,1874,scGPT
Polr3h,0.009483999627428396,1875,scGPT
Irf5,0.009470682248157615,1876,scGPT
Ngef,0.009470243065771706,1877,scGPT
Cbr3,0.009469586372506517,1878,scGPT
Tmem173,0.009453847144319865,1879,scGPT
4933434E20Rik,0.009446397972494806,1880,scGPT
Cog7,0.009437372904320647,1881,scGPT
Asb4,0.00942339388792323,1882,scGPT
Wscd1,0.009422953552314667,1883,scGPT
Hint2,0.009419548412254578,1884,scGPT
Cytl1,0.009415827468498164,1885,scGPT
Rab32,0.009408781038139162,1886,scGPT
Hexb,0.009397401238740225,1887,scGPT
Kif1b,0.009395990177762678,1888,scGPT
Smtn,0.009395585507186867,1889,scGPT
Tmod2,0.009387121080592954,1890,scGPT
Acad8,0.009386577282476653,1891,scGPT
Efhd1,0.009384704430712492,1892,scGPT
Slc4a5,0.009375078154936083,1893,scGPT
Cbs,0.00937210292496418,1894,scGPT
4930486L24Rik,0.00936685717335978,1895,scGPT
Gm13822,0.009363681820746575,1896,scGPT
Slc4a2,0.009352296058839716,1897,scGPT
Nnmt,0.009341786103733244,1898,scGPT
Tnfrsf18,0.009341370022369542,1899,scGPT
Trem2,0.009340325316575398,1900,scGPT
Cldn11,0.009328989377403422,1901,scGPT
Ifit1bl1,0.009327172588791451,1902,scGPT
Serpinb10,0.009325388200469421,1903,scGPT
Arl3,0.009323304114693625,1904,scGPT
Cd33,0.00932101635798991,1905,scGPT
Hck,0.009318854050505695,1906,scGPT
Dusp26,0.009313471543642734,1907,scGPT
Adora1,0.009311393805410134,1908,scGPT
Rhov,0.009309237212480819,1909,scGPT
Fam183b,0.009304532811895019,1910,scGPT
Olig2,0.00930370581110776,1911,scGPT
Itpk1,0.009298198232683604,1912,scGPT
Tusc5,0.009295797039407905,1913,scGPT
Adcyap1r1,0.009295511414481924,1914,scGPT
Slco2a1,0.009289852962288922,1915,scGPT
Hmgcs1,0.00926875517600046,1916,scGPT
Vcl,0.009266540302934567,1917,scGPT
Rasl11b,0.009264958330413681,1918,scGPT
Jph4,0.009261948262145247,1919,scGPT
Nlrp3,0.009259822569038057,1920,scGPT
Arhgef26,0.009249685600506919,1921,scGPT
Hba-a2,0.009243296841607662,1922,scGPT
P2rx4,0.009242488956299368,1923,scGPT
Snhg18,0.009240313216086884,1924,scGPT
Hcfc1r1,0.009238332002893894,1925,scGPT
Pcdh9,0.00922479641625852,1926,scGPT
Gpsm3,0.009222995235928299,1927,scGPT
Fam105a,0.009220895207499887,1928,scGPT
Deb1,0.009218785901990795,1929,scGPT
Ctsk,0.009217802775441514,1930,scGPT
E130114P18Rik,0.009217222599520257,1931,scGPT
Camk2n1,0.009216321465853737,1932,scGPT
Tbx2,0.00921020615294145,1933,scGPT
Btbd16,0.009208366554424167,1934,scGPT
Celf4,0.009206853680305969,1935,scGPT
Ltbp1,0.009203643746777452,1936,scGPT
Selp,0.009173465490206032,1937,scGPT
Slc9a9,0.009170870447080282,1938,scGPT
Ndp,0.009165460490490713,1939,scGPT
Ppil6,0.009152795299852908,1940,scGPT
Mapt,0.009151562734657831,1941,scGPT
Cenpe,0.009139637774432871,1942,scGPT
Filip1,0.00913956534900774,1943,scGPT
Amer2,0.009138936912312434,1944,scGPT
Tcea3,0.009138481763195231,1945,scGPT
Man2b1,0.009136327364662541,1946,scGPT
Otud1,0.009132561034132295,1947,scGPT
Pifo,0.009126801898049926,1948,scGPT
Bphl,0.00912578824960305,1949,scGPT
Cisd1,0.009123483900178597,1950,scGPT
Sirpa,0.009121600733192061,1951,scGPT
Marveld1,0.00911651931720449,1952,scGPT
Gm10561,0.009108064746109127,1953,scGPT
Ccl8,0.009090787950431072,1954,scGPT
Gm15440,0.009076625868186677,1955,scGPT
Tagap,0.009063287983933417,1956,scGPT
Hhip,0.009054398433190166,1957,scGPT
Spi1,0.009049768948367176,1958,scGPT
1700007K13Rik,0.009041197270266442,1959,scGPT
Cox20,0.009031879806480002,1960,scGPT
0610011F06Rik,0.009028101726880082,1961,scGPT
Angptl2,0.009026658102969695,1962,scGPT
Usp2,0.00902038720106479,1963,scGPT
Vldlr,0.009017755950027058,1964,scGPT
Slc39a4,0.009013745824225124,1965,scGPT
Dennd5b,0.009004666229284322,1966,scGPT
Apbb1,0.009000850883551537,1967,scGPT
Pdgfrl,0.00899985357561624,1968,scGPT
Acot7,0.008996533513852727,1969,scGPT
Rock1,0.008992105513240518,1970,scGPT
Nkx6-2,0.008986845562380578,1971,scGPT
Cldn2,0.008968918508124608,1972,scGPT
Pthlh,0.008967831156098512,1973,scGPT
Npas3,0.008945224183102283,1974,scGPT
Tnfrsf23,0.008929567889343409,1975,scGPT
Tpm1,0.008920182250814932,1976,scGPT
Tmem107,0.008917948676799967,1977,scGPT
Nudt17,0.008917113048361442,1978,scGPT
Prr18,0.008915851122034066,1979,scGPT
Col5a2,0.008907144864074037,1980,scGPT
Cdca7,0.008904209236852964,1981,scGPT
Asprv1,0.008903902616224731,1982,scGPT
Zak,0.008894098284146414,1983,scGPT
Csf2rb,0.008892471846807986,1984,scGPT
Cpox,0.00888540712281854,1985,scGPT
Serpinb1b,0.00887783394754983,1986,scGPT
1700012B09Rik,0.008873680491411264,1987,scGPT
Hey2,0.00887306425929411,1988,scGPT
Rhoh,0.008871816296935961,1989,scGPT
Flt3,0.008870717062618352,1990,scGPT
St6galnac5,0.00887005648358378,1991,scGPT
Igsf8,0.008860922021878534,1992,scGPT
Hacd1,0.008860652125622199,1993,scGPT
Gap43,0.008857670790729666,1994,scGPT
Pebp1,0.008857142014679532,1995,scGPT
Kcnk13,0.00885246607457209,1996,scGPT
Tpm2,0.008850284966702253,1997,scGPT
Slain1,0.008848674108952256,1998,scGPT
Snca,0.00884733696019148,1999,scGPT
Tppp,0.008830929460508638,2000,scGPT
Hist2h4,0.008829082406103398,2001,scGPT
Mnd1,0.008818923937638785,2002,scGPT
Gal3st4,0.008818525188831043,2003,scGPT
Mras,0.008818126111586297,2004,scGPT
Tctex1d4,0.008817970207123106,2005,scGPT
Fam101a,0.008816227885949452,2006,scGPT
Ccdc113,0.00881447305715613,2007,scGPT
Ubash3b,0.008806380935698906,2008,scGPT
Slc16a6,0.008803660760301105,2009,scGPT
Elavl3,0.008802903563480373,2010,scGPT
Asrgl1,0.008802181763386945,2011,scGPT
Adora3,0.008799912376750322,2012,scGPT
Tnfaip6,0.008795887396941676,2013,scGPT
Ctnnd2,0.008795648962421005,2014,scGPT
Tmem229a,0.008788398321505169,2015,scGPT
Xcl1,0.008773007460883822,2016,scGPT
Mns1,0.008772469667653174,2017,scGPT
Qdpr,0.008769386395326264,2018,scGPT
Gpnmb,0.008766824897912018,2019,scGPT
Kcna1,0.008760968874700065,2020,scGPT
Tsc22d4,0.00875869598354344,2021,scGPT
Dab1,0.008758630017693609,2022,scGPT
Acsl3,0.008757119298600544,2023,scGPT
Kit,0.00875416626783476,2024,scGPT
Gabrg1,0.008740653659819167,2025,scGPT
Phldb1,0.008739545198661082,2026,scGPT
Ncf2,0.008737447793141872,2027,scGPT
Zeb2os,0.008733375325054435,2028,scGPT
Msi1,0.00873305665416875,2029,scGPT
Myrf,0.008722302473976542,2030,scGPT
Ccp110,0.008714037732764914,2031,scGPT
Mzb1,0.008711663080756413,2032,scGPT
Vsig2,0.008711575507011491,2033,scGPT
Cd300e,0.00870645595748136,2034,scGPT
Crabp2,0.00870193977319606,2035,scGPT
Rdh5,0.00869299515273877,2036,scGPT
Rbpms,0.00868973733157057,2037,scGPT
Cdhr4,0.008678707634108704,2038,scGPT
Mapk13,0.008675176873154047,2039,scGPT
Osr1,0.008664723452287006,2040,scGPT
P2ry6,0.008648618548029523,2041,scGPT
Mcee,0.008646246411519072,2042,scGPT
Lpp,0.008639169498564438,2043,scGPT
Smim22,0.008626652289117258,2044,scGPT
Slc26a7,0.008626371433674802,2045,scGPT
Plcl1,0.008625625479614613,2046,scGPT
Pola2,0.00861559658975824,2047,scGPT
Cebpa,0.008613404815399003,2048,scGPT
Tmem88b,0.008612681469260412,2049,scGPT
Kcne3,0.008606295856230283,2050,scGPT
Golm1,0.008603501361783776,2051,scGPT
Bnc2,0.008603029701688246,2052,scGPT
Pcdh11x,0.008598227263091984,2053,scGPT
Abca2,0.00859075458430854,2054,scGPT
Cxcr6,0.008582772932446447,2055,scGPT
Hbb-bt,0.008579667892901993,2056,scGPT
Ooep,0.008576751272940872,2057,scGPT
Gpc5,0.00857384200046074,2058,scGPT
Il10ra,0.008565155101644644,2059,scGPT
Lgr4,0.008561255594055898,2060,scGPT
Gabra2,0.008559864108457889,2061,scGPT
P2rx7,0.008550228247353586,2062,scGPT
Arpc1a,0.008549708724873754,2063,scGPT
1700026L06Rik,0.008547378796779165,2064,scGPT
Ccdc34,0.008540726040664083,2065,scGPT
Sccpdh,0.00853830638156542,2066,scGPT
Cntnap2,0.008535649289517522,2067,scGPT
Alx3,0.00853403571353165,2068,scGPT
Fdft1,0.008532679028901743,2069,scGPT
Ak1,0.008525917592501752,2070,scGPT
Odf3b,0.008523352583496726,2071,scGPT
Sh3gl3,0.008523159259468078,2072,scGPT
Fam132a,0.008521292275714548,2073,scGPT
F7,0.008514782694149485,2074,scGPT
1700001C02Rik,0.008513475111603993,2075,scGPT
Arhgef7,0.00850187031792992,2076,scGPT
Gdf10,0.008490377442771287,2077,scGPT
Mtch1,0.008486659976358543,2078,scGPT
Tnfrsf17,0.008486598774597712,2079,scGPT
Ranbp3l,0.008485760495753978,2080,scGPT
Penk,0.00846605526189869,2081,scGPT
Tpbg,0.008465202391560952,2082,scGPT
Cnp,0.008454078997291553,2083,scGPT
Rab3il1,0.008449396329053557,2084,scGPT
Cyth4,0.008441606538980505,2085,scGPT
Tprn,0.00843850148061123,2086,scGPT
Fam49b,0.008432746451130435,2087,scGPT
Rnf13,0.008426108124898697,2088,scGPT
Bex1,0.00842602116753373,2089,scGPT
Kcnmb1,0.008420907503786238,2090,scGPT
Plekhh3,0.008415066170772563,2091,scGPT
Vpreb3,0.008408368364251432,2092,scGPT
A930007I19Rik,0.008405190088478263,2093,scGPT
Cap2,0.008403635546258283,2094,scGPT
Arhgap30,0.008401374689447148,2095,scGPT
Mag,0.008398111587041792,2096,scGPT
Ppp1r12a,0.008394519092465622,2097,scGPT
Foxs1,0.008373492840990161,2098,scGPT
Crot,0.008372297346617102,2099,scGPT
Mpzl2,0.008371733356120074,2100,scGPT
Kcna2,0.008365695083539654,2101,scGPT
P3h3,0.008364783050774678,2102,scGPT
Sirt2,0.008360556792954721,2103,scGPT
Tmem237,0.008352508846066982,2104,scGPT
Hist1h4h,0.008352305757702756,2105,scGPT
Otx2,0.008351778999118618,2106,scGPT
Arrb2,0.008332831067379604,2107,scGPT
1700016K19Rik,0.008325247925927225,2108,scGPT
Cfap52,0.008325061641456593,2109,scGPT
Rtkn,0.008325057933666053,2110,scGPT
Ephb1,0.008324784624829794,2111,scGPT
Fgd2,0.00832277456089288,2112,scGPT
Filip1l,0.008322041962423973,2113,scGPT
Olig1,0.008320800680605624,2114,scGPT
Lipg,0.008318483439155335,2115,scGPT
Kctd13,0.008305393496145981,2116,scGPT
Mir143hg,0.00830238622760472,2117,scGPT
Metrn,0.008291304833192747,2118,scGPT
Nt5e,0.008287516975617297,2119,scGPT
Grhpr,0.00828601320702739,2120,scGPT
Coq7,0.008284785937933746,2121,scGPT
Rpap3,0.008281088317251264,2122,scGPT
Fcrla,0.008279514486358759,2123,scGPT
Lrrc51,0.008275304261312351,2124,scGPT
1110004E09Rik,0.008264915506721055,2125,scGPT
Lgi4,0.008255474029650971,2126,scGPT
Aox3,0.008249957371849286,2127,scGPT
Gjc2,0.008248513667616064,2128,scGPT
Dock10,0.0082344417796514,2129,scGPT
Elovl6,0.008228823255557004,2130,scGPT
Rgma,0.008222414941413514,2131,scGPT
Olfr78,0.008216434332422496,2132,scGPT
Gjb1,0.008213170448010612,2133,scGPT
Pou3f2,0.008213156802255104,2134,scGPT
Capsl,0.008210047697649612,2135,scGPT
Ephx2,0.008209061706683611,2136,scGPT
Asgr1,0.00820639598116727,2137,scGPT
Tyro3,0.008205411840711089,2138,scGPT
Cdk15,0.008200039341366752,2139,scGPT
Fn3k,0.008198199550737972,2140,scGPT
Ptpn6,0.008196361855786835,2141,scGPT
Fuom,0.008196185457640724,2142,scGPT
Ckap2l,0.008195536235858938,2143,scGPT
Cd53,0.008186764214986915,2144,scGPT
Gpr183,0.008183975735605578,2145,scGPT
Cd3e,0.008183088245679166,2146,scGPT
Ankub1,0.008181419504370709,2147,scGPT
Gm867,0.008175835250889876,2148,scGPT
Limd1,0.008173228736512229,2149,scGPT
Tbx1,0.008162705549864674,2150,scGPT
Rnf152,0.008160682716351834,2151,scGPT
Cryba4,0.008158204369106878,2152,scGPT
Hbb-y,0.008148430856788,2153,scGPT
Vill,0.00814632890508882,2154,scGPT
Gimap7,0.008139836898884012,2155,scGPT
Inpp5d,0.008138214501120126,2156,scGPT
Pcbp3,0.008132543476890132,2157,scGPT
Mobp,0.008130115148615743,2158,scGPT
Pla2g3,0.008125841609226173,2159,scGPT
Fgfr2,0.008119699677266801,2160,scGPT
Cspg4,0.00811883268704171,2161,scGPT
Inhbb,0.008111938762765362,2162,scGPT
D630033O11Rik,0.008105854909731744,2163,scGPT
Csf1r,0.008104749039551731,2164,scGPT
Pde5a,0.0081017553424522,2165,scGPT
Desi1,0.008093052541518542,2166,scGPT
Tanc2,0.008091752669420053,2167,scGPT
Clybl,0.008090061537896103,2168,scGPT
Gja5,0.008086030447316102,2169,scGPT
Fstl3,0.00808291740271086,2170,scGPT
2700038G22Rik,0.00806804175048296,2171,scGPT
Sfxn1,0.008061457612657568,2172,scGPT
Cox8b,0.00805537468111869,2173,scGPT
Shcbp1,0.008052117970622519,2174,scGPT
Raet1d,0.00804416996884684,2175,scGPT
Nts,0.008036464842412591,2176,scGPT
Tnfaip8l2,0.008017846067868786,2177,scGPT
Sh2d2a,0.008013060205287302,2178,scGPT
Adamtsl3,0.008005922399712167,2179,scGPT
Skint3,0.008004977408492086,2180,scGPT
Tmem163,0.007993603148261735,2181,scGPT
Ascc1,0.007989962330637711,2182,scGPT
Nuf2,0.007989554840325264,2183,scGPT
Pag1,0.007988520723346382,2184,scGPT
Prkcz,0.007978985484265592,2185,scGPT
Cxcr3,0.007978206721611052,2186,scGPT
Fnbp1,0.00797061492823513,2187,scGPT
Dcaf17,0.007969152654285208,2188,scGPT
Lrba,0.007962106817022502,2189,scGPT
Ift43,0.007948663488649716,2190,scGPT
Ntn4,0.007932089884870163,2191,scGPT
Hcls1,0.00792389405384811,2192,scGPT
Abi3bp,0.007923653571817525,2193,scGPT
Meig1,0.007917097605091879,2194,scGPT
Fbxo36,0.007909006893265463,2195,scGPT
Klrc1,0.007903864566036142,2196,scGPT
Morn2,0.007902921726323122,2197,scGPT
Trp53bp2,0.007895163970018347,2198,scGPT
Nrtn,0.007892633832778589,2199,scGPT
Six1,0.00787592827398664,2200,scGPT
Gm17501,0.007862126325900259,2201,scGPT
Pak7,0.007856351715472542,2202,scGPT
Tmem158,0.007853915386657395,2203,scGPT
Ctss,0.007852599188997349,2204,scGPT
Ctxn1,0.007851216852767715,2205,scGPT
Abca8a,0.007846646407458371,2206,scGPT
Fam81a,0.007835542506323009,2207,scGPT
Morn5,0.00783454001045534,2208,scGPT
Smim4,0.007831946252436934,2209,scGPT
Csdc2,0.007828824449663055,2210,scGPT
Pip5k1b,0.007826933154729699,2211,scGPT
Tnxb,0.007822322735506709,2212,scGPT
Srcin1,0.007813789959732262,2213,scGPT
Mrgpra2a,0.007810293495545006,2214,scGPT
1700088E04Rik,0.007802852670019829,2215,scGPT
Mbp,0.0078027920207219235,2216,scGPT
Slmap,0.007789008778967791,2217,scGPT
Abhd17b,0.007785230064489318,2218,scGPT
Magi2,0.0077793870994164556,2219,scGPT
Pih1d2,0.007773327635442908,2220,scGPT
Slmo1,0.007773035518058085,2221,scGPT
Rasl12,0.0077725615975791735,2222,scGPT
Hist3h2ba,0.007771119313997731,2223,scGPT
Ociad2,0.007765146188811012,2224,scGPT
Tifab,0.007759727912309133,2225,scGPT
Nrxn3,0.007756827609456887,2226,scGPT
P3h4,0.007753117202464702,2227,scGPT
Acsl6,0.007746233420947749,2228,scGPT
Smpd3,0.0077422892084441685,2229,scGPT
Gm10714,0.007739320093686761,2230,scGPT
Kazn,0.007735332546196412,2231,scGPT
Spa17,0.007721538583078404,2232,scGPT
Rilp,0.007704460003246099,2233,scGPT
P2rx1,0.007703931722494681,2234,scGPT
Dpcd,0.007686797417915702,2235,scGPT
Zc2hc1a,0.007681961719307737,2236,scGPT
Ppp1r3c,0.007678965125783573,2237,scGPT
Hpse,0.007671026986685909,2238,scGPT
Cxadr,0.0076666672579894886,2239,scGPT
Acox3,0.007663720591358766,2240,scGPT
Tmem151a,0.007651225960519965,2241,scGPT
Ccdc190,0.007638380978537901,2242,scGPT
Tmem52,0.007629020659980688,2243,scGPT
Scamp2,0.007628015618316091,2244,scGPT
Arhgap6,0.007626239040297386,2245,scGPT
Slc4a3,0.007623072364896791,2246,scGPT
Nodal,0.0076223331089341284,2247,scGPT
Tbc1d9,0.007619316282065013,2248,scGPT
1700007G11Rik,0.0076058921306268335,2249,scGPT
Gm15417,0.007604199670473224,2250,scGPT
Shisa2,0.007594370188912514,2251,scGPT
Spag6l,0.007587495367516599,2252,scGPT
Smoc2,0.00758078560099477,2253,scGPT
Klf5,0.0075758121043937865,2254,scGPT
Srpx2,0.0075699975524536655,2255,scGPT
Paqr8,0.007560240491965061,2256,scGPT
Fads2,0.0075538597669109735,2257,scGPT
Unc93b1,0.0075524045152667784,2258,scGPT
Snai1,0.007543188017203868,2259,scGPT
Gna15,0.007542922992768034,2260,scGPT
Tlr7,0.007541823242064336,2261,scGPT
Slc44a1,0.007538017111312827,2262,scGPT
Gm5,0.0075312146918282185,2263,scGPT
Rax,0.0075284740804127965,2264,scGPT
Sall3,0.007514544598027922,2265,scGPT
Sh2d1a,0.007509284802515216,2266,scGPT
Tiam2,0.007492133680657951,2267,scGPT
Ubxn11,0.0074919769057783,2268,scGPT
Sv2a,0.0074807491067732015,2269,scGPT
Fam184a,0.0074761779083742435,2270,scGPT
Nxnl2,0.007475771204017305,2271,scGPT
Enkur,0.007471902956043139,2272,scGPT
Cyp4f14,0.007470282515857988,2273,scGPT
Laptm5,0.007465187696298052,2274,scGPT
Cd28,0.007463511782212208,2275,scGPT
Atp9a,0.007439987396923044,2276,scGPT
Cyp26b1,0.007430896112233149,2277,scGPT
Ptprn,0.007429235292536912,2278,scGPT
Dnah12,0.00742083103942978,2279,scGPT
Prps2,0.007413938676956962,2280,scGPT
Aoc3,0.007405688864991845,2281,scGPT
Crygn,0.007403721713456652,2282,scGPT
Phldb2,0.00739451199676445,2283,scGPT
Cadm2,0.00739315986858235,2284,scGPT
Pou3f1,0.007391035929944269,2285,scGPT
Apba2,0.007385606423816421,2286,scGPT
Hpgds,0.007378585018749916,2287,scGPT
Sntn,0.007369450555469507,2288,scGPT
Cmss1,0.007369237914217942,2289,scGPT
Gm26870,0.007367632617658739,2290,scGPT
Tcap,0.0073550466024866834,2291,scGPT
Lrrc48,0.0073503192963314794,2292,scGPT
Arl4c,0.007338633336952793,2293,scGPT
Pak1,0.007330716886072548,2294,scGPT
Ins2,0.0073290808725422,2295,scGPT
Nmral1,0.007319227969177684,2296,scGPT
Il21r,0.0073183687207902005,2297,scGPT
Chpt1,0.0073079516721221574,2298,scGPT
Ap2a1,0.0073074493594856155,2299,scGPT
Dusp14,0.007300408642695264,2300,scGPT
Dusp15,0.007296337937634273,2301,scGPT
Pcdh10,0.007288947315529126,2302,scGPT
Rapsn,0.007286054171929176,2303,scGPT
Tbxas1,0.007282158005633395,2304,scGPT
Ctc1,0.007280898657750086,2305,scGPT
Cyp4b1,0.007277933349645542,2306,scGPT
Tgfb1i1,0.007260630144392917,2307,scGPT
Ppp2r2b,0.007246761270682559,2308,scGPT
Adhfe1,0.0072440050732449695,2309,scGPT
Fbxo44,0.007243810074813203,2310,scGPT
Irf8,0.007239249863926056,2311,scGPT
Faim2,0.007217736149504649,2312,scGPT
RP23-81F19.2,0.007216212462284195,2313,scGPT
Emid1,0.007211781982862363,2314,scGPT
Rnf182,0.007203525050540041,2315,scGPT
Prrx2,0.007174160656183465,2316,scGPT
Plekhb1,0.007164659550742041,2317,scGPT
Cfap54,0.007161667906838144,2318,scGPT
Afp,0.007156712574826513,2319,scGPT
Ppp2r2c,0.007126206302115155,2320,scGPT
RP23-4H17.3,0.007114267595536326,2321,scGPT
Dydc2,0.007112860846117118,2322,scGPT
Pla2g15,0.007112145389498553,2323,scGPT
Gng8,0.007109508063162929,2324,scGPT
Ccpg1os,0.007098556237938573,2325,scGPT
Slc2a4,0.007094025946533711,2326,scGPT
Tmem38a,0.007086198467109913,2327,scGPT
Krt8,0.00708528370206976,2328,scGPT
Igfbpl1,0.0070814818021308085,2329,scGPT
Plk1,0.00708024987114409,2330,scGPT
Nkx6-1,0.007071243055665068,2331,scGPT
Myom1,0.007067042600088699,2332,scGPT
Adh5,0.007064372945892666,2333,scGPT
Spib,0.007064307467502589,2334,scGPT
Lpar3,0.007057163500704207,2335,scGPT
4833445I07Rik,0.007032282456650377,2336,scGPT
Tfpi2,0.007030982181130887,2337,scGPT
Prg4,0.007026253009741196,2338,scGPT
Ppargc1a,0.007013287162754687,2339,scGPT
Ctxn3,0.0070127266317170775,2340,scGPT
Fezf2,0.007001922785401696,2341,scGPT
Clic3,0.006995821605186113,2342,scGPT
Plcd4,0.006995429403476155,2343,scGPT
Six3,0.006982455698979989,2344,scGPT
Klhl2,0.006981764029200501,2345,scGPT
Gpt,0.006977964485779082,2346,scGPT
Ifng,0.006966616467526354,2347,scGPT
Elovl2,0.006960370040810012,2348,scGPT
Tnfrsf13c,0.006956635717209161,2349,scGPT
Poc1a,0.0069473718570676425,2350,scGPT
Nipa1,0.006938018195477215,2351,scGPT
Fam20a,0.006929337706902745,2352,scGPT
Hspa4l,0.00692784623589439,2353,scGPT
Casp1,0.0068990372263579855,2354,scGPT
Tmem27,0.0068972685557602935,2355,scGPT
Gpr18,0.00689319498711663,2356,scGPT
Crtac1,0.006871731490160878,2357,scGPT
Hmmr,0.006863808478355162,2358,scGPT
Mylip,0.006855222491906251,2359,scGPT
Gm29666,0.006845821506825538,2360,scGPT
Ypel2,0.006836550836318712,2361,scGPT
Fzd9,0.006835706978816408,2362,scGPT
Tmem72,0.006835133454862141,2363,scGPT
Gjc3,0.006816748688482376,2364,scGPT
Mapk4,0.0068101300525109515,2365,scGPT
Strip2,0.006792833099717283,2366,scGPT
Mfap5,0.00678028184128343,2367,scGPT
Alx1,0.006776031229709233,2368,scGPT
Fam64a,0.006774169136559038,2369,scGPT
Cth,0.006767020078979512,2370,scGPT
Tubb4a,0.006763954905219319,2371,scGPT
Daglb,0.006760873932972488,2372,scGPT
Cfap161,0.006757762171130077,2373,scGPT
Slc46a1,0.006753963712787489,2374,scGPT
Agl,0.006745712958965206,2375,scGPT
Adam19,0.006743328366309214,2376,scGPT
F630028O10Rik,0.006738710576149499,2377,scGPT
Slc29a4,0.0067308784215688415,2378,scGPT
Nim1k,0.006724755682040465,2379,scGPT
Lrrn1,0.006720902614623166,2380,scGPT
Sult5a1,0.006719629878472004,2381,scGPT
Arhgef40,0.006716558489849277,2382,scGPT
Ikzf1,0.006710129509914874,2383,scGPT
Cmklr1,0.006699281627755027,2384,scGPT
B9d1,0.006697890248564075,2385,scGPT
Pomc,0.006683507998914209,2386,scGPT
Cd8b1,0.006676005814417608,2387,scGPT
Pcbp4,0.0066590385429799006,2388,scGPT
Tsku,0.006649662423840752,2389,scGPT
Cd209g,0.006645307076314909,2390,scGPT
Epb41l3,0.006637685892576271,2391,scGPT
4833407H14Rik,0.006630870318032678,2392,scGPT
Stmn4,0.006627205401971701,2393,scGPT
Tulp3,0.006624511041544727,2394,scGPT
Gm20406,0.006621438963930024,2395,scGPT
Vav1,0.00662143380200662,2396,scGPT
Mapk8ip1,0.006614341530851946,2397,scGPT
Ptgdr,0.006599011827736541,2398,scGPT
Map1a,0.00659898049569431,2399,scGPT
Il2ra,0.006593557948668885,2400,scGPT
Dnajb2,0.006592369541897417,2401,scGPT
Spata24,0.0065881406749151595,2402,scGPT
Cep162,0.006587386320873733,2403,scGPT
Dcaf12l1,0.006586799167646294,2404,scGPT
Stat4,0.006578188940447044,2405,scGPT
Prox1,0.006574435750882634,2406,scGPT
Epn3,0.006570935626585302,2407,scGPT
Ermn,0.006570462640045702,2408,scGPT
Cd19,0.006562037739612525,2409,scGPT
Ccdc184,0.006556098288079167,2410,scGPT
Ccdc167,0.006542159697222034,2411,scGPT
Cfap100,0.006537215042011289,2412,scGPT
Medag,0.006535036432112185,2413,scGPT
3300002A11Rik,0.006513116656622547,2414,scGPT
AI854517,0.0065064787983372795,2415,scGPT
1700001L19Rik,0.006476959935970409,2416,scGPT
Exoc3l2,0.006476277720691901,2417,scGPT
Fermt3,0.006475978537010143,2418,scGPT
1700024G13Rik,0.006473673651603776,2419,scGPT
Btla,0.00647364344423752,2420,scGPT
Gm12326,0.0064715279269570766,2421,scGPT
Bhmt,0.006469902602804975,2422,scGPT
Prima1,0.006459904270076807,2423,scGPT
Iqca,0.0064586647931999626,2424,scGPT
A530064D06Rik,0.006457246599266887,2425,scGPT
Cfap206,0.006441820148920527,2426,scGPT
Lrrc10b,0.006437584378714149,2427,scGPT
Bricd5,0.006413384444768588,2428,scGPT
Shisa4,0.006405539855065185,2429,scGPT
Clca3a1,0.006385108285542853,2430,scGPT
Wfikkn2,0.006360605487587772,2431,scGPT
Wisp1,0.006358135705211083,2432,scGPT
2410004P03Rik,0.0063303449398558614,2433,scGPT
Crb3,0.006310900128906005,2434,scGPT
Scd3,0.006309785014923438,2435,scGPT
Cdc37l1,0.006303872654377079,2436,scGPT
Ppp2r3a,0.006303529556081935,2437,scGPT
1700040L02Rik,0.006300120602541629,2438,scGPT
Plpp4,0.006289441402557087,2439,scGPT
Gm13470,0.006283657658079243,2440,scGPT
Lilra6,0.006271472368426353,2441,scGPT
Dnah14,0.006256524216149521,2442,scGPT
Npr3,0.006252049258592002,2443,scGPT
0610040J01Rik,0.0062490334228904616,2444,scGPT
Kcnk3,0.0062350486782468606,2445,scGPT
Spef2,0.006222059826417703,2446,scGPT
Larp6,0.006213023557847442,2447,scGPT
Vit,0.006209612037109569,2448,scGPT
Gm26772,0.006194209289156354,2449,scGPT
Hepacam,0.006172182859563707,2450,scGPT
Slc35g1,0.006169001543914684,2451,scGPT
Ak7,0.006168822941520821,2452,scGPT
Gabbr1,0.006161001795077698,2453,scGPT
Rasal1,0.006159047447220563,2454,scGPT
Elmod1,0.0061497865843429984,2455,scGPT
Smco3,0.006143892162171752,2456,scGPT
Gnmt,0.006130612573064781,2457,scGPT
Chchd6,0.006104551422491446,2458,scGPT
Nat8,0.006103084953712839,2459,scGPT
Mir155hg,0.006102582512075332,2460,scGPT
Esco2,0.0061004152244635455,2461,scGPT
Dnali1,0.006097684477211945,2462,scGPT
Lrrc23,0.0060952832691031624,2463,scGPT
Gfod2,0.006086736637269907,2464,scGPT
4833427G06Rik,0.006074189441284671,2465,scGPT
Cdca2,0.006074154978836899,2466,scGPT
Alas2,0.006066638020330504,2467,scGPT
Egln3,0.006065241820030371,2468,scGPT
Hpca,0.006064322370198692,2469,scGPT
Asb11,0.0060530419094532145,2470,scGPT
Zfhx4,0.006037845052966095,2471,scGPT
Cml3,0.006005402166744142,2472,scGPT
Dscaml1,0.006003957788871677,2473,scGPT
Tspan8,0.006003416838942462,2474,scGPT
Gucy2g,0.005982564652674791,2475,scGPT
Rsph4a,0.005977331429264529,2476,scGPT
Kndc1,0.0059732116267326545,2477,scGPT
Siglec1,0.0059493148493224525,2478,scGPT
Rsph10b,0.005949266389813045,2479,scGPT
Pak3,0.005945503509379404,2480,scGPT
Neil3,0.005934296077165254,2481,scGPT
Ccdc146,0.005918343782885595,2482,scGPT
Cd8a,0.00589273748895992,2483,scGPT
Arc,0.005888195253958034,2484,scGPT
Svip,0.00587987663447932,2485,scGPT
Pde3b,0.005845857886894802,2486,scGPT
Map7,0.005845661424774766,2487,scGPT
Thbs4,0.00582449225984816,2488,scGPT
Cd109,0.0058195611023302415,2489,scGPT
Prok2,0.005816709254102177,2490,scGPT
Mog,0.005815271554255322,2491,scGPT
Il13ra2,0.0058077555530432565,2492,scGPT
Ikzf3,0.005801978754672136,2493,scGPT
Zfp536,0.00580171072845838,2494,scGPT
Klri2,0.005793961089206882,2495,scGPT
Bex6,0.00578042281578273,2496,scGPT
Dner,0.0057789896426164574,2497,scGPT
Trpc4,0.00576882105980278,2498,scGPT
Ado,0.005765471762514871,2499,scGPT
Josd2,0.005758236465169451,2500,scGPT
Gm973,0.005754769307357045,2501,scGPT
Rab33a,0.00575164677105212,2502,scGPT
Serpina3f,0.0057475664327088834,2503,scGPT
Lama1,0.005737376448239248,2504,scGPT
Dlx2,0.0057369781963768395,2505,scGPT
Plk4,0.005734045087143579,2506,scGPT
Ppp1r32,0.005733307087382364,2507,scGPT
Clspn,0.005721994944519142,2508,scGPT
Klrb1a,0.0056911926764915185,2509,scGPT
Scnn1a,0.005687212481223594,2510,scGPT
A230009B12Rik,0.005683257866372632,2511,scGPT
Tmem40,0.005670083839912246,2512,scGPT
Hepacam2,0.005665491258682814,2513,scGPT
Cldn3,0.005643053447730321,2514,scGPT
Fam166b,0.00562621421351581,2515,scGPT
Fa2h,0.005623689337085993,2516,scGPT
C730034F03Rik,0.005620772938386528,2517,scGPT
Plau,0.005617366538706228,2518,scGPT
Nlrc3,0.00561173203802469,2519,scGPT
Wnt3,0.005602557896699991,2520,scGPT
Adrb1,0.005601823601456642,2521,scGPT
9830107B12Rik,0.005598134730446056,2522,scGPT
Cntn2,0.005594606626877482,2523,scGPT
Fhit,0.005594003386098269,2524,scGPT
Frmd8,0.005592577910975519,2525,scGPT
Kcnk5,0.0055788452769235984,2526,scGPT
Ces2e,0.0055758541869389755,2527,scGPT
Zfp365,0.005570373573682263,2528,scGPT
Cfap45,0.005553447433632618,2529,scGPT
Rpl3l,0.005544173962755169,2530,scGPT
Efnb3,0.005536502706767357,2531,scGPT
Gm10138,0.0055210401807906035,2532,scGPT
Slc14a2,0.005506955934676807,2533,scGPT
1700028P14Rik,0.005506802931228192,2534,scGPT
Polr3e,0.005506028527267482,2535,scGPT
Gfpt2,0.00548908946733651,2536,scGPT
Nrg1,0.005471261719072658,2537,scGPT
Wisp2,0.005466338483132218,2538,scGPT
Got1l1,0.005461521401416579,2539,scGPT
Ccdc33,0.0054583401109398605,2540,scGPT
Ppm1k,0.005434425105285231,2541,scGPT
Ccdc108,0.005430717474344762,2542,scGPT
Prox1os,0.005427451558819081,2543,scGPT
Smtnl2,0.005421751809584038,2544,scGPT
Efcab1,0.005419392752963509,2545,scGPT
Fam19a1,0.005404943716806302,2546,scGPT
Cdhr3,0.0054009937742108905,2547,scGPT
Cacnb4,0.005392451854751775,2548,scGPT
Ciita,0.005390740349762571,2549,scGPT
Prss56,0.005383786141298456,2550,scGPT
Ppp1r36,0.005377774175592447,2551,scGPT
Col11a1,0.0053699602527178085,2552,scGPT
Fasl,0.005368367800268685,2553,scGPT
Plppr3,0.005362242911578599,2554,scGPT
Vwa3a,0.0053491527188146,2555,scGPT
Fam174b,0.0053482500784887066,2556,scGPT
Col25a1,0.005336946663721945,2557,scGPT
Rfx4,0.005298016823174121,2558,scGPT
Cd247,0.005296127152428182,2559,scGPT
Eya2,0.00527203295955749,2560,scGPT
Msc,0.00526503627279849,2561,scGPT
Gata6,0.005260256572943294,2562,scGPT
Nell2,0.005255575610947869,2563,scGPT
Gabrr2,0.005252477724726726,2564,scGPT
Pls1,0.005203140751315184,2565,scGPT
Col26a1,0.005201303276294486,2566,scGPT
Pgam2,0.005187823152283543,2567,scGPT
Taf6,0.005171937206920874,2568,scGPT
Bdnf,0.005161260246410878,2569,scGPT
Clec11a,0.005161178450541977,2570,scGPT
Cpxm2,0.005160401240087765,2571,scGPT
Ak8,0.005135480837186995,2572,scGPT
Lrrc46,0.005134893421628435,2573,scGPT
Unc13d,0.005130532329885821,2574,scGPT
Gzmk,0.005124923389699686,2575,scGPT
Wfdc18,0.005124347347814513,2576,scGPT
Dlx1,0.005119019832788457,2577,scGPT
Gm17634,0.005117562626128899,2578,scGPT
Cmah,0.005116179530560574,2579,scGPT
Sult1c2,0.0051053530032856105,2580,scGPT
Col9a2,0.005103545300301203,2581,scGPT
Gzmm,0.005094057630079399,2582,scGPT
Fam83d,0.005090161528418906,2583,scGPT
Tmem125,0.005082764046069031,2584,scGPT
Tc2n,0.005078588776969142,2585,scGPT
Dkk2,0.0050749572786612926,2586,scGPT
Dlx6os1,0.0050711349690249815,2587,scGPT
Cd209c,0.005066926616038219,2588,scGPT
Arhgef25,0.005066378866494604,2589,scGPT
Ffar2,0.005061985059936964,2590,scGPT
B230312C02Rik,0.0050596024524080995,2591,scGPT
Gpr62,0.005028760611452503,2592,scGPT
Mapk15,0.0049999982986643305,2593,scGPT
Saa1,0.004966985715724106,2594,scGPT
Chek2,0.004955105830113204,2595,scGPT
Nrn1,0.004949907436974367,2596,scGPT
Plekhh1,0.004940669201701865,2597,scGPT
Cyp2j12,0.0049359469848289875,2598,scGPT
Bbox1,0.0049105613730843845,2599,scGPT
Saxo2,0.004900987531363079,2600,scGPT
Fanci,0.004882697051631398,2601,scGPT
Hist1h1b,0.004877426527148285,2602,scGPT
Cep55,0.0048669504442744645,2603,scGPT
Spag17,0.004844951258148242,2604,scGPT
Kcnb2,0.004839855787902267,2605,scGPT
Cfap77,0.004826391518881777,2606,scGPT
Pcgf2,0.0048256925494245375,2607,scGPT
Hotairm1,0.0048228950010602645,2608,scGPT
Sp9,0.0048000497441180855,2609,scGPT
Bcl11b,0.004796263624597006,2610,scGPT
Spata33,0.004730840358633388,2611,scGPT
Lrrc74b,0.004729183623922693,2612,scGPT
P4ha3,0.00471053978520601,2613,scGPT
Plet1,0.004694841723723317,2614,scGPT
Gal3st1,0.004679799723704879,2615,scGPT
Terf2ip,0.004660838800575761,2616,scGPT
Slc24a2,0.004657705740329055,2617,scGPT
Wdr66,0.004653368028598676,2618,scGPT
Ercc5,0.0046418117147140675,2619,scGPT
Cldn14,0.00462061884582645,2620,scGPT
D630024D03Rik,0.004609585755810181,2621,scGPT
Lamb3,0.00459769483964586,2622,scGPT
Dnah9,0.004587275465607711,2623,scGPT
Syt4,0.004576305672498461,2624,scGPT
Gm26525,0.004561111087946653,2625,scGPT
Paip2b,0.004553013945473692,2626,scGPT
6820408C15Rik,0.004552743362182469,2627,scGPT
Mxd3,0.0045457494180967985,2628,scGPT
Tekt4,0.004513178015183509,2629,scGPT
Gm17619,0.004512702555401725,2630,scGPT
Klrb1f,0.0044981155687413375,2631,scGPT
Runx2,0.004482789218441696,2632,scGPT
Samd3,0.004478822533560241,2633,scGPT
Bub1,0.004472511371523106,2634,scGPT
Olr1,0.0044689154342437065,2635,scGPT
Wdr78,0.004464572029169469,2636,scGPT
Blk,0.004443273385547684,2637,scGPT
Zmynd10,0.004442883901491699,2638,scGPT
Gm11681,0.0044328808324045205,2639,scGPT
AI593442,0.004403732988474842,2640,scGPT
Cd209d,0.004397315330933006,2641,scGPT
BC094916,0.004392992008196739,2642,scGPT
Calb2,0.0043716473701889075,2643,scGPT
Ska1,0.004362248925068941,2644,scGPT
Saa2,0.004358856913637241,2645,scGPT
A330069E16Rik,0.004348714477220674,2646,scGPT
Gm5547,0.004344760980092815,2647,scGPT
Chac1,0.004344756786227967,2648,scGPT
Melk,0.004339287312051437,2649,scGPT
Sept3,0.004333056743623959,2650,scGPT
Gm14051,0.004324479804739008,2651,scGPT
Fxyd2,0.004304784401836661,2652,scGPT
Cd160,0.004294589678449963,2653,scGPT
Tacstd2,0.0042871525138553366,2654,scGPT
Stoml3,0.004286651493952723,2655,scGPT
Dlx5,0.0042530891802085614,2656,scGPT
Ccdc121,0.004251781449105979,2657,scGPT
Casq1,0.004245000892397863,2658,scGPT
Rprm,0.004242692415377141,2659,scGPT
Nfe2l3,0.004219999931592233,2660,scGPT
Sag,0.004215925104618852,2661,scGPT
Pparg,0.004214145709740717,2662,scGPT
Prr29,0.00421369110985308,2663,scGPT
Tmem80,0.004212948576440775,2664,scGPT
Cfap69,0.004205397083302991,2665,scGPT
Aldh1a3,0.0042034831718878105,2666,scGPT
Hydin,0.004186560608742576,2667,scGPT
FRMPD2,0.004186108012640707,2668,scGPT
Dnah5,0.004183727881232515,2669,scGPT
Thap1,0.004179036931622133,2670,scGPT
Pbld2,0.004173370272139401,2671,scGPT
Pdcd1,0.004172931186857756,2672,scGPT
Lrrn4cl,0.004164609691600536,2673,scGPT
Gm16006,0.004155236596916539,2674,scGPT
Gm19585,0.004130004852057769,2675,scGPT
Apof,0.004111385370698807,2676,scGPT
Crmp1,0.004083528888867014,2677,scGPT
Maats1,0.004061578983729059,2678,scGPT
D7Ertd443e,0.004032857318073548,2679,scGPT
Daw1,0.004020817922313094,2680,scGPT
Als2,0.00401199030782478,2681,scGPT
Dlk1,0.003975256361481754,2682,scGPT
St18,0.003941545011906342,2683,scGPT
Defb9,0.003926329865292665,2684,scGPT
4933407L21Rik,0.003924934005524708,2685,scGPT
Hspb7,0.003922750108332598,2686,scGPT
Gm29508,0.003915612257114843,2687,scGPT
Adamts20,0.003912490451443264,2688,scGPT
Vnn1,0.0038944961012328935,2689,scGPT
Pla2g2d,0.0038934281474483495,2690,scGPT
Nog,0.003854139431803146,2691,scGPT
Lrrc36,0.003846690945365796,2692,scGPT
Tmem171,0.0038419286911282433,2693,scGPT
Bmper,0.0038300717976023748,2694,scGPT
Morn3,0.003825225415858913,2695,scGPT
Acot5,0.0038214544019168576,2696,scGPT
Opcml,0.00380519617538192,2697,scGPT
Cited1,0.003790658836598976,2698,scGPT
Cd226,0.0037883965980976984,2699,scGPT
Drc1,0.003780986636707903,2700,scGPT
Gpr165,0.0037427415081440862,2701,scGPT
3830403N18Rik,0.0037426119901757472,2702,scGPT
Srpx,0.003733313527615482,2703,scGPT
Sp8,0.0037302066132240564,2704,scGPT
Gm42722,0.003729939613691997,2705,scGPT
Lrrtm3,0.0037212438200410203,2706,scGPT
Gm20383,0.0037183140296357395,2707,scGPT
Gad1,0.0037169613545396394,2708,scGPT
Dlgap5,0.003711264604274195,2709,scGPT
Cilp2,0.0037064605946312214,2710,scGPT
Fam92b,0.003692487083888869,2711,scGPT
Nkx2-1,0.003670473707420188,2712,scGPT
Armc4,0.003648611709976324,2713,scGPT
Rbp2,0.0036435548567619763,2714,scGPT
Zp3,0.0036398320133847143,2715,scGPT
Piezo2,0.0036284665375087583,2716,scGPT
Btnl9,0.0035678709155820545,2717,scGPT
Gm26867,0.0035373558068475617,2718,scGPT
Ptgfr,0.0034951356766333196,2719,scGPT
Wdr63,0.003485743615378155,2720,scGPT
Cd4,0.003485045554133984,2721,scGPT
Ccdc81,0.0034832575049743926,2722,scGPT
Upb1,0.0034756156368975044,2723,scGPT
Rmi2,0.0034659652490512164,2724,scGPT
Smkr-ps,0.003454056009475955,2725,scGPT
Lect1,0.0034524225722113292,2726,scGPT
Rnf138rt1,0.0034522463511278472,2727,scGPT
Ascl1,0.003444789175460543,2728,scGPT
Gm17455,0.0034374529589390208,2729,scGPT
Itgbl1,0.0034265540000083918,2730,scGPT
Gpr88,0.0033526409050077576,2731,scGPT
L1cam,0.0033453988111602074,2732,scGPT
Serpind1,0.0033337314072247274,2733,scGPT
Scn7a,0.003325819420524649,2734,scGPT
Cd209b,0.0033208404055148225,2735,scGPT
Slc6a12,0.0033117677435536056,2736,scGPT
Icos,0.003304985703526334,2737,scGPT
Car9,0.0032913879201936563,2738,scGPT
Gata3,0.0032873610304037814,2739,scGPT
Gm3550,0.0032873331814979407,2740,scGPT
Cfap53,0.003273908012640245,2741,scGPT
Slamf1,0.0032725769359178577,2742,scGPT
Bhlhe22,0.0032669419295945227,2743,scGPT
Gm13536,0.0032531065379972275,2744,scGPT
Stmnd1,0.003244470618683651,2745,scGPT
Eomes,0.00323977459115662,2746,scGPT
Kif6,0.003236357536235137,2747,scGPT
Fam216b,0.0032244229967064255,2748,scGPT
Retnla,0.003212608029182706,2749,scGPT
Myb,0.003193537052164629,2750,scGPT
Pon1,0.0031892284621887674,2751,scGPT
Ms4a4d,0.0031823850505453273,2752,scGPT
Rpl39l,0.0031581634641335106,2753,scGPT
Arhgdig,0.003144666320285316,2754,scGPT
Uox,0.003120757452754232,2755,scGPT
Nrsn1,0.003120179684626033,2756,scGPT
Fam129c,0.003099218775030831,2757,scGPT
Btc,0.003088707085418875,2758,scGPT
Gm43536,0.0030807455028802927,2759,scGPT
Angptl1,0.0030754175012759014,2760,scGPT
Sfrp2,0.0030713157240092304,2761,scGPT
RP23-291B1.2,0.0030622981069562383,2762,scGPT
Cfap46,0.003055473076903103,2763,scGPT
Tmem59l,0.0030516650389926458,2764,scGPT
Gm10827,0.0030401682380520696,2765,scGPT
Cd6,0.003012551522840226,2766,scGPT
Ccdc163,0.0030122599978487227,2767,scGPT
Svopl,0.003003177018382293,2768,scGPT
Ucma,0.0029872687208229425,2769,scGPT
Tcp11,0.002986426669533847,2770,scGPT
Mal2,0.002980198009717679,2771,scGPT
Itk,0.0029575219326923503,2772,scGPT
Lrr1,0.0029565092290032135,2773,scGPT
Gm13075,0.0029348676368494762,2774,scGPT
Akap14,0.00292590003563776,2775,scGPT
Arpp21,0.0028997358484298603,2776,scGPT
Gm26909,0.0028962311667956324,2777,scGPT
Gm15551,0.0028918175627853267,2778,scGPT
Barx2,0.002886062076845107,2779,scGPT
Dnah7a,0.002869454907175702,2780,scGPT
Lrrc71,0.002868669085667042,2781,scGPT
Mb,0.002859986271885862,2782,scGPT
Prf1,0.0028568418342047887,2783,scGPT
Gm33651,0.0028532161552967607,2784,scGPT
Ccdc40,0.0028457636939761594,2785,scGPT
Krtap28-13,0.0028442202044898354,2786,scGPT
Ackr4,0.00284202558234594,2787,scGPT
Nppc,0.002827698562916456,2788,scGPT
Dlec1,0.002816535758131845,2789,scGPT
a,0.002814369706772594,2790,scGPT
Ccr9,0.002786294202530049,2791,scGPT
Pvalb,0.002774225142150328,2792,scGPT
A930003A15Rik,0.00274557623226514,2793,scGPT
Tbx21,0.0027384052153172364,2794,scGPT
Cpz,0.0026758031489897333,2795,scGPT
Vwa5b1,0.002670164892287801,2796,scGPT
Cdh1,0.0026675378632051144,2797,scGPT
Cd96,0.0026652144992045704,2798,scGPT
Rasgrf1,0.002632249852997919,2799,scGPT
Uckl1os,0.002609117977163515,2800,scGPT
Kif4,0.002601545249312244,2801,scGPT
Grap2,0.0025995377380676012,2802,scGPT
Stc2,0.0025935061088944262,2803,scGPT
Lhfpl4,0.0025906850485900787,2804,scGPT
Cidea,0.0025847951231627465,2805,scGPT
Dthd1,0.0025737090499952735,2806,scGPT
Ffar4,0.002550000647608144,2807,scGPT
Dnah1,0.002545697498151476,2808,scGPT
Syt10,0.0025406941674706515,2809,scGPT
Ak9,0.0025219226918118875,2810,scGPT
1700019G24Rik,0.0025106917901922886,2811,scGPT
Platr17,0.002506951286504113,2812,scGPT
Cfap157,0.002504357515283366,2813,scGPT
Cst6,0.0024793438148114086,2814,scGPT
Sct,0.0024636286984864144,2815,scGPT
Tctex1d1,0.0024586904293871768,2816,scGPT
Grik3,0.002448583980853937,2817,scGPT
Kcnd2,0.0024455614340551804,2818,scGPT
Irx5,0.002442986827790076,2819,scGPT
Nek2,0.002425216446078666,2820,scGPT
Fndc7,0.0024238797820409714,2821,scGPT
Tnfrsf4,0.002420593713081253,2822,scGPT
Gm12144,0.0024166248047057938,2823,scGPT
Spic,0.002412711567428632,2824,scGPT
Ces2g,0.002409948981606427,2825,scGPT
BC021614,0.0024073208340007475,2826,scGPT
Sap30bpos,0.002392408644951889,2827,scGPT
Zfp474,0.0023809809033283743,2828,scGPT
Rhcg,0.0023486332073304663,2829,scGPT
Lyz1,0.0023384023990218167,2830,scGPT
Col6a3,0.0023341534674006805,2831,scGPT
Sult1c1,0.002330589431602994,2832,scGPT
2010005H15Rik,0.0023139974056428088,2833,scGPT
3632451O06Rik,0.0022962000896363803,2834,scGPT
Gm16160,0.0022775906059767236,2835,scGPT
Il12a,0.0022741420354184475,2836,scGPT
Calb1,0.0022615572789010698,2837,scGPT
Nefh,0.0022589106163904793,2838,scGPT
Tmem232,0.002254676176748963,2839,scGPT
Rsph14,0.002231702814442096,2840,scGPT
Ntng1,0.0022202501678590583,2841,scGPT
Actn2,0.0022194369345014107,2842,scGPT
Nkx2-4,0.0022145613631729365,2843,scGPT
Tnr,0.0022139031346117334,2844,scGPT
Epcam,0.00217291068097138,2845,scGPT
Mirg,0.0021693197008509743,2846,scGPT
Myl1,0.0021654575925461163,2847,scGPT
Zcchc16,0.0021589828133677835,2848,scGPT
Ttc29,0.0021426836041450294,2849,scGPT
Brinp2,0.0021197448321612633,2850,scGPT
Zcchc12,0.002114165517298035,2851,scGPT
Gm21149,0.0021030732436269823,2852,scGPT
Tmem132c,0.0020908398448039427,2853,scGPT
Stfa1,0.0020819834273633135,2854,scGPT
Cxcl9,0.0020786866380675196,2855,scGPT
Fbxl13,0.002075384310246205,2856,scGPT
Gm1604a,0.0020680115336311343,2857,scGPT
Pcdhb7,0.0020609358828464638,2858,scGPT
Gm20661,0.002029419818575768,2859,scGPT
F2rl1,0.002015355914197455,2860,scGPT
BC018473,0.002014249287647143,2861,scGPT
Hsf2bp,0.002011857406855484,2862,scGPT
Retn,0.002009704570938622,2863,scGPT
Foxb1,0.0019846293267459856,2864,scGPT
Tcte1,0.0019759693904514604,2865,scGPT
Dct,0.001973198304215409,2866,scGPT
Fmr1nb,0.0019468078016543744,2867,scGPT
Tmprss5,0.0019464903314273948,2868,scGPT
Gm15689,0.0019304134188013102,2869,scGPT
Rab15,0.0019296500066413212,2870,scGPT
Gm13391,0.0018943556551724605,2871,scGPT
Rtp1,0.001857583357392954,2872,scGPT
A530032D15Rik,0.0018512263347140667,2873,scGPT
4732414G09Rik,0.0018475510188892825,2874,scGPT
Ttc16,0.001840376891489149,2875,scGPT
Gsta3,0.0018313603127335183,2876,scGPT
Cyp2f2,0.001830122625913057,2877,scGPT
1700063D05Rik,0.0018267557455463775,2878,scGPT
Gm44109,0.0018195926388017549,2879,scGPT
Pcdh8,0.0018190983567325,2880,scGPT
4933413G19Rik,0.001797545230241967,2881,scGPT
Sspo,0.0017857317571135002,2882,scGPT
Xlr4c,0.0017659668915988558,2883,scGPT
Ehf,0.001735945597383749,2884,scGPT
Tnfsf18,0.0017188920011960624,2885,scGPT
Urah,0.0017103324323218703,2886,scGPT
Pappa2,0.0017094046719487743,2887,scGPT
Defb42,0.001700007533821026,2888,scGPT
Apobec2,0.0016698465744539924,2889,scGPT
Dqx1,0.0016693120864508726,2890,scGPT
Cd300c,0.001669005667317576,2891,scGPT
Kcnc1,0.001663402053669697,2892,scGPT
Wdr93,0.0016612343374668651,2893,scGPT
Efcab11,0.0016599208253569924,2894,scGPT
Sv2b,0.001644467578429215,2895,scGPT
1700086L19Rik,0.0016397176048615985,2896,scGPT
Aard,0.0016281344193446188,2897,scGPT
Prph,0.0016139632100025574,2898,scGPT
Nup62cl,0.0016058579975142047,2899,scGPT
Rit2,0.0015709073636162787,2900,scGPT
Chgb,0.0015634323146254594,2901,scGPT
Clec9a,0.0015488879168699518,2902,scGPT
Acbd7,0.0015481279000784133,2903,scGPT
Lypd2,0.0015412362512637948,2904,scGPT
Mmp13,0.0015368283633453445,2905,scGPT
Nhlrc4,0.0015355888794508865,2906,scGPT
Cyp2e1,0.0015352491121510292,2907,scGPT
Unc5cl,0.0015132258583687467,2908,scGPT
RP24-492L15.6,0.0015105236385667348,2909,scGPT
Pcdhb9,0.0014632668316728805,2910,scGPT
Syt1,0.0014607804386422214,2911,scGPT
Pcdh15,0.0014603524597442002,2912,scGPT
Ces1d,0.0014570686629165998,2913,scGPT
Brinp1,0.0014519177115644788,2914,scGPT
Calca,0.0014321885765271,2915,scGPT
Hrk,0.0014243616465096005,2916,scGPT
Scgb1c1,0.0014205730516452075,2917,scGPT
Ccdc63,0.0014113111562809658,2918,scGPT
Krt23,0.0014029406468678317,2919,scGPT
Fabp12,0.0014026753571896268,2920,scGPT
Diras2,0.0013805936440328143,2921,scGPT
Krt15,0.0013743259264391147,2922,scGPT
Pkd2l1,0.0013714641164135016,2923,scGPT
Elane,0.0013701176938156236,2924,scGPT
Dnase1l3,0.0013618222562086755,2925,scGPT
Dapl1,0.0013599486100677757,2926,scGPT
Gm26737,0.0013562001129786214,2927,scGPT
Pou4f1,0.0013407977701350624,2928,scGPT
Msmp,0.0013381876596294372,2929,scGPT
Smim6,0.0013355493069512323,2930,scGPT
Caln1,0.0013132945513653997,2931,scGPT
Trp63,0.001291941547699193,2932,scGPT
Fxyd3,0.0012820351621460329,2933,scGPT
Onecut2,0.001277124339768661,2934,scGPT
Defb25,0.0012707269975732066,2935,scGPT
Dazl,0.001233858322479019,2936,scGPT
Slc36a2,0.0012321401242349351,2937,scGPT
Itgae,0.001230505508655228,2938,scGPT
C1ql1,0.0012269258301879486,2939,scGPT
Slc6a19,0.0012245811516410601,2940,scGPT
Gm17322,0.0012235777921314013,2941,scGPT
Xcr1,0.0012066320830720258,2942,scGPT
Igfn1,0.0011887104261417715,2943,scGPT
Ly6k,0.0011821534908999002,2944,scGPT
RP23-435E16.1,0.0011663975293333406,2945,scGPT
Gm15867,0.001140521458764269,2946,scGPT
Sema3e,0.0011398439573402405,2947,scGPT
Aldh1a7,0.0011351546454048886,2948,scGPT
Apoc4,0.0011293417645179393,2949,scGPT
Gm7967,0.001115948773453871,2950,scGPT
Rpe65,0.001115672612423074,2951,scGPT
Iqch,0.0010976649598235086,2952,scGPT
Car3,0.0010956156923487878,2953,scGPT
Tex26,0.0010812160662386867,2954,scGPT
D130051D11Rik,0.0010610908499530049,2955,scGPT
Asb16,0.0010536337901414562,2956,scGPT
Gm13713,0.0010457557264588865,2957,scGPT
Ptcra,0.0010241988958550163,2958,scGPT
Ankrd34a,0.001011955076654373,2959,scGPT
Gm16958,0.0010102693668865498,2960,scGPT
Rnf112,0.001003044455660257,2961,scGPT
Tspan2os,0.0010019810730027103,2962,scGPT
Madcam1,0.0009499187611865776,2963,scGPT
Slc7a13,0.000942383770668689,2964,scGPT
Pcdhb10,0.0009391011308317573,2965,scGPT
Gm29157,0.0009281813673394261,2966,scGPT
Slc22a2,0.0008967227284419217,2967,scGPT
9530059O14Rik,0.0008746398033034582,2968,scGPT
4632428C04Rik,0.0008560731734976948,2969,scGPT
Grm8,0.0008312567169745112,2970,scGPT
Nox4,0.0008073096708486058,2971,scGPT
Iyd,0.0007935223312181762,2972,scGPT
Gm15879,0.0007797334488657119,2973,scGPT
Cck,0.0007785192382377031,2974,scGPT
Tnnt3,0.0007734993058558136,2975,scGPT
Kcnip4,0.0007594127669502562,2976,scGPT
Pcdhb5,0.0007527226865977888,2977,scGPT
Ablim3,0.000751854001516961,2978,scGPT
Reln,0.0007502823076410204,2979,scGPT
Efcab6,0.0007498260333192107,2980,scGPT
Gm4221,0.0007389014342189641,2981,scGPT
3300005D01Rik,0.0006818184317462792,2982,scGPT
Tac1,0.0006773274701650485,2983,scGPT
Atp6ap1l,0.0006765130547620298,2984,scGPT
Tspan1,0.0006396418763470343,2985,scGPT
Defb10,0.0006395263650754899,2986,scGPT
8030474K03Rik,0.0006351742409651264,2987,scGPT
Gdf5,0.0006334508965324903,2988,scGPT
Rhox5,0.0006331839123867363,2989,scGPT
Arf4os,0.0006206263667183145,2990,scGPT
Cldn7,0.0006069562481253127,2991,scGPT
Slc25a31,0.0005961104541518861,2992,scGPT
E330013P04Rik,0.0005866531931919376,2993,scGPT
Gm28322,0.000558508309912274,2994,scGPT
Mroh2a,0.0005403848055779808,2995,scGPT
Npm2,0.0005112186745154642,2996,scGPT
Alox8,0.0005077673046022475,2997,scGPT
Fam83a,0.0004671448372416968,2998,scGPT
1700124L16Rik,0.0004248477138234396,2999,scGPT
Gm43569,0.0004219974480787517,3000,scGPT
