gene,importance,rank,method
Gfap,0.03294509570303483,1,Geneformer
Actb,0.03220266105813677,2,Geneformer
Fbln5,0.03156631596354732,3,Geneformer
Adm,0.030668640498778484,4,Geneformer
Plat,0.030345651430420943,5,Geneformer
Angpt2,0.030318842540300667,6,Geneformer
Arg1,0.030262618727850406,7,Geneformer
Lcn2,0.030200701057247266,8,Geneformer
mt-Co3,0.02986905646758289,9,Geneformer
mt-Co1,0.029803864821216552,10,Geneformer
Gm2564,0.029664833162799668,11,Geneformer
Iigp1,0.029624793274966168,12,Geneformer
Mgp,0.02961151221017893,13,Geneformer
Ednrb,0.0296007520176943,14,Geneformer
Serpina3n,0.029381601243219185,15,Geneformer
mt-Nd1,0.028744082874576124,16,Geneformer
Car4,0.028726875304795167,17,Geneformer
Cxcl12,0.02855777627426546,18,Geneformer
Ackr1,0.02829717255847867,19,Geneformer
Lrg1,0.02791926245178714,20,Geneformer
Fth1,0.027777799521440043,21,Geneformer
8430408G22Rik,0.027744126064537637,22,Geneformer
Igfbp3,0.0275381789983505,23,Geneformer
Ifitm1,0.027432610943507036,24,Geneformer
Tgtp2,0.027117009534185808,25,Geneformer
Slc39a1,0.027099421637444186,26,Geneformer
Cd24a,0.027014979110531273,27,Geneformer
Cdkn1a,0.026963785416669096,28,Geneformer
AA467197,0.026939019989579645,29,Geneformer
Fos,0.026885069435537912,30,Geneformer
Ccl19,0.02688324636459224,31,Geneformer
Gbp4,0.026870378870694624,32,Geneformer
H2-Eb1,0.026777942687825886,33,Geneformer
Spp1,0.02658549599052713,34,Geneformer
Eln,0.026516417794414666,35,Geneformer
Mnda,0.026510350377011847,36,Geneformer
Meg3,0.026431772692972685,37,Geneformer
Timp1,0.026403948856042275,38,Geneformer
Tgtp1,0.026396960678629167,39,Geneformer
Ass1,0.026338107287035634,40,Geneformer
Nnat,0.02632824644037986,41,Geneformer
H2-Aa,0.026282161183848757,42,Geneformer
Igtp,0.026112918811703405,43,Geneformer
Pyhin1,0.026080135086658508,44,Geneformer
Stmn2,0.02607494017882229,45,Geneformer
Gpd1,0.026063422329119776,46,Geneformer
Ifi205,0.025953117789947484,47,Geneformer
Gm4955,0.025862095517590472,48,Geneformer
Rdh10,0.025841208651062597,49,Geneformer
H2-Ab1,0.02576712501572086,50,Geneformer
Igfbp6,0.025752891653500455,51,Geneformer
Il33,0.025741330525474476,52,Geneformer
Agt,0.02570979820696149,53,Geneformer
Cd72,0.0255491424322701,54,Geneformer
Slc6a13,0.025547590609820547,55,Geneformer
Il1rn,0.025519479051456528,56,Geneformer
Slc38a5,0.025465332134948098,57,Geneformer
Stc1,0.02526346651350182,58,Geneformer
Slc7a11,0.025239320854506447,59,Geneformer
Cfh,0.025223867464274758,60,Geneformer
Plac8,0.025133986709334047,61,Geneformer
Serpinb1a,0.025129009219249942,62,Geneformer
Ear2,0.025123797041798665,63,Geneformer
Anxa1,0.025123609297058987,64,Geneformer
mt-Nd4,0.0251164586516277,65,Geneformer
Cdh13,0.025076105833433456,66,Geneformer
Lpl,0.025016948551891363,67,Geneformer
Hmgcs2,0.02495771418285608,68,Geneformer
Tmsb10,0.02495541708749024,69,Geneformer
Kcnj8,0.024815118395700147,70,Geneformer
Ifit3,0.024805823366139915,71,Geneformer
Dbp,0.02480132705344939,72,Geneformer
Fabp7,0.024764880914167682,73,Geneformer
Apod,0.02475827705943926,74,Geneformer
Ly6i,0.024664309265902552,75,Geneformer
Sepp1,0.024573604348766966,76,Geneformer
Junb,0.024568746517213885,77,Geneformer
Dcn,0.024560658296823277,78,Geneformer
Ngp,0.024512277123206555,79,Geneformer
Gkn3,0.024400383882479042,80,Geneformer
Cd74,0.024394539012365584,81,Geneformer
Slc26a10,0.024365616272936947,82,Geneformer
Gbp2,0.024350105303060213,83,Geneformer
Emp1,0.024217604136810303,84,Geneformer
Ifi47,0.024129721750995377,85,Geneformer
Ifitm6,0.024042236246508347,86,Geneformer
Egfl8,0.02402640761778305,87,Geneformer
Mgst1,0.023983156508431375,88,Geneformer
Mt2,0.023956263812200437,89,Geneformer
Edn3,0.023954693185925944,90,Geneformer
Marcksl1,0.02383863775255252,91,Geneformer
Ch25h,0.023818649830961706,92,Geneformer
6330403K07Rik,0.02377361644400423,93,Geneformer
Klrd1,0.023729194952235234,94,Geneformer
Clec10a,0.023692203356916075,95,Geneformer
Retnlg,0.02368939445025619,96,Geneformer
Cybb,0.023672179460397253,97,Geneformer
Napsa,0.023644545651591287,98,Geneformer
Sirpb1c,0.023556784280731033,99,Geneformer
Acer2,0.023510192772043588,100,Geneformer
Ramp3,0.023409450583496746,101,Geneformer
Angptl4,0.023343187183583372,102,Geneformer
Fstl1,0.02332588250401367,103,Geneformer
Pi16,0.02332133990345987,104,Geneformer
Vwf,0.023245911046694268,105,Geneformer
Cp,0.023241325714689943,106,Geneformer
Ptn,0.02323853454023644,107,Geneformer
Slc6a20a,0.023236362314509585,108,Geneformer
Sdc4,0.023212387152237505,109,Geneformer
Wfdc21,0.023176511674498256,110,Geneformer
Ccl5,0.023170481259797197,111,Geneformer
Itgb7,0.023137989530179964,112,Geneformer
Fhl1,0.023122626942858205,113,Geneformer
Slc6a6,0.023077358070882466,114,Geneformer
Ccr2,0.023063908871297344,115,Geneformer
Ccl12,0.023051272792636482,116,Geneformer
Dok2,0.022955373770286915,117,Geneformer
Cd79b,0.022951374321747577,118,Geneformer
Apold1,0.022863701971614876,119,Geneformer
2810417H13Rik,0.022860496609011082,120,Geneformer
H2-DMb2,0.022859227455936694,121,Geneformer
Nupr1,0.022848224279439194,122,Geneformer
Ifi204,0.022833582011322778,123,Geneformer
Col8a1,0.022817456876678327,124,Geneformer
Ctla2a,0.022801208333955072,125,Geneformer
Pydc4,0.022757724633629045,126,Geneformer
Bmx,0.022681040949571265,127,Geneformer
S100a10,0.02266387489086184,128,Geneformer
Lgals3,0.022618390104166112,129,Geneformer
Notch2,0.022617400805112185,130,Geneformer
Adam8,0.022584662428336996,131,Geneformer
Bcl2a1d,0.02256611275749711,132,Geneformer
Plk2,0.02256004502587277,133,Geneformer
Ly6c2,0.022501314801576917,134,Geneformer
Col3a1,0.022500258153032297,135,Geneformer
Igfbp5,0.022429920889747962,136,Geneformer
Lyve1,0.0224148317197495,137,Geneformer
Ms4a4c,0.022332417182560006,138,Geneformer
Tubb6,0.02233025699741012,139,Geneformer
Adamts4,0.02227788855650448,140,Geneformer
Irgm1,0.0222750536495415,141,Geneformer
Rsad2,0.02227196659619597,142,Geneformer
Fxyd5,0.0221877340643381,143,Geneformer
Cdc42ep3,0.022175956674294166,144,Geneformer
Hapln2,0.022163904428045934,145,Geneformer
Cnn1,0.02213934410339114,146,Geneformer
Cd209a,0.02212877344199229,147,Geneformer
Ifit3b,0.022121010886811537,148,Geneformer
Mndal,0.022111881563963934,149,Geneformer
Abhd2,0.02210827576151076,150,Geneformer
Mt1,0.022082032744213775,151,Geneformer
Tm4sf1,0.02205524257824196,152,Geneformer
Cd9,0.022044085692077026,153,Geneformer
Myo1g,0.022040862353787643,154,Geneformer
Igfbp2,0.022034078055856783,155,Geneformer
Mgl2,0.0219441114107313,156,Geneformer
Ltb,0.02193953872022299,157,Geneformer
Phf11b,0.021920258452698543,158,Geneformer
Aldh1a1,0.021907825866072844,159,Geneformer
Nfkbia,0.02190280036367032,160,Geneformer
Gngt2,0.02189743206625787,161,Geneformer
AW112010,0.021895225421974623,162,Geneformer
Glul,0.02184793168758031,163,Geneformer
Plvap,0.02183791917640662,164,Geneformer
Clec4n,0.021837119289961834,165,Geneformer
Hcar2,0.021823869335009034,166,Geneformer
Pla1a,0.021805308235738317,167,Geneformer
Tmem176a,0.021796651168046927,168,Geneformer
Itih3,0.021776434899215533,169,Geneformer
Fgfbp1,0.021733857651724652,170,Geneformer
Chil3,0.02170844238239821,171,Geneformer
Eno3,0.021708200939644713,172,Geneformer
Dusp2,0.02169363291463986,173,Geneformer
Clec4b1,0.021687856314902804,174,Geneformer
Cxcl10,0.02164690444010955,175,Geneformer
Traf1,0.021608481257737865,176,Geneformer
F10,0.021596104368227478,177,Geneformer
S100a6,0.021579320790320673,178,Geneformer
Clec12a,0.021567929026437487,179,Geneformer
Ttyh2,0.021545389845814958,180,Geneformer
Cytip,0.021543936306595964,181,Geneformer
Tnf,0.021521691209112688,182,Geneformer
Fcgr4,0.021512234882248415,183,Geneformer
Igfbp4,0.02149568984572749,184,Geneformer
Cxcl16,0.02147096890116427,185,Geneformer
Tmem176b,0.021464012855907676,186,Geneformer
Lilr4b,0.02145260691859917,187,Geneformer
Anln,0.021446563925834508,188,Geneformer
Ifit1,0.021413653937098025,189,Geneformer
Vcam1,0.021397716995487023,190,Geneformer
Fabp5,0.02139496938957843,191,Geneformer
Cyr61,0.02139230213788058,192,Geneformer
Hist1h2ap,0.021376482877300453,193,Geneformer
Hspa1a,0.02134164126706909,194,Geneformer
Phlda1,0.021331359060327494,195,Geneformer
Msr1,0.021323369437981257,196,Geneformer
Lpar1,0.021301807112515028,197,Geneformer
Gpr182,0.02129438225395157,198,Geneformer
Isg15,0.021292679765589073,199,Geneformer
Ifi203,0.021285894894879788,200,Geneformer
G0s2,0.021277002510522152,201,Geneformer
Mmp8,0.021250637586221387,202,Geneformer
Cd177,0.021233491414983905,203,Geneformer
Scgb3a1,0.021225290922067323,204,Geneformer
Hrct1,0.02122215206334796,205,Geneformer
Ier3,0.021167759704947615,206,Geneformer
Gm694,0.021163667930055283,207,Geneformer
Gpr84,0.02112890451755374,208,Geneformer
Gm9733,0.021109682762374377,209,Geneformer
Fbln2,0.021083551878746554,210,Geneformer
Tmem252,0.021065766168165932,211,Geneformer
Mal,0.02106224278891709,212,Geneformer
Phf11a,0.021052663379912812,213,Geneformer
Edn1,0.02103420446892477,214,Geneformer
Atp13a5,0.021030553116470882,215,Geneformer
Apoe,0.02099078494384326,216,Geneformer
Plpp1,0.020961410889608966,217,Geneformer
Cfp,0.020957941561735405,218,Geneformer
Klrk1,0.020943391949909955,219,Geneformer
Fabp4,0.020924994929001264,220,Geneformer
Clec4e,0.02091326504527187,221,Geneformer
Colec12,0.020882652607075287,222,Geneformer
Ptgis,0.020861787193585907,223,Geneformer
Mmp9,0.020708541597227025,224,Geneformer
Gatm,0.020701558124514838,225,Geneformer
Plaur,0.02069984747016424,226,Geneformer
Ccl9,0.020698095491944523,227,Geneformer
Slc4a10,0.020692045529910358,228,Geneformer
Pdpn,0.020554147776586856,229,Geneformer
Nov,0.02052571714887183,230,Geneformer
Rgcc,0.02051318333115287,231,Geneformer
Rrm2,0.020394398232302765,232,Geneformer
Lmcd1,0.02038938619525474,233,Geneformer
S100a4,0.02032181208631411,234,Geneformer
Gadd45b,0.020288703519369594,235,Geneformer
Olfr558,0.020287840656779386,236,Geneformer
Btg2,0.02028755306504273,237,Geneformer
Tuba1a,0.020273374739936897,238,Geneformer
Camp,0.020161967922056632,239,Geneformer
Fbxl22,0.02013477148955723,240,Geneformer
Ptprcap,0.020131156958804828,241,Geneformer
Pdcd4,0.020099389387050977,242,Geneformer
5430416O09Rik,0.020086142171637664,243,Geneformer
Tubb3,0.020084972201538914,244,Geneformer
Il1b,0.020077886180302665,245,Geneformer
Slco3a1,0.020070921470474394,246,Geneformer
Crispld2,0.020034479989787742,247,Geneformer
Tnfrsf12a,0.020016326591788904,248,Geneformer
Phf11d,0.020006344146688514,249,Geneformer
Pid1,0.019995238083834466,250,Geneformer
Ccnd2,0.01999094884678472,251,Geneformer
Tgm2,0.01998231782059476,252,Geneformer
Ifitm3,0.019968531299585212,253,Geneformer
Ecscr,0.019960058088158327,254,Geneformer
Thbs1,0.019939561568532528,255,Geneformer
Bmp7,0.019937878550784202,256,Geneformer
Kdm6b,0.019924188179781675,257,Geneformer
Sell,0.019908559029543475,258,Geneformer
Hbegf,0.019908136865378127,259,Geneformer
Spry2,0.019892471557991717,260,Geneformer
Slc43a3,0.01988016953000098,261,Geneformer
Cst7,0.019847457638984135,262,Geneformer
Il1r2,0.01979802590882657,263,Geneformer
H2-Q7,0.019796726089733152,264,Geneformer
Nr4a1,0.019775920114675,265,Geneformer
Sirpb1b,0.019710720491960067,266,Geneformer
Pilra,0.019710575405786242,267,Geneformer
Hdc,0.01970418253109228,268,Geneformer
Dpep2,0.019690730588231956,269,Geneformer
Prss23,0.01967338967907816,270,Geneformer
Gm5150,0.019667067189503343,271,Geneformer
Psmb8,0.019665077568230018,272,Geneformer
Mdk,0.019650845403104238,273,Geneformer
Meox1,0.019646004131772372,274,Geneformer
Emcn,0.019615096574193372,275,Geneformer
Smim5,0.019601134101456225,276,Geneformer
Aebp1,0.01959134718933514,277,Geneformer
Nrp1,0.01955322695896447,278,Geneformer
Gria2,0.01953006548878887,279,Geneformer
Gbp3,0.019521624294283658,280,Geneformer
Stmn1,0.01951691639595941,281,Geneformer
Mfap2,0.01950971669253174,282,Geneformer
Cks1b,0.01950606327264789,283,Geneformer
Serping1,0.019501060144066256,284,Geneformer
Cd63,0.019487672581408613,285,Geneformer
Plbd1,0.019474088958028348,286,Geneformer
Emb,0.019466580533995997,287,Geneformer
Nfia,0.019459779358865135,288,Geneformer
Bcl2a1a,0.01943275809943906,289,Geneformer
Ecm1,0.019432367714684998,290,Geneformer
Timp3,0.01942339752133675,291,Geneformer
Lgals1,0.019369639267337976,292,Geneformer
Cd300lg,0.019365531195722572,293,Geneformer
Tppp3,0.019360678312698304,294,Geneformer
Lum,0.019349039950087236,295,Geneformer
Cd200,0.01931228290625383,296,Geneformer
Pglyrp1,0.019301163224519215,297,Geneformer
Fxyd6,0.019288936480312838,298,Geneformer
Ctgf,0.019250452208852777,299,Geneformer
Trem3,0.01923822810585691,300,Geneformer
Net1,0.0192313230191143,301,Geneformer
Cited2,0.019229198332933847,302,Geneformer
Ptprr,0.01920770894075176,303,Geneformer
Slc22a8,0.019191481389702614,304,Geneformer
Sod3,0.019191460595554273,305,Geneformer
Adgre4,0.0191835835623275,306,Geneformer
P2ry14,0.01918325710663926,307,Geneformer
S100a9,0.019178177534797183,308,Geneformer
Il1r1,0.01917676590009257,309,Geneformer
Ercc1,0.019153617921959947,310,Geneformer
Cdk1,0.019135104080944047,311,Geneformer
Adamts9,0.01912027741434511,312,Geneformer
Srxn1,0.019115737928642677,313,Geneformer
Lyz2,0.019101236312192425,314,Geneformer
Cd244,0.019085896001916406,315,Geneformer
Prdx1,0.01908245450211902,316,Geneformer
Gpr171,0.019066974065464107,317,Geneformer
Id2,0.01904156321571973,318,Geneformer
Hs3st1,0.019040773510850262,319,Geneformer
Pdlim1,0.019029643485209625,320,Geneformer
Capg,0.01902590795858072,321,Geneformer
Ftl1,0.01901670262088543,322,Geneformer
Irg1,0.019005413877533826,323,Geneformer
Gsn,0.018985865210390203,324,Geneformer
Cd36,0.018977885468525295,325,Geneformer
Nkg7,0.01896052193383387,326,Geneformer
Dnajb1,0.018955740378504858,327,Geneformer
Anxa2,0.018947165344942694,328,Geneformer
Cd79a,0.01893622291486109,329,Geneformer
Ccl4,0.018923424604157208,330,Geneformer
Glipr2,0.01892137681856209,331,Geneformer
Ly6g,0.018918443755695284,332,Geneformer
Clec14a,0.0189051924332024,333,Geneformer
Cmbl,0.018889398359709122,334,Geneformer
Lrrc32,0.01886503380167548,335,Geneformer
Cyp4f18,0.01879203784827173,336,Geneformer
Lst1,0.018789181167949462,337,Geneformer
Mif,0.018787624012323163,338,Geneformer
Tlr2,0.018768535506569418,339,Geneformer
Pmp22,0.01876309955769787,340,Geneformer
Cd59a,0.01872879736203378,341,Geneformer
Il34,0.018728148696726798,342,Geneformer
Clec4d,0.018722630078968683,343,Geneformer
Atf3,0.018711785259210842,344,Geneformer
Pi15,0.01869512528925601,345,Geneformer
Lsp1,0.018675070421477365,346,Geneformer
Acp5,0.018663749300102228,347,Geneformer
Rgs1,0.018662047417213386,348,Geneformer
Neat1,0.018655055153523795,349,Geneformer
H2-Q10,0.01865440583032088,350,Geneformer
B930036N10Rik,0.018642827226969017,351,Geneformer
Fn1,0.018624576414290567,352,Geneformer
Rnf128,0.018616650840572607,353,Geneformer
Bst1,0.01860529773712108,354,Geneformer
Cd83,0.01859952951639335,355,Geneformer
S100b,0.018573836714562142,356,Geneformer
Cygb,0.018555315416371586,357,Geneformer
Vtn,0.01852564672044755,358,Geneformer
Cstb,0.018496073727483436,359,Geneformer
Ccrl2,0.018491634106268858,360,Geneformer
Zbp1,0.018486682916386096,361,Geneformer
Rtn1,0.01847900886628001,362,Geneformer
Gm5424,0.018472816198171337,363,Geneformer
Mfsd2a,0.01847117989567867,364,Geneformer
Mall,0.018451246716753078,365,Geneformer
Gpc3,0.0184476406493384,366,Geneformer
Gm9946,0.018445562865106357,367,Geneformer
Pcolce,0.018439403664474132,368,Geneformer
Adamts1,0.018438692752445234,369,Geneformer
Prelp,0.018434138881168575,370,Geneformer
Atp1a2,0.01842579306373107,371,Geneformer
Ms4a4b,0.01842468279938195,372,Geneformer
Etnppl,0.01842293724266747,373,Geneformer
Amica1,0.018418674272963943,374,Geneformer
Clec4a1,0.01841846960021543,375,Geneformer
Mmp12,0.018400835236295068,376,Geneformer
Il6,0.0184005294689063,377,Geneformer
Ppp1r15a,0.018394975535208646,378,Geneformer
Dbn1,0.018386039984827636,379,Geneformer
Opalin,0.018375514125023404,380,Geneformer
Art3,0.018358254345331674,381,Geneformer
Ifi27l2a,0.018355995170541036,382,Geneformer
Ccl7,0.018345052435552338,383,Geneformer
Usp50,0.01834255468964746,384,Geneformer
Socs3,0.0183294189514493,385,Geneformer
Matn2,0.018327626056106976,386,Geneformer
Folr2,0.018307282197207633,387,Geneformer
Glrx,0.01830537884093972,388,Geneformer
Bmp2k,0.01830165653167697,389,Geneformer
Sparcl1,0.018296543852439347,390,Geneformer
Gadd45g,0.01828623045168944,391,Geneformer
Itih5,0.018260748823297368,392,Geneformer
Hist2h2aa1,0.01826046412921062,393,Geneformer
Vwa1,0.018253196384455404,394,Geneformer
Slc16a1,0.018251785396616947,395,Geneformer
Nr4a2,0.01824763895761828,396,Geneformer
Gas6,0.01823654901431671,397,Geneformer
Sdc1,0.01823325388599432,398,Geneformer
Gpx3,0.018164810876176576,399,Geneformer
Ltf,0.01815221958459594,400,Geneformer
Plscr2,0.018128671024588684,401,Geneformer
Phactr3,0.018115647114411593,402,Geneformer
Hey1,0.01810728009414016,403,Geneformer
Serpini1,0.018101562788229983,404,Geneformer
Sirpb1a,0.018083831092575702,405,Geneformer
Rasd1,0.018082431309627552,406,Geneformer
Cks2,0.018069646387387412,407,Geneformer
Tgfbi,0.01804702380896773,408,Geneformer
Thrsp,0.018040103711617142,409,Geneformer
Asf1b,0.018031249345341612,410,Geneformer
Wfdc17,0.01800729946249411,411,Geneformer
Esd,0.018003211800769796,412,Geneformer
Gbp5,0.0180019214064341,413,Geneformer
H2-DMb1,0.018001368258192648,414,Geneformer
Clec4a2,0.017991449396473277,415,Geneformer
Qpct,0.017988185670541005,416,Geneformer
Ankrd37,0.01798170298968607,417,Geneformer
Cxcr2,0.017951262200614507,418,Geneformer
S100a8,0.01794570459613286,419,Geneformer
Rgs5,0.017943385459229796,420,Geneformer
Ptafr,0.017933345797267842,421,Geneformer
Itgal,0.017933070669342008,422,Geneformer
Sdf2l1,0.017917124507024818,423,Geneformer
Egr1,0.01790753035416267,424,Geneformer
Klk6,0.017903362488041627,425,Geneformer
Igf1,0.017866552786349316,426,Geneformer
Gstm1,0.017859293003578053,427,Geneformer
Ms4a7,0.017853261917079793,428,Geneformer
Efemp1,0.017830717408402228,429,Geneformer
Kcnn4,0.01781284153020864,430,Geneformer
Ms4a8a,0.01780853650178957,431,Geneformer
Tmem45a,0.01780537383557859,432,Geneformer
Crlf1,0.017799722837755966,433,Geneformer
Actn1,0.017789198591109792,434,Geneformer
Gm10116,0.01778729041050886,435,Geneformer
Rnase6,0.017786440806946597,436,Geneformer
Klra2,0.01777852916173334,437,Geneformer
Serpinh1,0.017766101070957874,438,Geneformer
Upp1,0.017764123211971412,439,Geneformer
Arl5c,0.017762434242160702,440,Geneformer
Uchl1,0.017760201086391668,441,Geneformer
Cxcl2,0.01775266401793384,442,Geneformer
Wnt5a,0.017749830959452484,443,Geneformer
Polr2l,0.017744953536934383,444,Geneformer
Rnd1,0.01774457392149071,445,Geneformer
Fkbp1a,0.01774213272240108,446,Geneformer
Ifit2,0.017739246913751526,447,Geneformer
Alpl,0.01773644367859897,448,Geneformer
Pkib,0.017735726535844806,449,Geneformer
Frzb,0.017727805517489936,450,Geneformer
Smpdl3a,0.017722705404258597,451,Geneformer
Gm26802,0.017716042781062605,452,Geneformer
Myc,0.01769502729297552,453,Geneformer
Slc6a9,0.017685990342799107,454,Geneformer
Gimap4,0.017676611381201045,455,Geneformer
F13a1,0.017654386335252188,456,Geneformer
Nr2f2,0.017652111465147217,457,Geneformer
Fgl2,0.017649699428701173,458,Geneformer
Cav1,0.017646076521840304,459,Geneformer
Birc5,0.01763547884567776,460,Geneformer
Bhlhe41,0.017615539864526873,461,Geneformer
Slc13a4,0.017589277742541057,462,Geneformer
Lbp,0.017587557257330074,463,Geneformer
Higd1b,0.017586902034311014,464,Geneformer
Ccl6,0.01758251105878948,465,Geneformer
Scrg1,0.017557946674678415,466,Geneformer
Cpe,0.017544534795294452,467,Geneformer
Ptgs2,0.017532479221120906,468,Geneformer
Fam167b,0.01751159315426499,469,Geneformer
Nrip2,0.01750852337259547,470,Geneformer
Ccl11,0.017500658955309077,471,Geneformer
Tfrc,0.01748879806809367,472,Geneformer
Clec4a3,0.017482372711546453,473,Geneformer
Clu,0.017467239401019432,474,Geneformer
Cd52,0.017463565748097393,475,Geneformer
Ninj1,0.017453724020651727,476,Geneformer
Adrbk2,0.01742728960393969,477,Geneformer
Crip1,0.01742669818784221,478,Geneformer
Mgll,0.01740122338745161,479,Geneformer
Top2a,0.017401073644026942,480,Geneformer
C4b,0.01739684539984045,481,Geneformer
Vcan,0.017374255064739483,482,Geneformer
Itm2a,0.017369593297567085,483,Geneformer
Cd93,0.017359660907030408,484,Geneformer
Dab2,0.017344347045210578,485,Geneformer
Hsd11b1,0.017327589448124882,486,Geneformer
Hmgb2,0.017313540424916188,487,Geneformer
Ctsl,0.017310943983201734,488,Geneformer
A2m,0.017268425335505454,489,Geneformer
Ms4a6c,0.017263628747578696,490,Geneformer
Paqr6,0.017233374756302017,491,Geneformer
Pln,0.0172294984901405,492,Geneformer
Thbd,0.017227041661480157,493,Geneformer
Ptprb,0.017213585630170714,494,Geneformer
S100a11,0.01720510478173732,495,Geneformer
Gapdh,0.01720395285592199,496,Geneformer
Rab7b,0.017202172018828753,497,Geneformer
Slamf7,0.01719495931066741,498,Geneformer
Rnase4,0.017190845489913516,499,Geneformer
Chil1,0.017184957025293598,500,Geneformer
Srgn,0.017176211066095706,501,Geneformer
Scimp,0.0171432666898229,502,Geneformer
Tnfaip2,0.017136567144879263,503,Geneformer
Atp1b1,0.017127007185759657,504,Geneformer
Cyp7b1,0.017115065621481063,505,Geneformer
Axl,0.017113043663143427,506,Geneformer
Ogn,0.01709858818848653,507,Geneformer
Ly6d,0.01709089149481907,508,Geneformer
Ifitm2,0.01708748394406895,509,Geneformer
2200002D01Rik,0.01705766848070911,510,Geneformer
Mrc1,0.017051668952343883,511,Geneformer
Slco1a4,0.017051053444676233,512,Geneformer
Cd69,0.01704962680159378,513,Geneformer
Pf4,0.017046767603342037,514,Geneformer
Gm2a,0.0170447609263546,515,Geneformer
Slc6a11,0.01703188487259419,516,Geneformer
Taldo1,0.01702836859532452,517,Geneformer
Perp,0.01700430901319392,518,Geneformer
Cd300lf,0.017001421955388934,519,Geneformer
Fbln1,0.016994292584919544,520,Geneformer
Fscn1,0.016980168465907632,521,Geneformer
Pcsk1n,0.01697821214168136,522,Geneformer
Tmem100,0.016965196409724555,523,Geneformer
Sat1,0.016964746496353537,524,Geneformer
Hebp1,0.01696206008038465,525,Geneformer
Cped1,0.016959877309858016,526,Geneformer
Ccl2,0.01692880662727223,527,Geneformer
Glipr1,0.016925496283883717,528,Geneformer
Cd300a,0.016916842528531737,529,Geneformer
Dpysl2,0.016914067259760576,530,Geneformer
Il11,0.016904439317727952,531,Geneformer
Sod2,0.01690095744667796,532,Geneformer
Emp3,0.016895324584312515,533,Geneformer
Il4ra,0.016893772741116152,534,Geneformer
Col18a1,0.016891674530768962,535,Geneformer
Icam1,0.016871406448965856,536,Geneformer
Cdca8,0.016852859437343323,537,Geneformer
Kazald1,0.016846616501874072,538,Geneformer
Ephx3,0.016844547631764246,539,Geneformer
AU021092,0.016844347299586074,540,Geneformer
Spon1,0.016839031975705254,541,Geneformer
Kctd14,0.01683639332702148,542,Geneformer
Ace2,0.016826847275125054,543,Geneformer
Cdk19,0.016823379387425893,544,Geneformer
Lmo4,0.016812681467862665,545,Geneformer
C5ar1,0.016808269038878092,546,Geneformer
Sept4,0.016788276648500876,547,Geneformer
Igf2,0.016777215429197585,548,Geneformer
Pllp,0.016774550495338467,549,Geneformer
Lmna,0.01676938499058794,550,Geneformer
Vim,0.016757962849912027,551,Geneformer
Pdlim4,0.016751116614096076,552,Geneformer
Vegfc,0.016748868007333443,553,Geneformer
Rcan1,0.016741908811732504,554,Geneformer
Hilpda,0.016741308889596327,555,Geneformer
Slc16a11,0.016738979648391675,556,Geneformer
Cd300ld,0.016725299044116737,557,Geneformer
Slamf9,0.016701228512435752,558,Geneformer
H2-DMa,0.016691049943689692,559,Geneformer
Ctsd,0.01666645387124654,560,Geneformer
Col4a1,0.016660695299458163,561,Geneformer
Ltb4r1,0.016657844568323595,562,Geneformer
Apln,0.01665667271582906,563,Geneformer
Sema3c,0.016642047976799145,564,Geneformer
Rbp1,0.016638391001257812,565,Geneformer
Cthrc1,0.01661697264639113,566,Geneformer
Clec5a,0.01659860358162447,567,Geneformer
BC051019,0.016594239006158352,568,Geneformer
Emp2,0.01659201191143699,569,Geneformer
Pam,0.016576586426906237,570,Geneformer
H2-Q6,0.0165745331534706,571,Geneformer
Plscr1,0.016547940104602143,572,Geneformer
Dusp5,0.0165430969681344,573,Geneformer
Sgk1,0.01654154249978441,574,Geneformer
Ncam1,0.016528066451700112,575,Geneformer
Gm3764,0.01652753973237095,576,Geneformer
Serpinf1,0.016515100587029968,577,Geneformer
Grrp1,0.01651253369982924,578,Geneformer
Hspe1,0.016492927182196762,579,Geneformer
Cdkn2b,0.016477144630037143,580,Geneformer
Bcl2a1b,0.016475629749523373,581,Geneformer
Irf7,0.01646499064208538,582,Geneformer
Hmcn1,0.016462162594992932,583,Geneformer
Bnip3,0.01644891113999364,584,Geneformer
Ccl3,0.01644710680497555,585,Geneformer
Npl,0.016444250329680988,586,Geneformer
Hp,0.016436925728713133,587,Geneformer
Lilrb4a,0.016430445977795024,588,Geneformer
Bgn,0.016418697649575074,589,Geneformer
Sh3bgr,0.016415670464740063,590,Geneformer
Nrarp,0.01640427193695227,591,Geneformer
Ndufa4l2,0.016400410078316413,592,Geneformer
Slfn1,0.016399234080552976,593,Geneformer
Bex2,0.016392598706662584,594,Geneformer
Fam101b,0.01639214863978976,595,Geneformer
Ifi30,0.016387111324768923,596,Geneformer
Hmox1,0.01638265216845457,597,Geneformer
Ddah1,0.016374749918575016,598,Geneformer
Akap12,0.01636951578973966,599,Geneformer
Cd163,0.016355345558071162,600,Geneformer
Ace,0.01635296249695773,601,Geneformer
Nebl,0.0163474644714972,602,Geneformer
Slc7a1,0.01634594967782785,603,Geneformer
Trf,0.01634454382932204,604,Geneformer
1810011O10Rik,0.016341900118818697,605,Geneformer
Lbh,0.016327316500082584,606,Geneformer
Slc19a1,0.01631662464090265,607,Geneformer
Ccl22,0.016301718542447354,608,Geneformer
Rad54b,0.016266658299416918,609,Geneformer
Tgfb2,0.016258724995599747,610,Geneformer
Pdgfa,0.01625654054633343,611,Geneformer
Slfn4,0.01625394483158666,612,Geneformer
Tinagl1,0.016253358511651824,613,Geneformer
Igfbp7,0.01625224774713252,614,Geneformer
Amd1,0.016251522761914616,615,Geneformer
Plin2,0.016247171073915528,616,Geneformer
Abcc9,0.01624085108157129,617,Geneformer
Tshz2,0.016226056538687382,618,Geneformer
Cd44,0.01617831217382444,619,Geneformer
Asb2,0.016174767559637888,620,Geneformer
Syngr1,0.016167254746320886,621,Geneformer
Lypd1,0.016152162463470114,622,Geneformer
Ccl17,0.016141435807566135,623,Geneformer
Cd14,0.01614062582668848,624,Geneformer
Ptgds,0.01614049487248315,625,Geneformer
Casq2,0.016136584378114213,626,Geneformer
Cit,0.016134259041042123,627,Geneformer
Serpine2,0.0161287848799287,628,Geneformer
Dclk1,0.016124902049261595,629,Geneformer
Il4i1,0.0161234189822456,630,Geneformer
Ppp1r3g,0.016116589692308732,631,Geneformer
Slc40a1,0.016115376472896858,632,Geneformer
Sphk1,0.01608942458504527,633,Geneformer
Oasl1,0.016086899526786623,634,Geneformer
Ms4a6d,0.016085849454628865,635,Geneformer
Pim1,0.01605219764112975,636,Geneformer
Slc16a3,0.016048736440866712,637,Geneformer
Mcm5,0.016046642493978802,638,Geneformer
Pfkp,0.01603935363316125,639,Geneformer
Ms4a6b,0.016030832544467435,640,Geneformer
Hmgn2,0.01601306724836884,641,Geneformer
Ehd4,0.01601225663694414,642,Geneformer
Fmo2,0.016003429980756257,643,Geneformer
Cd274,0.015989301523247266,644,Geneformer
Selenbp1,0.015987301968664158,645,Geneformer
Usp18,0.015986302724567105,646,Geneformer
Sncg,0.015984779475510948,647,Geneformer
Mrps6,0.01598234005046838,648,Geneformer
Tmod1,0.015969277103605822,649,Geneformer
Col1a2,0.01594661593853923,650,Geneformer
Hmga1,0.015934399948661672,651,Geneformer
Spint2,0.015913526382306642,652,Geneformer
Cbr2,0.015911361769976533,653,Geneformer
Nostrin,0.015904446383018328,654,Geneformer
Scg5,0.015902186781237847,655,Geneformer
Col4a2,0.01589666776947657,656,Geneformer
Pilrb2,0.015894616385922912,657,Geneformer
Prr13,0.015894257495064498,658,Geneformer
Gda,0.01587758619025034,659,Geneformer
Sema3g,0.015875725109991686,660,Geneformer
Cdkn1c,0.01587472391540156,661,Geneformer
Pla2g7,0.01585257450998735,662,Geneformer
Gm12840,0.01584225214879186,663,Geneformer
Enah,0.01582688382872976,664,Geneformer
Ndn,0.015819761236404727,665,Geneformer
Adssl1,0.015811949709059952,666,Geneformer
Gjb6,0.01580296286778687,667,Geneformer
Hspa1b,0.015790802952441573,668,Geneformer
Gdf15,0.01578710437342077,669,Geneformer
Lmnb1,0.01577665899367303,670,Geneformer
Rnd3,0.015776624601222408,671,Geneformer
Tspan15,0.01577407137886758,672,Geneformer
Gja1,0.015772072482784717,673,Geneformer
Aqp4,0.015771671533349334,674,Geneformer
Insc,0.015728971939328474,675,Geneformer
Tsc22d1,0.015722326528660124,676,Geneformer
Ndnf,0.0157171894563012,677,Geneformer
Ltbp4,0.015712872574407618,678,Geneformer
Ramp1,0.015709840130482645,679,Geneformer
Cox4i2,0.015704366112282965,680,Geneformer
Bcas3,0.01569977209188227,681,Geneformer
Ccdc109b,0.015695960492034776,682,Geneformer
Per3,0.01568514462573606,683,Geneformer
Ntf3,0.015680833908563167,684,Geneformer
Fpr2,0.015676419337582827,685,Geneformer
Ddit4l,0.01567558537655845,686,Geneformer
Saa3,0.015670152872238982,687,Geneformer
Gper1,0.015617740197062076,688,Geneformer
Sox17,0.015615898118596004,689,Geneformer
Serpine1,0.015596744340621298,690,Geneformer
Hspa2,0.015585814221175127,691,Geneformer
Prtn3,0.01556788708969457,692,Geneformer
Fmo1,0.01556169392384165,693,Geneformer
Brinp3,0.01556033871661913,694,Geneformer
Cycs,0.015554003316712039,695,Geneformer
Kcnk2,0.015539019753870915,696,Geneformer
Fbxo2,0.015507064892036257,697,Geneformer
Fam13a,0.015501022712215236,698,Geneformer
Tubb2a,0.015498794732249277,699,Geneformer
Hist1h2bc,0.015490171422648146,700,Geneformer
Rac2,0.015485069809791413,701,Geneformer
Osm,0.015484762304146039,702,Geneformer
Gsr,0.015484192501950395,703,Geneformer
Rasl10b,0.015479555749820588,704,Geneformer
Lgi1,0.015468546136357836,705,Geneformer
Blvrb,0.01546696297267547,706,Geneformer
Crim1,0.015449453610564054,707,Geneformer
Kdr,0.015445700830523332,708,Geneformer
Rmst,0.015439145892015619,709,Geneformer
Ndufa4,0.015437415963796974,710,Geneformer
Slc30a10,0.015435503748651174,711,Geneformer
Naaa,0.015413784398396068,712,Geneformer
Gstt1,0.015401350062143982,713,Geneformer
Eps8l2,0.01539736345301653,714,Geneformer
Hspa5,0.015396116201538303,715,Geneformer
Col13a1,0.01537994608217359,716,Geneformer
Trp53i11,0.015374462838706927,717,Geneformer
Pgf,0.015374281944292892,718,Geneformer
Ccl24,0.015372834166348853,719,Geneformer
Nkain4,0.015363839989869196,720,Geneformer
Prrx1,0.015362979517386828,721,Geneformer
Cd38,0.015361263115895534,722,Geneformer
Insig1,0.015332369709888138,723,Geneformer
Adap2os,0.015310541697670196,724,Geneformer
Rspo3,0.015305690972589716,725,Geneformer
Etv1,0.015300956798268418,726,Geneformer
Tbx3os1,0.015296397777117537,727,Geneformer
Plpp3,0.01526877483620883,728,Geneformer
Gm5127,0.015257292043206064,729,Geneformer
Gsto1,0.015243068632207295,730,Geneformer
Gclm,0.015238871070601333,731,Geneformer
Csrp2,0.015231764490331964,732,Geneformer
Marcks,0.015225471903596847,733,Geneformer
H2-Ob,0.015216234120066494,734,Geneformer
Mest,0.015215837157722518,735,Geneformer
Slpi,0.015214347451314465,736,Geneformer
Sorbs2,0.015213596972704828,737,Geneformer
Litaf,0.015211120104730342,738,Geneformer
Ctsb,0.015205958518420487,739,Geneformer
Pld3,0.015199519520993406,740,Geneformer
Nfkbiz,0.015181759982740127,741,Geneformer
Msmo1,0.015161027485759352,742,Geneformer
Tubb2b,0.01516007705177472,743,Geneformer
Actg2,0.015142995083091955,744,Geneformer
Zfp691,0.015139783734982872,745,Geneformer
Pmaip1,0.015135291926259207,746,Geneformer
Slc1a1,0.015126711829183544,747,Geneformer
Il1f9,0.01511917586432843,748,Geneformer
Chst2,0.015107917030860035,749,Geneformer
Palld,0.015107823810848298,750,Geneformer
Spint1,0.015093503192499717,751,Geneformer
Phgdh,0.015093177543265767,752,Geneformer
Arhgap15,0.015088579176490998,753,Geneformer
Rem1,0.015088354734500075,754,Geneformer
Hist1h1c,0.015088025692751713,755,Geneformer
Prune2,0.015075336241681168,756,Geneformer
Vstm4,0.015062576434706055,757,Geneformer
Pdgfra,0.015057877548931009,758,Geneformer
Epsti1,0.015050907459361943,759,Geneformer
Osgin1,0.015046365736860778,760,Geneformer
Pex5l,0.015046137411100405,761,Geneformer
Csf1,0.015028371893568128,762,Geneformer
Arhgdib,0.015024220088261975,763,Geneformer
Cntfr,0.01502300159869984,764,Geneformer
Itgam,0.015019776166856567,765,Geneformer
Mx1,0.015009560979073288,766,Geneformer
Ly6c1,0.014998051533840786,767,Geneformer
Eno1,0.014992256034790265,768,Geneformer
Gsta4,0.01498880063819331,769,Geneformer
Atp5e,0.014986341335891983,770,Geneformer
Gde1,0.014979584461348904,771,Geneformer
Kcne4,0.014977460918878185,772,Geneformer
Ntm,0.014966245641165369,773,Geneformer
Atp5l,0.014961634367518526,774,Geneformer
Mthfd2,0.014960244763385979,775,Geneformer
Cdk6,0.014956709134531848,776,Geneformer
Creg1,0.0149483540370698,777,Geneformer
Flrt2,0.014947633198869957,778,Geneformer
Tnfrsf9,0.014936785579223722,779,Geneformer
Lilra5,0.014935640172590551,780,Geneformer
Kcna5,0.014930985546131731,781,Geneformer
Id1,0.0149308348319615,782,Geneformer
Car14,0.014920183895914515,783,Geneformer
Dbi,0.014898091101601101,784,Geneformer
Spock3,0.014884940771783699,785,Geneformer
Ggt1,0.014874758350256248,786,Geneformer
Jag1,0.014873430486416428,787,Geneformer
Gpr141,0.01486091618768828,788,Geneformer
Fxyd1,0.014850064677423766,789,Geneformer
Gpr65,0.014839593008212306,790,Geneformer
Rgs16,0.014839517563423197,791,Geneformer
Slc22a4,0.014834484358128064,792,Geneformer
Htra3,0.01482385348241377,793,Geneformer
Slc22a17,0.014813761735388056,794,Geneformer
Pygl,0.014812543540523146,795,Geneformer
Uap1l1,0.014798337423968735,796,Geneformer
Adap2,0.014794890022264306,797,Geneformer
Gla,0.014790566078844778,798,Geneformer
Alox5ap,0.014787435667576862,799,Geneformer
Steap1,0.014780951704502816,800,Geneformer
1700047M11Rik,0.014766674162354162,801,Geneformer
Tma16,0.01476441605013596,802,Geneformer
Oas1a,0.014763574654059681,803,Geneformer
Gm12002,0.014761089336218579,804,Geneformer
Col1a1,0.014755377335461613,805,Geneformer
Ndrg1,0.01475416967938659,806,Geneformer
Rgs18,0.014753452745233604,807,Geneformer
Pde4d,0.014752215273831606,808,Geneformer
Id4,0.014741185510279824,809,Geneformer
Gm14964,0.014735780568745553,810,Geneformer
Sqle,0.014726822897056551,811,Geneformer
Prlr,0.014726723817206395,812,Geneformer
Rap2b,0.014723457930853348,813,Geneformer
Samsn1,0.014708172243866158,814,Geneformer
Clasp2,0.014703711660135482,815,Geneformer
Islr,0.014698548400913225,816,Geneformer
Synm,0.014697030649188666,817,Geneformer
Cd302,0.014691859125514713,818,Geneformer
Rasl11a,0.014690738950064078,819,Geneformer
Timp4,0.01468676648590515,820,Geneformer
Ctsw,0.014670913423253003,821,Geneformer
Ly6a,0.014664976783257972,822,Geneformer
Ackr3,0.014663652632360745,823,Geneformer
Tnik,0.014653695222730394,824,Geneformer
Tgfb3,0.014636383785066464,825,Geneformer
Gpr132,0.014631754439894517,826,Geneformer
Pantr1,0.014624911563097661,827,Geneformer
Fhl2,0.014615085051219268,828,Geneformer
Uqcr11,0.014613055718324585,829,Geneformer
Gpihbp1,0.014587192287886658,830,Geneformer
Dkk3,0.014585687161347767,831,Geneformer
Car2,0.014580104253294795,832,Geneformer
Tmeff2,0.01457904177298608,833,Geneformer
Ccr1,0.01456388156861714,834,Geneformer
Fam43a,0.01455477439288394,835,Geneformer
Itga5,0.014553222277881514,836,Geneformer
Car13,0.01454343395298538,837,Geneformer
Rasgrp2,0.01453810105736309,838,Geneformer
Treml4,0.014536558598830551,839,Geneformer
Emilin1,0.014516964346248327,840,Geneformer
Gjb2,0.014512364623914975,841,Geneformer
Gpld1,0.014510348758328583,842,Geneformer
Folr1,0.014509929430567578,843,Geneformer
Cmpk2,0.014505780764858587,844,Geneformer
Fcgr1,0.014505778445945595,845,Geneformer
Stra6,0.014496887798160064,846,Geneformer
Slc47a1,0.014494160496738977,847,Geneformer
Dmp1,0.01449248695516808,848,Geneformer
Fmod,0.014487813248593308,849,Geneformer
Cxcl1,0.014486984877676226,850,Geneformer
Gpr35,0.01448139050743533,851,Geneformer
Tuba1c,0.014468893443421862,852,Geneformer
Synpo,0.014457556911402757,853,Geneformer
AI607873,0.014449451788511553,854,Geneformer
S100a16,0.014441164569348703,855,Geneformer
Slc7a10,0.014439802725295678,856,Geneformer
Errfi1,0.014434768712490224,857,Geneformer
Bicc1,0.014433287909761262,858,Geneformer
Ccnd1,0.014429393100131988,859,Geneformer
Gm13889,0.01441924555329802,860,Geneformer
Map7d2,0.014383560065041302,861,Geneformer
Inmt,0.014371469772757356,862,Geneformer
Aif1,0.01436871538027972,863,Geneformer
Cox7b,0.014361474269278973,864,Geneformer
F3,0.014357022438426795,865,Geneformer
Mia,0.014353810168462326,866,Geneformer
Loxl1,0.014345302168765728,867,Geneformer
Samhd1,0.014342238472754351,868,Geneformer
Smim3,0.014328956135270724,869,Geneformer
Batf3,0.014328738962826036,870,Geneformer
Gas7,0.014320784795807225,871,Geneformer
Emilin2,0.014303911370991945,872,Geneformer
Nfil3,0.014294817058203567,873,Geneformer
Cnn2,0.014285778938145451,874,Geneformer
Cox7c,0.014277899332009517,875,Geneformer
Plac9b,0.014276702318245507,876,Geneformer
Adpgk,0.01425788331650905,877,Geneformer
Adh1,0.014251665535995908,878,Geneformer
Rab20,0.014245094914772789,879,Geneformer
Sdpr,0.01424366558234783,880,Geneformer
Mustn1,0.014243177046547434,881,Geneformer
Ddc,0.014240974436799173,882,Geneformer
Msrb1,0.014238824433734944,883,Geneformer
Lxn,0.014231855353419587,884,Geneformer
Lrp4,0.014225547024024477,885,Geneformer
Pilrb1,0.01422498359763148,886,Geneformer
Cox6c,0.014221280944381633,887,Geneformer
Ceacam10,0.01421745090099644,888,Geneformer
Gm26522,0.014202651444614061,889,Geneformer
Rtn4,0.01419711854081494,890,Geneformer
Sgk3,0.014189499924546491,891,Geneformer
Itgad,0.01417859329544525,892,Geneformer
Ly86,0.014165030458751967,893,Geneformer
Sox11,0.014164356452161788,894,Geneformer
Fdps,0.014157281656288224,895,Geneformer
Acaca,0.014145202067929642,896,Geneformer
Degs2,0.014144491724414562,897,Geneformer
Slc5a6,0.014141660606013256,898,Geneformer
Slc1a5,0.014137687141330822,899,Geneformer
Vegfa,0.014135697023859018,900,Geneformer
Il1a,0.014127054670485167,901,Geneformer
Enpp6,0.014119140912568858,902,Geneformer
Aprt,0.014118544250436208,903,Geneformer
Pde4b,0.014114016773323766,904,Geneformer
Ebf1,0.014109950972207682,905,Geneformer
Lfng,0.014106835654467312,906,Geneformer
Col6a1,0.014095186570054865,907,Geneformer
Metrnl,0.014095083424009508,908,Geneformer
Cdh11,0.01409327011264696,909,Geneformer
Sema4b,0.01408559563537399,910,Geneformer
Zfos1,0.014085093535344342,911,Geneformer
Mpped2,0.014076680695166339,912,Geneformer
RP23-6I17.1,0.014074936055907252,913,Geneformer
Nrp2,0.014064338700858225,914,Geneformer
Pycard,0.014061502713646586,915,Geneformer
4430402I18Rik,0.014058547448978756,916,Geneformer
Ccr5,0.01404731410250265,917,Geneformer
Prdx5,0.014043173372444056,918,Geneformer
Sox4,0.014040789941627416,919,Geneformer
Gstm7,0.014037471671058984,920,Geneformer
Oas1g,0.014036680732177403,921,Geneformer
Kcnk1,0.014027906534952068,922,Geneformer
Spc24,0.014025855399725815,923,Geneformer
Pira2,0.014024424996353639,924,Geneformer
Gpx4,0.014023603301559759,925,Geneformer
Atpif1,0.014007536875359765,926,Geneformer
Tnni1,0.014006035474955849,927,Geneformer
Hbb-bs,0.01399767526461631,928,Geneformer
Xdh,0.013995029365978172,929,Geneformer
Dpysl3,0.013988933684889291,930,Geneformer
Ttr,0.01398473310842484,931,Geneformer
Nsg1,0.013964976810532518,932,Geneformer
Mxd1,0.013962432935721268,933,Geneformer
Mmp14,0.013960826563060596,934,Geneformer
Cd7,0.013956364732041952,935,Geneformer
Uqcrq,0.013936850584269286,936,Geneformer
Plce1,0.013935206389104149,937,Geneformer
Adk,0.01391111581588221,938,Geneformer
Slc26a2,0.013899911673599592,939,Geneformer
Fgfr1,0.013883893650997023,940,Geneformer
Auts2,0.013880527265363945,941,Geneformer
Timp2,0.013879374054481005,942,Geneformer
Nr2f1,0.013877994892430903,943,Geneformer
Myof,0.013876071664441894,944,Geneformer
Ldhb,0.013872614087097201,945,Geneformer
Coro1a,0.013867242875641953,946,Geneformer
S100a1,0.013859402223418698,947,Geneformer
Ano1,0.013853207773247419,948,Geneformer
Grin2c,0.013843264930314493,949,Geneformer
Cyyr1,0.013841148259367688,950,Geneformer
Fcna,0.013840777261133511,951,Geneformer
Cyp2j9,0.013825517102253698,952,Geneformer
Pdgfrb,0.013821229761731958,953,Geneformer
Nfasc,0.013819857013624457,954,Geneformer
Tbc1d4,0.013797829193956071,955,Geneformer
Rel,0.01379643329549752,956,Geneformer
Cst3,0.013796108854686044,957,Geneformer
Dmd,0.013794749222261744,958,Geneformer
Slc4a4,0.013790398430432355,959,Geneformer
Prkcdbp,0.01378619872466771,960,Geneformer
Slc9a3r1,0.013778567218143207,961,Geneformer
Sept7,0.013777505431066796,962,Geneformer
Kcnj13,0.013776029190764845,963,Geneformer
Ank2,0.013768069711137832,964,Geneformer
Fam213a,0.013757728001693439,965,Geneformer
Isg20,0.013756527745891011,966,Geneformer
Tesc,0.01374802187255638,967,Geneformer
Meis2,0.01374612060082213,968,Geneformer
Rdh12,0.013742097952674798,969,Geneformer
Gpx8,0.013736912948981338,970,Geneformer
Cmip,0.01373551940026269,971,Geneformer
Slfn2,0.013729562494442979,972,Geneformer
Cacnb3,0.013724361346271925,973,Geneformer
Gmfg,0.013705532684208798,974,Geneformer
Ms4a1,0.013700112354274508,975,Geneformer
Sostdc1,0.013698467683103054,976,Geneformer
Kl,0.013686434511425137,977,Geneformer
Ndufa13,0.013685376479871824,978,Geneformer
Chka,0.013681043485625502,979,Geneformer
S1pr3,0.013674447237907046,980,Geneformer
Tnip3,0.013673004316986802,981,Geneformer
Atp5k,0.01366412633399499,982,Geneformer
Ngf,0.013662068281406063,983,Geneformer
Slc38a2,0.013659812398779964,984,Geneformer
Pdlim3,0.013659105805651151,985,Geneformer
Zcchc18,0.013656668087128745,986,Geneformer
Aldh1a2,0.013652366279255524,987,Geneformer
Hes1,0.01364917550426831,988,Geneformer
Agpat5,0.01364803487970176,989,Geneformer
Lck,0.013640859430293592,990,Geneformer
Anks1b,0.013639863003355545,991,Geneformer
Hacd2,0.013635828582241282,992,Geneformer
Gm1673,0.013628965234827475,993,Geneformer
Cenpa,0.013626518969078688,994,Geneformer
Pde1a,0.013604396387242297,995,Geneformer
Gm4951,0.01360331854204765,996,Geneformer
Bok,0.013599047066100453,997,Geneformer
Ngfrap1,0.013598480132310272,998,Geneformer
Ece1,0.013598014431554239,999,Geneformer
C3ar1,0.013596002493136531,1000,Geneformer
Hsp90aa1,0.013580309350062781,1001,Geneformer
Asph,0.01356443392561856,1002,Geneformer
Ctla2b,0.013554727706422789,1003,Geneformer
Cd82,0.013548759419030039,1004,Geneformer
Tmem106a,0.013547607140248075,1005,Geneformer
Fzd2,0.01354322499107139,1006,Geneformer
Itga8,0.013534219387624336,1007,Geneformer
Aqp1,0.013524476598572983,1008,Geneformer
Siglech,0.013506922329047365,1009,Geneformer
Msx1,0.013503983045526797,1010,Geneformer
Gnao1,0.01350326692861872,1011,Geneformer
Btbd17,0.013498520683298543,1012,Geneformer
Tagln3,0.013498218256658232,1013,Geneformer
Col9a3,0.01349751612252911,1014,Geneformer
Atp5g1,0.013492982359932638,1015,Geneformer
Trem1,0.013492891761534086,1016,Geneformer
Tgif1,0.013490716260229726,1017,Geneformer
AB124611,0.013489851082143803,1018,Geneformer
Prdx6,0.013485377531263809,1019,Geneformer
Cox5b,0.013471463710899377,1020,Geneformer
Frmd4a,0.013467926352481339,1021,Geneformer
Npy,0.013462791606273776,1022,Geneformer
F5,0.013460756701273132,1023,Geneformer
Slit2,0.013458647818188507,1024,Geneformer
Serpinb6b,0.013458187499258418,1025,Geneformer
Bdh2,0.01345492419300572,1026,Geneformer
Adamtsl1,0.013452880181774304,1027,Geneformer
Cox8a,0.013451724492955026,1028,Geneformer
Mlc1,0.0134511297766323,1029,Geneformer
Rftn1,0.013432689152684158,1030,Geneformer
Itga7,0.013430410178757403,1031,Geneformer
Slc2a5,0.013430091080736782,1032,Geneformer
Cadm1,0.01342933882104524,1033,Geneformer
Ehd2,0.013416517259455977,1034,Geneformer
Mcemp1,0.013413776361563136,1035,Geneformer
Kctd1,0.013399229598569647,1036,Geneformer
Siglece,0.013397852643941516,1037,Geneformer
Tubb4b,0.013393739830922298,1038,Geneformer
Usmg5,0.01337832459928427,1039,Geneformer
Ppp1r1a,0.013377719556825022,1040,Geneformer
Matn4,0.013374184895914507,1041,Geneformer
Rhoj,0.013369407294944133,1042,Geneformer
Islr2,0.013369236487890271,1043,Geneformer
Sgip1,0.013353667610416132,1044,Geneformer
Maf,0.01335338860668542,1045,Geneformer
AI662270,0.013350355843996813,1046,Geneformer
Rgs20,0.013347141338197218,1047,Geneformer
Enpp2,0.013345735704373855,1048,Geneformer
Pcdh17,0.013342511967295089,1049,Geneformer
Ctsc,0.01331368772519454,1050,Geneformer
C3,0.013311383809564504,1051,Geneformer
Ptprd,0.013295528915675028,1052,Geneformer
Arl6ip1,0.013295190163470767,1053,Geneformer
Cystm1,0.013294408417353932,1054,Geneformer
Hpgd,0.01329422942828254,1055,Geneformer
Zeb2,0.013290563535881069,1056,Geneformer
Tmem123,0.013289618182677406,1057,Geneformer
Nos1,0.01328152539918241,1058,Geneformer
Oat,0.013276358481773021,1059,Geneformer
Wtip,0.013270881335107287,1060,Geneformer
2900060B14Rik,0.013264252170336539,1061,Geneformer
Oaf,0.013261112818204749,1062,Geneformer
Adora2b,0.013260697140625369,1063,Geneformer
Pth1r,0.013257516533855814,1064,Geneformer
Sulf1,0.013234363493277373,1065,Geneformer
Fam180a,0.013232948064690036,1066,Geneformer
Stk17b,0.013230032569432705,1067,Geneformer
Dtna,0.013216383929727314,1068,Geneformer
H2-Oa,0.013207959790839373,1069,Geneformer
Atp5o,0.013201203578103558,1070,Geneformer
Cmtm5,0.013197443002771174,1071,Geneformer
Ssu2,0.013194554108584902,1072,Geneformer
Hcst,0.01319399702444928,1073,Geneformer
Basp1,0.01318835179171165,1074,Geneformer
Pdlim2,0.013187231226888826,1075,Geneformer
Gm17750,0.013186128758392196,1076,Geneformer
Bmp4,0.013185444371576295,1077,Geneformer
Ccdc3,0.013182107447005547,1078,Geneformer
Olfml3,0.013176743600683721,1079,Geneformer
Mfge8,0.013172537262365967,1080,Geneformer
Synpr,0.013167684118823422,1081,Geneformer
Luzp2,0.013164702277713687,1082,Geneformer
Trim9,0.013163036693971843,1083,Geneformer
Gzmb,0.013162398767280892,1084,Geneformer
Fgr,0.013152397179189184,1085,Geneformer
Dgat2,0.013140949309600384,1086,Geneformer
Gstp1,0.013136020149542009,1087,Geneformer
Rarres2,0.013130600955117583,1088,Geneformer
Sept1,0.01312340850885037,1089,Geneformer
Rcan2,0.013122409883667674,1090,Geneformer
Dusp23,0.013119195112961482,1091,Geneformer
Plp2,0.013118344828805835,1092,Geneformer
Cryab,0.013112001434958182,1093,Geneformer
Tspan3,0.013110990726117586,1094,Geneformer
2010107E04Rik,0.013110465920528475,1095,Geneformer
Car8,0.013108604956684457,1096,Geneformer
Pik3r1,0.013101632730142357,1097,Geneformer
Map1b,0.013088654224435748,1098,Geneformer
Pax6,0.013085358264103588,1099,Geneformer
Cd180,0.013078752205851649,1100,Geneformer
Col8a2,0.01306741023263553,1101,Geneformer
Rbp7,0.01306694810699778,1102,Geneformer
Zfp36l2,0.013044310617545409,1103,Geneformer
Nusap1,0.013041723341063004,1104,Geneformer
Ica1l,0.013038159374631987,1105,Geneformer
Hapln1,0.01303649274030604,1106,Geneformer
Atp1b2,0.013035200400680309,1107,Geneformer
Ntrk2,0.013032665006284647,1108,Geneformer
Slc11a1,0.013032512764469333,1109,Geneformer
Inhba,0.013029719501929394,1110,Geneformer
Mafb,0.013026098761806857,1111,Geneformer
Hspb1,0.013025252866999721,1112,Geneformer
Nsg2,0.013018348658980302,1113,Geneformer
Slc6a1,0.013006908619160946,1114,Geneformer
Pde10a,0.012998298550221197,1115,Geneformer
Spc25,0.012996195062538485,1116,Geneformer
Ablim2,0.012995658231826385,1117,Geneformer
Thy1,0.01299273952882741,1118,Geneformer
H2afj,0.012977739654350489,1119,Geneformer
Lin7a,0.01297384144571591,1120,Geneformer
Odc1,0.01297254614116365,1121,Geneformer
Oas3,0.012966970603802197,1122,Geneformer
Gm17056,0.012964552575311029,1123,Geneformer
Hmgb3,0.01295163221226914,1124,Geneformer
Pou2f2,0.012946715940440383,1125,Geneformer
B4galnt1,0.012945978479975865,1126,Geneformer
Arrdc2,0.012940830261749567,1127,Geneformer
Gm6377,0.012937101556286528,1128,Geneformer
Lhx2,0.0129337400041018,1129,Geneformer
Serpina3g,0.012929833901488962,1130,Geneformer
Bcl2,0.012926418389948928,1131,Geneformer
Pcolce2,0.0129164348259338,1132,Geneformer
Runx1,0.012905983250958169,1133,Geneformer
Endod1,0.012887846150516167,1134,Geneformer
Pirb,0.012883572996861435,1135,Geneformer
Myl6,0.012875654267873933,1136,Geneformer
Dusp6,0.01286568027671974,1137,Geneformer
Trib1,0.012864992505837045,1138,Geneformer
Tceal3,0.012858518248412477,1139,Geneformer
Fpr1,0.0128545058857663,1140,Geneformer
Galnt6,0.012843465220378832,1141,Geneformer
C1qtnf9,0.012835961238019809,1142,Geneformer
Tbx18,0.012828361575583078,1143,Geneformer
Siglecg,0.01282794447516687,1144,Geneformer
Cebpb,0.012825021200857097,1145,Geneformer
Scara3,0.012819928329573363,1146,Geneformer
Dmkn,0.012818511785052666,1147,Geneformer
Alcam,0.012813522492889546,1148,Geneformer
Grem2,0.012812635633927124,1149,Geneformer
Nbl1,0.012807899225947666,1150,Geneformer
Sfrp5,0.012791251048059116,1151,Geneformer
Pcyt2,0.012790329653007792,1152,Geneformer
Slc38a1,0.012782609649298187,1153,Geneformer
Hhatl,0.012781075302105987,1154,Geneformer
P2ry12,0.01277990648111572,1155,Geneformer
Hexa,0.012771613635779664,1156,Geneformer
Dcdc2a,0.01276748314408137,1157,Geneformer
Itgb4,0.012749018173644617,1158,Geneformer
Mboat2,0.012737588174978954,1159,Geneformer
Csrp1,0.012734166113094332,1160,Geneformer
Nav2,0.012732744079916439,1161,Geneformer
Unc119,0.012728347019101522,1162,Geneformer
Slc16a8,0.012725254961674658,1163,Geneformer
Crispld1,0.012724471053974135,1164,Geneformer
Fcgr2b,0.01272286693289832,1165,Geneformer
Prnp,0.012721705708711475,1166,Geneformer
Mmp19,0.012717885288713083,1167,Geneformer
Snhg11,0.012713780828169645,1168,Geneformer
1500009L16Rik,0.012705101263679509,1169,Geneformer
Fam107a,0.01270444915441059,1170,Geneformer
Cpne8,0.012694607705318354,1171,Geneformer
Socs2,0.01269417023542856,1172,Geneformer
Slc1a2,0.012688549218160945,1173,Geneformer
Nrxn1,0.012679128041917568,1174,Geneformer
Sez6l2,0.012675655030524036,1175,Geneformer
Cela1,0.01267433205236581,1176,Geneformer
Tpd52l1,0.012661109478265976,1177,Geneformer
Rsph9,0.012660265758198338,1178,Geneformer
Ifi44,0.012653762421702701,1179,Geneformer
Tomm7,0.01264917683302719,1180,Geneformer
Ndufa12,0.012644212294637098,1181,Geneformer
Ggt5,0.012641206288781551,1182,Geneformer
Fgfr3,0.01264036257221536,1183,Geneformer
Tlcd1,0.012633796478324164,1184,Geneformer
Lmo7,0.012632780161073411,1185,Geneformer
Gucy1b3,0.012622643666871483,1186,Geneformer
Ptch1,0.01261722095455093,1187,Geneformer
Pacrg,0.012614087774100936,1188,Geneformer
Cadm4,0.01260672703458767,1189,Geneformer
Ifi27,0.012606052039365809,1190,Geneformer
Ckb,0.012603686191977718,1191,Geneformer
Hemk1,0.012601995828347808,1192,Geneformer
Phkg1,0.012599935937228872,1193,Geneformer
Slc38a11,0.012596131470152214,1194,Geneformer
Col15a1,0.01259444031981373,1195,Geneformer
Gpr20,0.012587690409182669,1196,Geneformer
1500015O10Rik,0.012579552640335232,1197,Geneformer
Cdc42ep2,0.012577130035484975,1198,Geneformer
Gnai1,0.012576517048783882,1199,Geneformer
Riiad1,0.012574244955193863,1200,Geneformer
Loxl2,0.012572675022406804,1201,Geneformer
Prdm16,0.01256483659697865,1202,Geneformer
Lrp1,0.012564457401623432,1203,Geneformer
Nap1l5,0.012562860837497964,1204,Geneformer
Gas1,0.012547400756743144,1205,Geneformer
Gpc6,0.012547076564457305,1206,Geneformer
Sfxn5,0.012541434213295205,1207,Geneformer
Atf5,0.012536023687111037,1208,Geneformer
Map3k7cl,0.01253266204832115,1209,Geneformer
Apoc1,0.012528403795457107,1210,Geneformer
Snx2,0.012514471990347676,1211,Geneformer
Sema3b,0.012499768653831463,1212,Geneformer
Adamts2,0.01249969488884317,1213,Geneformer
Pfn2,0.012495802422551333,1214,Geneformer
Ptpn22,0.012494776881923523,1215,Geneformer
Sec11c,0.012491857595675247,1216,Geneformer
Gem,0.012486391798576808,1217,Geneformer
Klre1,0.012484714604484396,1218,Geneformer
Olfm1,0.01248034257072353,1219,Geneformer
Cd55,0.012479938911925881,1220,Geneformer
Gja4,0.012476710563206851,1221,Geneformer
Itgax,0.012461615245469322,1222,Geneformer
Lrrc25,0.012454012044044588,1223,Geneformer
Bcl11a,0.01245311835220108,1224,Geneformer
Gm9780,0.012452096835357654,1225,Geneformer
Map2,0.012449776242956722,1226,Geneformer
Myct1,0.012439261696125529,1227,Geneformer
Grb14,0.012438939082402387,1228,Geneformer
Chst1,0.01243801309569183,1229,Geneformer
Ifngr1,0.012435563485631723,1230,Geneformer
Col23a1,0.01242342475850101,1231,Geneformer
Arg2,0.01242218762971548,1232,Geneformer
Itgb2,0.01241862487051143,1233,Geneformer
Psat1,0.012416670640722122,1234,Geneformer
Cfap126,0.012411240622082136,1235,Geneformer
Gimap3,0.012407138228398264,1236,Geneformer
Mrap,0.01240480511011505,1237,Geneformer
Gadd45a,0.01239634049430163,1238,Geneformer
Rgs17,0.012394749897662918,1239,Geneformer
Fcrls,0.012384258698790911,1240,Geneformer
Cpq,0.012384025090207532,1241,Geneformer
AI839979,0.012376289914290921,1242,Geneformer
Ltc4s,0.012375589137453156,1243,Geneformer
Cndp2,0.012362178252894875,1244,Geneformer
Cyba,0.01236019297508684,1245,Geneformer
Crybb1,0.012347855724094615,1246,Geneformer
Ptchd4,0.012347553281267439,1247,Geneformer
Plxdc2,0.012344535141332017,1248,Geneformer
Ccdc80,0.012340632134053694,1249,Geneformer
Hba-a1,0.012332979748948071,1250,Geneformer
Nudt17,0.012332059762875627,1251,Geneformer
Mpeg1,0.012327812612723279,1252,Geneformer
Wfdc2,0.012323338244004263,1253,Geneformer
Slc12a2,0.012323329326612504,1254,Geneformer
Cdk2ap2,0.012319227586184107,1255,Geneformer
St3gal4,0.012317647783808103,1256,Geneformer
Asns,0.012311966679593115,1257,Geneformer
Dynlrb2,0.012309485544841821,1258,Geneformer
Abi3,0.012308645252191108,1259,Geneformer
Slamf8,0.012303603336711948,1260,Geneformer
Cd84,0.012302035262066793,1261,Geneformer
Slc1a4,0.012297540684874046,1262,Geneformer
Eps8,0.012291221643291293,1263,Geneformer
AF251705,0.012288574555530868,1264,Geneformer
Nfix,0.01227919995496353,1265,Geneformer
Il7r,0.012274309790380883,1266,Geneformer
Lat2,0.012266269192048339,1267,Geneformer
Adrb2,0.01226356551436112,1268,Geneformer
Dhx58os,0.012260739869131877,1269,Geneformer
Milr1,0.012237536235020545,1270,Geneformer
C1qtnf2,0.012233787375115816,1271,Geneformer
Cotl1,0.012226807586699587,1272,Geneformer
Cd68,0.012225074425471912,1273,Geneformer
Pydc3,0.012217154000955873,1274,Geneformer
Grina,0.012216304160049275,1275,Geneformer
Efna5,0.012215014890255315,1276,Geneformer
Cd2,0.01220899677364389,1277,Geneformer
Syngr2,0.012199795135020118,1278,Geneformer
Csf3r,0.01219968744956632,1279,Geneformer
Cxcr4,0.012189407099267097,1280,Geneformer
Ezr,0.012177999622093242,1281,Geneformer
Cox6b2,0.012162787159630845,1282,Geneformer
Rassf4,0.01215173599494811,1283,Geneformer
Hvcn1,0.012139131249557069,1284,Geneformer
Enpp1,0.012136982902422799,1285,Geneformer
Defb11,0.012127425111500514,1286,Geneformer
Bex4,0.012124604443981802,1287,Geneformer
Procr,0.01211800410072888,1288,Geneformer
St5,0.01210152776953866,1289,Geneformer
Scd2,0.01209275096099895,1290,Geneformer
1110017D15Rik,0.012092297471749048,1291,Geneformer
Gm11627,0.012087052093126821,1292,Geneformer
Lmo1,0.012086746355337593,1293,Geneformer
Fam26f,0.0120789854160945,1294,Geneformer
Lcat,0.012074120616666064,1295,Geneformer
Pcp4,0.01207187112780295,1296,Geneformer
Gm13861,0.012071567535991309,1297,Geneformer
Agpat9,0.01207150757021257,1298,Geneformer
Slc2a3,0.012069554622930209,1299,Geneformer
Cd200r1,0.012068467494135758,1300,Geneformer
Negr1,0.012068364346508383,1301,Geneformer
Tecr,0.012068185830810237,1302,Geneformer
Sept8,0.01206659520045373,1303,Geneformer
Mir124-2hg,0.012053113579337924,1304,Geneformer
Rlbp1,0.01205079268128441,1305,Geneformer
Mxra8,0.012030086117753093,1306,Geneformer
Spn,0.012024546602689831,1307,Geneformer
Hacd4,0.012022716949061388,1308,Geneformer
Ptger4,0.012018539161779439,1309,Geneformer
Eva1a,0.012016725361104335,1310,Geneformer
Sh3bgrl,0.012004041442482577,1311,Geneformer
Mrc2,0.012002514376955575,1312,Geneformer
Mgst2,0.011999012556676465,1313,Geneformer
Abhd12,0.011987857356651317,1314,Geneformer
Krt18,0.011984314890889749,1315,Geneformer
Nrros,0.011983753208544017,1316,Geneformer
Gm5483,0.01197109801937717,1317,Geneformer
A730049H05Rik,0.011967935309686704,1318,Geneformer
Dtl,0.011967933561784192,1319,Geneformer
Cd300lb,0.011964269417704603,1320,Geneformer
Map4k1,0.011963653070386694,1321,Geneformer
Steap4,0.011955564908423305,1322,Geneformer
Tnfsf8,0.011953866527022749,1323,Geneformer
Atp5h,0.011946623731785908,1324,Geneformer
Irx3,0.011941795372659422,1325,Geneformer
Lig1,0.011940032639089488,1326,Geneformer
Gusb,0.011935394412013542,1327,Geneformer
Fam177a,0.01193359041169332,1328,Geneformer
Ndufc1,0.011932950860041485,1329,Geneformer
Ctsa,0.011930096642731213,1330,Geneformer
Creb5,0.011926146047994393,1331,Geneformer
Cox6a2,0.011913476741685263,1332,Geneformer
Mical2,0.011904272857917644,1333,Geneformer
Mertk,0.011903933169650324,1334,Geneformer
Fyb,0.011893024750508912,1335,Geneformer
Cml1,0.011885884476691994,1336,Geneformer
Hmgn3,0.011883320997268373,1337,Geneformer
Hopx,0.011880541765111977,1338,Geneformer
Plppr4,0.011870377280561334,1339,Geneformer
1600010M07Rik,0.011866818125822727,1340,Geneformer
Mdh1,0.011862469126063023,1341,Geneformer
Fam171b,0.01186022573780422,1342,Geneformer
Bace2,0.01185621623393899,1343,Geneformer
Slc1a3,0.011848853530751173,1344,Geneformer
Fabp3,0.011837704721491345,1345,Geneformer
Ywhaq,0.011833068058910228,1346,Geneformer
Rbpms2,0.01183008382003931,1347,Geneformer
Atcayos,0.011830043186786333,1348,Geneformer
Tbxa2r,0.01182472402247655,1349,Geneformer
Cd48,0.011824627619133587,1350,Geneformer
Ube2c,0.01181596974180483,1351,Geneformer
Ajuba,0.011815614684943377,1352,Geneformer
Ptges,0.011810176296295096,1353,Geneformer
Lhfp,0.011806706791006873,1354,Geneformer
Kmo,0.011798977283539881,1355,Geneformer
Hspb6,0.011790728191576576,1356,Geneformer
Cfb,0.011790502286202402,1357,Geneformer
Tmem47,0.011790408536589511,1358,Geneformer
Apobec1,0.011789820803935034,1359,Geneformer
Tk1,0.011787857457312197,1360,Geneformer
Cdo1,0.011787460596434346,1361,Geneformer
Stap1,0.01178534344212957,1362,Geneformer
Smad7,0.011768844082500424,1363,Geneformer
4930402H24Rik,0.011740931499182079,1364,Geneformer
Trim30b,0.011738034110851513,1365,Geneformer
Wnt5b,0.011726781642893045,1366,Geneformer
Ppp1r14a,0.011719962586275312,1367,Geneformer
Sh2d1b1,0.011717115167457102,1368,Geneformer
Serpinb9,0.011708172842408509,1369,Geneformer
Ndufb2,0.01169931065062601,1370,Geneformer
Acaa2,0.011693962769945063,1371,Geneformer
Mro,0.011692185408039056,1372,Geneformer
Idi1,0.011690254090230945,1373,Geneformer
Olfml1,0.01168527444668008,1374,Geneformer
Nudt4,0.011680342124285375,1375,Geneformer
Cul4b,0.011664548417338962,1376,Geneformer
Rcn3,0.01165972449188427,1377,Geneformer
Hcn2,0.01164905265767503,1378,Geneformer
Kif1a,0.011644763011478671,1379,Geneformer
Rras2,0.01164061918718722,1380,Geneformer
1190005I06Rik,0.011631715374530177,1381,Geneformer
Tnfsf9,0.011627474936498971,1382,Geneformer
Ppp1r16b,0.011626643495147472,1383,Geneformer
Pkp3,0.011618732572564596,1384,Geneformer
Tmem119,0.011617252066863471,1385,Geneformer
Rgs4,0.01161672905645948,1386,Geneformer
Omd,0.011614204300249141,1387,Geneformer
Degs1,0.011610915139760569,1388,Geneformer
Rgs2,0.01160974809995929,1389,Geneformer
Nid1,0.011608974046043049,1390,Geneformer
Foxc2,0.011601954417885276,1391,Geneformer
Tmem212,0.011597947165913117,1392,Geneformer
Selplg,0.011595705942114039,1393,Geneformer
Parm1,0.011591927919538472,1394,Geneformer
Tarm1,0.011585919728980454,1395,Geneformer
Pigz,0.011579364355140209,1396,Geneformer
Dbx2,0.011578890996170394,1397,Geneformer
Uqcr10,0.011570881718323734,1398,Geneformer
Fez1,0.011569451185924744,1399,Geneformer
Cdca3,0.011569341650671472,1400,Geneformer
Gpr34,0.011568282422764985,1401,Geneformer
Cd209f,0.011567248345002206,1402,Geneformer
Kirrel2,0.011564825309809896,1403,Geneformer
Bin2,0.011562276449066848,1404,Geneformer
Tspan7,0.011561679941250624,1405,Geneformer
Tmem88,0.011553279289609772,1406,Geneformer
Clec3b,0.011541260469623714,1407,Geneformer
Carhsp1,0.01154069857543899,1408,Geneformer
Gzma,0.011539744580640662,1409,Geneformer
Phlda3,0.01153844713372298,1410,Geneformer
Fcmr,0.011533332311829446,1411,Geneformer
Esm1,0.01152876616930694,1412,Geneformer
Plek,0.01152094558316973,1413,Geneformer
Zic1,0.011509766131617746,1414,Geneformer
Myo5a,0.01150689918688151,1415,Geneformer
Ptp4a3,0.011503609273236777,1416,Geneformer
Idh2,0.011501310234604493,1417,Geneformer
Cpxm1,0.01150097583638786,1418,Geneformer
Myh11,0.011493218900386641,1419,Geneformer
Omg,0.011491741356582182,1420,Geneformer
Pcsk2,0.01148951454524605,1421,Geneformer
Col27a1,0.011484950745002569,1422,Geneformer
Runx3,0.01147900833495288,1423,Geneformer
Wwc1,0.011477906923769562,1424,Geneformer
Ptpn18,0.011474828145275206,1425,Geneformer
Enpep,0.01147359230321392,1426,Geneformer
Gfra2,0.011473387652438395,1427,Geneformer
Ptrf,0.01146665764298356,1428,Geneformer
Rsph1,0.011443535922475793,1429,Geneformer
Rbms3,0.011437806440587698,1430,Geneformer
Uba2,0.011436565461492066,1431,Geneformer
Mfap4,0.011436517616233308,1432,Geneformer
Des,0.011430610678325206,1433,Geneformer
Stab1,0.011428513072150912,1434,Geneformer
Mrgpra2b,0.011427090389189789,1435,Geneformer
Itgb2l,0.01142077970659506,1436,Geneformer
Grn,0.011420040551521222,1437,Geneformer
Cspg5,0.011418895849875458,1438,Geneformer
Gstm5,0.011410095096433285,1439,Geneformer
Tiparp,0.011401939524222925,1440,Geneformer
C1qa,0.011396486416299673,1441,Geneformer
Aatk,0.011377066746496939,1442,Geneformer
Tgfbr1,0.011375517649684322,1443,Geneformer
Gprc5b,0.011369928243593272,1444,Geneformer
Rnf149,0.011369581076841016,1445,Geneformer
Fam46b,0.011359038685826868,1446,Geneformer
Limd2,0.011357532208713743,1447,Geneformer
Heyl,0.011355817341710159,1448,Geneformer
Gprc5c,0.011354834451689135,1449,Geneformer
Hist4h4,0.011354131990466606,1450,Geneformer
Socs1,0.011350576958786376,1451,Geneformer
Cldn10,0.011349056386520184,1452,Geneformer
Atp2a2,0.01134521495229641,1453,Geneformer
Ppp1r1b,0.011344715762330862,1454,Geneformer
Serpinb8,0.01134173105405485,1455,Geneformer
Tslp,0.011332260159997314,1456,Geneformer
Car12,0.011329470595785044,1457,Geneformer
Slc25a4,0.011325364935267337,1458,Geneformer
Enpp5,0.01132140375074624,1459,Geneformer
Lsamp,0.011319807107294251,1460,Geneformer
Fjx1,0.011317569137209988,1461,Geneformer
Atp2b4,0.011309563043658195,1462,Geneformer
Pld4,0.011298084118359196,1463,Geneformer
Romo1,0.011294820319162397,1464,Geneformer
Lpcat2,0.011294336685921206,1465,Geneformer
Mmrn2,0.011293575505840734,1466,Geneformer
C1qb,0.011281495807056726,1467,Geneformer
Rorb,0.011279952663131768,1468,Geneformer
Ralgds,0.01127936335199302,1469,Geneformer
Polk,0.011278507542630217,1470,Geneformer
CR974586.5,0.011270859425203828,1471,Geneformer
Gamt,0.011264493939547456,1472,Geneformer
Slc22a6,0.011259990594443823,1473,Geneformer
Cemip,0.011254331709882093,1474,Geneformer
Htra1,0.011251870705635169,1475,Geneformer
Foxq1,0.0112364725177044,1476,Geneformer
Bin1,0.011234159702264478,1477,Geneformer
Cx3cr1,0.011224842846481774,1478,Geneformer
9330159F19Rik,0.011223658219702067,1479,Geneformer
Dstn,0.011223288431416983,1480,Geneformer
Ptgs1,0.011215172150318085,1481,Geneformer
Shisa8,0.011213165009599874,1482,Geneformer
Nfkbid,0.011208981920976316,1483,Geneformer
Aspa,0.011206845795327939,1484,Geneformer
Tuba4a,0.011205117592436961,1485,Geneformer
Flna,0.011204819198223874,1486,Geneformer
Lmod1,0.011173883328091638,1487,Geneformer
Hes5,0.01116621232105682,1488,Geneformer
Fam20c,0.011164228253058184,1489,Geneformer
Ptprc,0.01116034968711868,1490,Geneformer
Fcor,0.011158588534710438,1491,Geneformer
Tmem178,0.011156397734719799,1492,Geneformer
Ccdc153,0.011152374234455259,1493,Geneformer
Phyhipl,0.011148418508784,1494,Geneformer
Gm8369,0.01113984342964609,1495,Geneformer
Pygm,0.011139820156242021,1496,Geneformer
Efhd2,0.011133570605079338,1497,Geneformer
Mecom,0.011133546904292234,1498,Geneformer
Rbm47,0.011128901677275978,1499,Geneformer
4930523C07Rik,0.01111598235636606,1500,Geneformer
Bcr,0.011113419121787215,1501,Geneformer
Sox18,0.011095908412841478,1502,Geneformer
Slc39a12,0.01109318070025924,1503,Geneformer
Gm21975,0.011086481793495799,1504,Geneformer
Prc1,0.011085001758351035,1505,Geneformer
Rgs10,0.0110843199220632,1506,Geneformer
Calm3,0.011080472295069308,1507,Geneformer
Bfsp2,0.011076053531062299,1508,Geneformer
Snrpn,0.011055044493866047,1509,Geneformer
Evi2a,0.011051637787354759,1510,Geneformer
Sulf2,0.011049981443165803,1511,Geneformer
Lgmn,0.011049730988601427,1512,Geneformer
Grm3,0.011048921527787256,1513,Geneformer
C1qtnf7,0.011039192691038846,1514,Geneformer
Ttll7,0.011034268257488702,1515,Geneformer
Syt11,0.011030266501007238,1516,Geneformer
Psph,0.011028220698377477,1517,Geneformer
Chchd10,0.01102748803933069,1518,Geneformer
Clec1a,0.011017283665729868,1519,Geneformer
Slc15a3,0.011002536540046896,1520,Geneformer
Ang,0.011001696613915077,1521,Geneformer
Bcat1,0.010996872004150253,1522,Geneformer
Tbc1d10c,0.010991768076021749,1523,Geneformer
Evl,0.010991327082817129,1524,Geneformer
Dbndd2,0.010988463081407296,1525,Geneformer
Clmp,0.010977597564360005,1526,Geneformer
Sh3gl3,0.010951760716432805,1527,Geneformer
Sdcbp2,0.010935998820592471,1528,Geneformer
Il18,0.0109337595669458,1529,Geneformer
Cxcl14,0.010930325146262576,1530,Geneformer
Sfrp4,0.010920813848627628,1531,Geneformer
Sla,0.010912624338594554,1532,Geneformer
Itih2,0.01090647191151089,1533,Geneformer
Tns1,0.010900786560231432,1534,Geneformer
Fam181b,0.010899337422187346,1535,Geneformer
Zic4,0.010897502259022125,1536,Geneformer
Ptx3,0.010883725166147818,1537,Geneformer
Col6a2,0.010878985936511296,1538,Geneformer
Prr32,0.01087522144737968,1539,Geneformer
Ndufa1,0.010859921173099392,1540,Geneformer
Ppp1r12b,0.010858275212191536,1541,Geneformer
Csf2ra,0.010851682168170224,1542,Geneformer
Kctd12,0.010844083355462804,1543,Geneformer
Lcp1,0.01083487869996213,1544,Geneformer
Arsg,0.010834151645016936,1545,Geneformer
Hdac11,0.010830475722168375,1546,Geneformer
Mrvi1,0.01083044777648733,1547,Geneformer
Tmx4,0.010825436807004799,1548,Geneformer
Txk,0.01081778298101092,1549,Geneformer
Ckap4,0.0108022956360844,1550,Geneformer
Speg,0.010800667008997431,1551,Geneformer
Ecm2,0.010799020737466403,1552,Geneformer
Nxpe5,0.010796579109332984,1553,Geneformer
Pbxip1,0.01078716318574979,1554,Geneformer
Stfa2l1,0.010785486876505575,1555,Geneformer
Pdzd2,0.010764739914941649,1556,Geneformer
Sdc2,0.010751207682827741,1557,Geneformer
Fibin,0.010751073073293394,1558,Geneformer
Notch3,0.010745669006131097,1559,Geneformer
Sox9,0.010744629018587774,1560,Geneformer
Adgrg6,0.010740624497157427,1561,Geneformer
Klrb1c,0.010739546045986684,1562,Geneformer
Tmem86a,0.010739205831178595,1563,Geneformer
Postn,0.010736552211228306,1564,Geneformer
Idh3a,0.010733450667996303,1565,Geneformer
Igsf11,0.010727678035272598,1566,Geneformer
Ddr1,0.010717064875857456,1567,Geneformer
Ifitm10,0.010714270441320724,1568,Geneformer
Mlf1,0.010714206304004388,1569,Geneformer
Glrb,0.010708024519185415,1570,Geneformer
Tnfrsf18,0.010700887045007152,1571,Geneformer
Ndufa11,0.010695908503064063,1572,Geneformer
Sap30,0.01068934625830407,1573,Geneformer
Apbb1ip,0.010687913090141728,1574,Geneformer
Cyp4f15,0.010683999558374123,1575,Geneformer
Tekt1,0.010682144944385167,1576,Geneformer
Agpat4,0.010676743005678925,1577,Geneformer
Padi4,0.01066623177545504,1578,Geneformer
Fbln7,0.010662437604880363,1579,Geneformer
Lrp1b,0.010661456445783314,1580,Geneformer
Ndrg2,0.01066000862234779,1581,Geneformer
Tnc,0.010651850725679769,1582,Geneformer
Dpep1,0.010650420040967069,1583,Geneformer
Pxmp2,0.010646730794422384,1584,Geneformer
P2ry10,0.01063914496795502,1585,Geneformer
Ccnb1,0.010638444299403318,1586,Geneformer
Ly6h,0.010635510859394284,1587,Geneformer
Cd27,0.01063438265099457,1588,Geneformer
Mmd2,0.010628386079801917,1589,Geneformer
Nrbp2,0.010622776354868645,1590,Geneformer
Trim59,0.010613788363179827,1591,Geneformer
Scg3,0.010613149921001158,1592,Geneformer
Ptp4a1,0.01060473699809763,1593,Geneformer
Ada,0.010603020223620451,1594,Geneformer
Tmem38b,0.01059907855167907,1595,Geneformer
Aplp1,0.0105977873111865,1596,Geneformer
Ccnb2,0.010597037501077265,1597,Geneformer
Btbd16,0.010596134725683813,1598,Geneformer
Kcnj10,0.010592156895391601,1599,Geneformer
A330048O09Rik,0.010589533286457994,1600,Geneformer
Sox8,0.01058697957468266,1601,Geneformer
Gpm6a,0.01058541183668748,1602,Geneformer
Ly9,0.010585280175090268,1603,Geneformer
Jam3,0.010583407140452302,1604,Geneformer
Pgk1,0.010580705584709986,1605,Geneformer
Slc25a18,0.010579482399751917,1606,Geneformer
Adam33,0.010563249294320317,1607,Geneformer
Ntpcr,0.010557038890860553,1608,Geneformer
Fhad1,0.010556097720328969,1609,Geneformer
Mcam,0.010545119885135344,1610,Geneformer
Acot1,0.01054358513174821,1611,Geneformer
Ptprf,0.010539085630766694,1612,Geneformer
Hsph1,0.01053729506913049,1613,Geneformer
Hspb2,0.010536137003481522,1614,Geneformer
Bcan,0.010531254407058922,1615,Geneformer
Tspan2,0.010522291722453673,1616,Geneformer
Nrxn2,0.01051989286814685,1617,Geneformer
Car5a,0.010514706828759475,1618,Geneformer
Gm11744,0.010513545466398029,1619,Geneformer
Zfhx3,0.010512632173118723,1620,Geneformer
H1f0,0.010511967355804073,1621,Geneformer
Col12a1,0.010510528612961888,1622,Geneformer
Cog7,0.010508858238494914,1623,Geneformer
Arrdc3,0.010503107030681651,1624,Geneformer
Mmp2,0.010502069742774801,1625,Geneformer
Ndufv3,0.010498157864298325,1626,Geneformer
Ncan,0.010489059507803334,1627,Geneformer
2900052N01Rik,0.010485963649598865,1628,Geneformer
Fam46a,0.010485217778446862,1629,Geneformer
Aifm3,0.010482617089025564,1630,Geneformer
Hrsp12,0.010482324253691023,1631,Geneformer
Gng2,0.010482072846026884,1632,Geneformer
Tril,0.010478057150961489,1633,Geneformer
Slc2a12,0.010474181618441904,1634,Geneformer
Fam71a,0.010463141345739868,1635,Geneformer
Fcgr3,0.01046055493026447,1636,Geneformer
Kcne2,0.01045966551754001,1637,Geneformer
Ncald,0.010449009865612497,1638,Geneformer
Slc37a2,0.010445604024608668,1639,Geneformer
Apoo,0.010444532124542279,1640,Geneformer
Efcab10,0.010443802597835122,1641,Geneformer
Tnfaip3,0.010437209007853316,1642,Geneformer
Cebpe,0.01043327079831468,1643,Geneformer
Npy1r,0.010426917431704737,1644,Geneformer
Pdzph1,0.010422347649839282,1645,Geneformer
Hk3,0.010413567782213137,1646,Geneformer
Ednra,0.010398804886554158,1647,Geneformer
Pbk,0.010395882071968664,1648,Geneformer
Amigo2,0.010380244625532246,1649,Geneformer
Cd86,0.01036168210242835,1650,Geneformer
Atp5g3,0.010355685968458437,1651,Geneformer
Clip3,0.010350256805683404,1652,Geneformer
Lair1,0.01035022016381201,1653,Geneformer
Tep1,0.010349747872105604,1654,Geneformer
Spock1,0.010347035056115167,1655,Geneformer
Hba-a2,0.010346546048696352,1656,Geneformer
Epb41,0.010346531950855319,1657,Geneformer
Cers2,0.010343077778954782,1658,Geneformer
Lag3,0.01034138700035248,1659,Geneformer
Nfe2,0.01034091783497823,1660,Geneformer
Kif1b,0.010331170391431428,1661,Geneformer
Slitrk2,0.010327281732537434,1662,Geneformer
Slc27a1,0.010326491369504871,1663,Geneformer
Tyrobp,0.01032625154848938,1664,Geneformer
Ptpre,0.010326073584022056,1665,Geneformer
G6pdx,0.010323283178722394,1666,Geneformer
Bambi,0.0103225282612366,1667,Geneformer
Olfml2a,0.010318650517875175,1668,Geneformer
Ncf4,0.010313849923147751,1669,Geneformer
Lox,0.010309019030106253,1670,Geneformer
Cfl2,0.0103079422415982,1671,Geneformer
Tcf15,0.010306426918347262,1672,Geneformer
Bcas1,0.010302606523256548,1673,Geneformer
Adgre1,0.010301517832653465,1674,Geneformer
Marveld1,0.010297703228714544,1675,Geneformer
C1qc,0.010297520862288032,1676,Geneformer
Acta2,0.010290112775801072,1677,Geneformer
Aspn,0.010289884457033181,1678,Geneformer
Ntsr2,0.01028576208409614,1679,Geneformer
Nexn,0.010271341913110016,1680,Geneformer
C5ar2,0.010270870221643299,1681,Geneformer
Flnc,0.010269704969548108,1682,Geneformer
Selp,0.010262247991717321,1683,Geneformer
Gm14548,0.01025984940605175,1684,Geneformer
Ctsz,0.010252597776209717,1685,Geneformer
Cd37,0.010244927342897182,1686,Geneformer
Wdr86,0.01023365384620266,1687,Geneformer
Aldoc,0.010230618984276938,1688,Geneformer
Cd3g,0.010223681746105448,1689,Geneformer
Fbxl5,0.010219557198057764,1690,Geneformer
Cyp2j6,0.010217658690154337,1691,Geneformer
Abhd3,0.010209130314916924,1692,Geneformer
Igsf6,0.010208669254233044,1693,Geneformer
Ptprz1,0.010208138486869274,1694,Geneformer
Gm37800,0.010208056876425621,1695,Geneformer
Rgs7bp,0.01020113094354059,1696,Geneformer
Slc48a1,0.010197494485726004,1697,Geneformer
Pdgfrl,0.010188510916158397,1698,Geneformer
Pla2g16,0.01018778742231674,1699,Geneformer
Rasl11b,0.010185991740020776,1700,Geneformer
Rhou,0.01018205894523594,1701,Geneformer
Plek2,0.010181034714246171,1702,Geneformer
Nqo1,0.010180335607597922,1703,Geneformer
Tnfrsf11b,0.010176683402838583,1704,Geneformer
Stxbp3,0.010166404092773466,1705,Geneformer
Edem1,0.010161906235397766,1706,Geneformer
Trpm3,0.010161212841502882,1707,Geneformer
Phlpp1,0.01014725736400579,1708,Geneformer
Fam111a,0.010146892897476974,1709,Geneformer
Wscd1,0.010146036849462204,1710,Geneformer
Gm12216,0.010130737146261996,1711,Geneformer
Thbs3,0.010129495649125901,1712,Geneformer
Bmp2,0.01012680179600895,1713,Geneformer
Cyp1b1,0.010120647807587124,1714,Geneformer
Vat1l,0.010118774328052816,1715,Geneformer
Gpnmb,0.010108927862161988,1716,Geneformer
Lix1,0.010105411121637008,1717,Geneformer
Fam183b,0.010100260095440367,1718,Geneformer
Cab39l,0.010084238421203229,1719,Geneformer
Ctdspl,0.010070633843253043,1720,Geneformer
Hgsnat,0.010067655364678274,1721,Geneformer
Ttyh1,0.01005125643306297,1722,Geneformer
Snca,0.010049442533830106,1723,Geneformer
Rnf7,0.010044996795228687,1724,Geneformer
Gpr37l1,0.010044074501890444,1725,Geneformer
Cysltr1,0.010041595261256812,1726,Geneformer
Vsir,0.010038515524667736,1727,Geneformer
Sox2,0.010029508414880827,1728,Geneformer
Gpm6b,0.010023083181137551,1729,Geneformer
Tmeff1,0.010020973748431482,1730,Geneformer
Tmbim1,0.010017543411630107,1731,Geneformer
Il2rb,0.010015758110783722,1732,Geneformer
Stk39,0.01000746841465815,1733,Geneformer
Fcrla,0.010007036113768101,1734,Geneformer
Camk2g,0.010006218674606665,1735,Geneformer
1700007K13Rik,0.010003330948589252,1736,Geneformer
Tgm1,0.01000112143657583,1737,Geneformer
Aldh1l1,0.00999864876255558,1738,Geneformer
Kif21a,0.009997764616938434,1739,Geneformer
Tnfrsf23,0.009991422761459052,1740,Geneformer
Tst,0.009989643137171163,1741,Geneformer
Arhgef26,0.009988398044100028,1742,Geneformer
Slc15a2,0.009982530250164464,1743,Geneformer
Polr3h,0.009980957613325948,1744,Geneformer
Skap1,0.009967598910982593,1745,Geneformer
Kcnj16,0.009966978945196762,1746,Geneformer
Klf15,0.009961744093631085,1747,Geneformer
Pdlim7,0.00995715921056897,1748,Geneformer
Smim1,0.009955094094489638,1749,Geneformer
Cbr3,0.009947102364624377,1750,Geneformer
F7,0.009942373409796408,1751,Geneformer
Cd80,0.009937704254068454,1752,Geneformer
Ctsk,0.009929259696121415,1753,Geneformer
Frmpd1os,0.009924918251204767,1754,Geneformer
Adgrv1,0.009912801065148243,1755,Geneformer
Clic6,0.009910905122644073,1756,Geneformer
Cytl1,0.009910455834137596,1757,Geneformer
Tsc22d4,0.009902294598156683,1758,Geneformer
Acsbg1,0.009901454682804017,1759,Geneformer
Bpgm,0.009900950164126742,1760,Geneformer
Acot7,0.009888627421223043,1761,Geneformer
Foxj1,0.009883258602842346,1762,Geneformer
Mt3,0.00987106507745036,1763,Geneformer
Celf2,0.00986767122517251,1764,Geneformer
Clmn,0.009866959358866499,1765,Geneformer
Ppfia4,0.009863343277853511,1766,Geneformer
Enho,0.0098542562504831,1767,Geneformer
Calml4,0.009842620338676989,1768,Geneformer
Nkx6-2,0.009842393910349332,1769,Geneformer
Dse,0.009841463415479122,1770,Geneformer
Kcnn2,0.009834899360441655,1771,Geneformer
Ncf1,0.009824437199472737,1772,Geneformer
Chrdl1,0.009822315208716405,1773,Geneformer
Mylk,0.009820758476925213,1774,Geneformer
Gng10,0.009818058528961487,1775,Geneformer
Cntn1,0.009812677956211024,1776,Geneformer
Phyh,0.00980959504428301,1777,Geneformer
Vsig2,0.00980533753818247,1778,Geneformer
Klrb1b,0.009803614981939514,1779,Geneformer
Rbm24,0.00980257195141935,1780,Geneformer
Lpp,0.00980080334247669,1781,Geneformer
Cbs,0.009799077774987532,1782,Geneformer
Sema4a,0.00979538413402302,1783,Geneformer
Cetn4,0.009795295320130001,1784,Geneformer
Irf5,0.009793756465039851,1785,Geneformer
Crym,0.00978631870447367,1786,Geneformer
Nrcam,0.00978056852184452,1787,Geneformer
Dok3,0.009778032662437654,1788,Geneformer
Hint2,0.009763410598534944,1789,Geneformer
Aurkb,0.00976221953600785,1790,Geneformer
Ngef,0.009756065473383542,1791,Geneformer
Hmha1,0.009753353862003543,1792,Geneformer
Edil3,0.009751801593341254,1793,Geneformer
Tmem173,0.009746717749005158,1794,Geneformer
Dio2,0.009746216071678816,1795,Geneformer
Nme5,0.009745967534899312,1796,Geneformer
Tmem255b,0.009745634557351146,1797,Geneformer
Tcea3,0.009743784726422275,1798,Geneformer
Cald1,0.009734906606735197,1799,Geneformer
Hexb,0.009727030281271672,1800,Geneformer
Upk1b,0.00972252666066031,1801,Geneformer
Fut9,0.009721663929706331,1802,Geneformer
Kdelr3,0.009718149284417648,1803,Geneformer
Ank3,0.009717814742486454,1804,Geneformer
Hck,0.009716601415689535,1805,Geneformer
Entpd2,0.00971124044658523,1806,Geneformer
Steap2,0.009709024642227428,1807,Geneformer
Arl3,0.00970864121996881,1808,Geneformer
Pou3f3,0.009707609157097619,1809,Geneformer
Cox7a1,0.009702267100716798,1810,Geneformer
Tagap,0.00970223348738553,1811,Geneformer
Hk2,0.009700579069180372,1812,Geneformer
Cd3d,0.00970012154631781,1813,Geneformer
Jph4,0.009697825488667893,1814,Geneformer
Tmem37,0.009697425430647796,1815,Geneformer
Susd3,0.009690518724425268,1816,Geneformer
Deb1,0.009679071381887151,1817,Geneformer
Dusp26,0.009676944691583523,1818,Geneformer
Adora3,0.009670020393624258,1819,Geneformer
Hist1h3e,0.009668659848540671,1820,Geneformer
Fcer1g,0.009666027423570403,1821,Geneformer
Tmod2,0.009660485970955857,1822,Geneformer
Mob2,0.009654160044778025,1823,Geneformer
Ncr1,0.009650003214329917,1824,Geneformer
Tspan11,0.009645295249499482,1825,Geneformer
S1pr5,0.009644022812483105,1826,Geneformer
Mid1ip1,0.009643888258149406,1827,Geneformer
Mras,0.009643826659048033,1828,Geneformer
Mzb1,0.009636760580336766,1829,Geneformer
C2,0.009633718256872908,1830,Geneformer
Tagln,0.009632993845938284,1831,Geneformer
Aoah,0.00962841844159987,1832,Geneformer
Vldlr,0.009626763925818271,1833,Geneformer
Igsf8,0.009626362347026799,1834,Geneformer
Cpm,0.009626276594147382,1835,Geneformer
Epha5,0.009624065415605315,1836,Geneformer
AI464131,0.009619848807753715,1837,Geneformer
Fam101a,0.009619839562755422,1838,Geneformer
Bphl,0.009614068873504555,1839,Geneformer
Pde3a,0.009607131189330863,1840,Geneformer
Foxp2,0.009594062166863147,1841,Geneformer
Susd5,0.009593050992848785,1842,Geneformer
Tcf21,0.009589886259441226,1843,Geneformer
Vmp1,0.009588995532747219,1844,Geneformer
Slc9b2,0.009585638827773767,1845,Geneformer
Zak,0.009579670609499599,1846,Geneformer
Gabrb1,0.00957299786455914,1847,Geneformer
Spi1,0.009572989365594775,1848,Geneformer
Snhg18,0.009572187551832277,1849,Geneformer
Penk,0.009571616672904598,1850,Geneformer
Tbx2,0.009568651303155875,1851,Geneformer
Trem2,0.009561090415075916,1852,Geneformer
Cldn11,0.009559564642488033,1853,Geneformer
Acad8,0.009556322932672664,1854,Geneformer
Pla2g3,0.009555328293385689,1855,Geneformer
Appl2,0.009548711233808415,1856,Geneformer
Hbb-bt,0.00954717538967098,1857,Geneformer
Fgf1,0.009546514524173379,1858,Geneformer
Stmn3,0.009542088850023054,1859,Geneformer
Tnpo3,0.00954074994480032,1860,Geneformer
Rock1,0.009536926433262524,1861,Geneformer
Trim2,0.00953220679256198,1862,Geneformer
Bdh1,0.009531376970716668,1863,Geneformer
Bex1,0.009522027876881257,1864,Geneformer
Blnk,0.009501913843065098,1865,Geneformer
Prr18,0.009501651273634008,1866,Geneformer
Cdh2,0.009498938868462292,1867,Geneformer
Stbd1,0.009494715227426408,1868,Geneformer
Camk2n1,0.009491406549219301,1869,Geneformer
Man2b1,0.00948026191268473,1870,Geneformer
Rhov,0.009478333468799349,1871,Geneformer
Foxg1,0.00947585110035308,1872,Geneformer
Havcr2,0.00946870442848592,1873,Geneformer
Nt5dc2,0.009464840569540842,1874,Geneformer
Pifo,0.009464227061090838,1875,Geneformer
Cd33,0.00945430015070821,1876,Geneformer
Myl9,0.009453553720029057,1877,Geneformer
Cmtm7,0.009450489689713161,1878,Geneformer
Lat,0.00944743413913933,1879,Geneformer
E130114P18Rik,0.009436030703770606,1880,Geneformer
Plekhf1,0.009431764065213823,1881,Geneformer
Prodh,0.009430744708754641,1882,Geneformer
Il1rap,0.009429508214635106,1883,Geneformer
Ppfibp2,0.009423532959572496,1884,Geneformer
Lgi3,0.009417254943892577,1885,Geneformer
Gpr37,0.009409945348247165,1886,Geneformer
Tusc5,0.009409173161333327,1887,Geneformer
Snx20,0.009404514844855577,1888,Geneformer
Runx1t1,0.00939916191644007,1889,Geneformer
Tpm2,0.009393167931940519,1890,Geneformer
Tctex1d4,0.00938355889353202,1891,Geneformer
C1s1,0.009379533163410291,1892,Geneformer
Otud1,0.009378199078763257,1893,Geneformer
Ptpro,0.009372944631736645,1894,Geneformer
Plekho1,0.009369463580671684,1895,Geneformer
Npas3,0.009354177326241225,1896,Geneformer
Smtn,0.009351096674824132,1897,Geneformer
Cd248,0.009350764472785423,1898,Geneformer
Rab32,0.00934650972947432,1899,Geneformer
Efhd1,0.00934239342399052,1900,Geneformer
Pde5a,0.009340973658448644,1901,Geneformer
Mki67,0.009340054144285048,1902,Geneformer
4933434E20Rik,0.009336274282095592,1903,Geneformer
Tpm1,0.009324217688678938,1904,Geneformer
Asb4,0.009321799340790431,1905,Geneformer
Rrad,0.009321367050024112,1906,Geneformer
Hmgcs1,0.009320330201442588,1907,Geneformer
Ccl8,0.00931952837887152,1908,Geneformer
Egr2,0.009315015923932404,1909,Geneformer
Plp1,0.009309257226433647,1910,Geneformer
Gm29538,0.00930375033256157,1911,Geneformer
Apbb1,0.009296763424472056,1912,Geneformer
Pmm1,0.009296592188132223,1913,Geneformer
Odf3b,0.009295514417993391,1914,Geneformer
Gucy1a3,0.009288272255406713,1915,Geneformer
Tmem229a,0.00927972646444907,1916,Geneformer
Elavl3,0.009273734640989587,1917,Geneformer
Timd4,0.009272692730725755,1918,Geneformer
Ubash3b,0.009254615343790087,1919,Geneformer
Rhoh,0.009252605225533849,1920,Geneformer
Slc26a7,0.009251292567865419,1921,Geneformer
Coch,0.009250213017919208,1922,Geneformer
Gpsm3,0.009245145833073287,1923,Geneformer
Gm15440,0.009241455688231762,1924,Geneformer
Lpxn,0.009240295683539951,1925,Geneformer
Rnf152,0.009236559792234016,1926,Geneformer
Angptl2,0.009234813064668015,1927,Geneformer
Rdh5,0.00923222128910327,1928,Geneformer
Pcdh11x,0.009230954383565592,1929,Geneformer
Itpk1,0.009227976995513539,1930,Geneformer
Dcaf17,0.009227674943824626,1931,Geneformer
Abca2,0.009222616323779367,1932,Geneformer
Fam105a,0.009210622932624866,1933,Geneformer
Map6d1,0.009208202126046682,1934,Geneformer
Golm1,0.009207936912254236,1935,Geneformer
P2ry13,0.009203182699428412,1936,Geneformer
Ehd3,0.009197597613108715,1937,Geneformer
Ppp1r12a,0.00918754789685103,1938,Geneformer
St6galnac5,0.009186076121303483,1939,Geneformer
Tmem52,0.009185355056383132,1940,Geneformer
Ninj2,0.009183350450724881,1941,Geneformer
Coq7,0.009175497873038362,1942,Geneformer
Asgr1,0.009172955607579355,1943,Geneformer
Ttyh3,0.009171480973595847,1944,Geneformer
Usp2,0.009168907708527381,1945,Geneformer
Ugt8a,0.009146981083984856,1946,Geneformer
Filip1,0.009140464151831838,1947,Geneformer
Flrt3,0.009138808991546427,1948,Geneformer
Drc7,0.009138743111935545,1949,Geneformer
Hhip,0.009136817138392447,1950,Geneformer
4930486L24Rik,0.009133838263235421,1951,Geneformer
Sytl2,0.00913332474893812,1952,Geneformer
Ccdc34,0.009132341755595222,1953,Geneformer
Fdft1,0.009126704644701862,1954,Geneformer
Hist3h2ba,0.009126279856729952,1955,Geneformer
Sirpa,0.009121534115356886,1956,Geneformer
Rpap3,0.009108798105350915,1957,Geneformer
Tmem107,0.009106132329562585,1958,Geneformer
Ccp110,0.009105893720660525,1959,Geneformer
Acsl3,0.009091309611454771,1960,Geneformer
Fam49b,0.009091275107182583,1961,Geneformer
Kcnab1,0.009090934688012765,1962,Geneformer
Cyth4,0.009087143105504665,1963,Geneformer
1700016K19Rik,0.009075722715751992,1964,Geneformer
Ccna2,0.009074383601310918,1965,Geneformer
2310001H17Rik,0.009073798196714757,1966,Geneformer
Scara5,0.009067673200105254,1967,Geneformer
Asprv1,0.009067560646150316,1968,Geneformer
Ltbp1,0.009065441869451431,1969,Geneformer
Meig1,0.009064669576832744,1970,Geneformer
Abca4,0.009058103221305838,1971,Geneformer
Dlgap1,0.00905213204007956,1972,Geneformer
Ranbp3l,0.009047469957148085,1973,Geneformer
1700026L06Rik,0.009046251137104689,1974,Geneformer
Klk8,0.00904535823473412,1975,Geneformer
Slc4a5,0.009042822292961756,1976,Geneformer
Plcl1,0.009041371891685695,1977,Geneformer
Cisd1,0.009031545337304527,1978,Geneformer
Fnbp1,0.009031048148354136,1979,Geneformer
Epdr1,0.009025517007105454,1980,Geneformer
Cspg4,0.009023373258881128,1981,Geneformer
Pygb,0.009023033674881898,1982,Geneformer
Vpreb3,0.009022000846410944,1983,Geneformer
Mcee,0.009021225883139493,1984,Geneformer
Adcyap1r1,0.009020264606699645,1985,Geneformer
Aurka,0.009019762761482747,1986,Geneformer
Cdhr4,0.00901302181262941,1987,Geneformer
Mir143hg,0.009004713863494879,1988,Geneformer
Ppil6,0.008978331543427061,1989,Geneformer
Ccdc113,0.008974244594378665,1990,Geneformer
Cox20,0.008973723445644259,1991,Geneformer
Mapt,0.008968980582530749,1992,Geneformer
Pebp1,0.008966515788906155,1993,Geneformer
Sccpdh,0.008960652686490147,1994,Geneformer
Gjb1,0.00895353913809002,1995,Geneformer
Smim22,0.008932431849380399,1996,Geneformer
Mtch1,0.008930205189428369,1997,Geneformer
Pcbp3,0.008923359341847771,1998,Geneformer
Vcl,0.00890840698082563,1999,Geneformer
Arxes2,0.008898862788726996,2000,Geneformer
Rasl12,0.008894729201265264,2001,Geneformer
Elovl6,0.008893167127651352,2002,Geneformer
Gal3st4,0.008873662708198135,2003,Geneformer
1500009C09Rik,0.008871219272176413,2004,Geneformer
1700012B09Rik,0.00887085785536324,2005,Geneformer
Tmem163,0.008869200547808704,2006,Geneformer
Rtkn,0.008858966768232609,2007,Geneformer
Rrm2b,0.008857939383731812,2008,Geneformer
Flt3,0.00884975701400963,2009,Geneformer
Kctd13,0.008843620290552696,2010,Geneformer
Snai1,0.008839204791720104,2011,Geneformer
Ctnnd2,0.008839079814471896,2012,Geneformer
Nlrp3,0.008838458105334169,2013,Geneformer
Thyn1,0.00883159028759776,2014,Geneformer
Mnd1,0.008826271872804317,2015,Geneformer
Fam132a,0.0088258846437257,2016,Geneformer
Sfxn1,0.008820690167356279,2017,Geneformer
Olig2,0.008812382046254391,2018,Geneformer
Mfap3l,0.008804088221989201,2019,Geneformer
Kcna1,0.008797787997661968,2020,Geneformer
Cpox,0.008791988852557914,2021,Geneformer
Tppp,0.008791815843820204,2022,Geneformer
Gm867,0.008790942038018503,2023,Geneformer
Ephb1,0.008789338735689566,2024,Geneformer
Slc39a4,0.008786533680508116,2025,Geneformer
Plekhh3,0.008782633777767486,2026,Geneformer
Tmem88b,0.008770103811067348,2027,Geneformer
P2ry6,0.008769831008757565,2028,Geneformer
Inhbb,0.008767889886171068,2029,Geneformer
Asrgl1,0.008760868452857196,2030,Geneformer
Cdkn3,0.008760868269457128,2031,Geneformer
Col5a2,0.008760081480399622,2032,Geneformer
Mpzl2,0.008758524982260776,2033,Geneformer
Cntnap2,0.00875686563188994,2034,Geneformer
Slc9a9,0.008752477982199823,2035,Geneformer
Ak1,0.008750959811651965,2036,Geneformer
Rbpms,0.008742087086597936,2037,Geneformer
Slc4a2,0.008736960163127522,2038,Geneformer
Arhgap30,0.008724810984191254,2039,Geneformer
Sfrp1,0.008723924775122077,2040,Geneformer
Cxcr6,0.008721479645731752,2041,Geneformer
Alox12,0.008719737454291868,2042,Geneformer
Myrf,0.008719491807547265,2043,Geneformer
Mns1,0.008716833301242852,2044,Geneformer
Gap43,0.008716541502139524,2045,Geneformer
Crtac1,0.008713697892634532,2046,Geneformer
Sox10,0.008711714228205065,2047,Geneformer
Otx2,0.008711494958562048,2048,Geneformer
Cd53,0.00871031960324047,2049,Geneformer
Gm13822,0.008698395266433233,2050,Geneformer
0610011F06Rik,0.008687969074476906,2051,Geneformer
Csf1r,0.008684218748013523,2052,Geneformer
Celf4,0.008683787612098468,2053,Geneformer
Htr1b,0.008675962456492886,2054,Geneformer
Cfap52,0.008673479932661118,2055,Geneformer
Htr2c,0.008665775071819913,2056,Geneformer
Mag,0.0086655845294823,2057,Geneformer
Cox8b,0.008650195238083167,2058,Geneformer
Rnf13,0.008639987688371608,2059,Geneformer
Gjc2,0.008637306968458543,2060,Geneformer
Arhgef7,0.008633285494716078,2061,Geneformer
Csf2rb,0.008627573002165325,2062,Geneformer
P3h3,0.00862445865343851,2063,Geneformer
Lrba,0.008607388834130779,2064,Geneformer
Ociad2,0.008604810699907404,2065,Geneformer
Pcdh9,0.008593259925758212,2066,Geneformer
Cadm2,0.008590291860225295,2067,Geneformer
Gm15417,0.008585752493012118,2068,Geneformer
Tmem158,0.008581114766574135,2069,Geneformer
Spag6l,0.008578874666582836,2070,Geneformer
Hmgn5,0.008576677394206655,2071,Geneformer
Desi1,0.008575158962931163,2072,Geneformer
Ascc1,0.008567371323033547,2073,Geneformer
Osr1,0.008566585647433478,2074,Geneformer
Mobp,0.008558289404052347,2075,Geneformer
Slc16a6,0.008555168474252155,2076,Geneformer
Srcin1,0.008547558801550507,2077,Geneformer
Gm10561,0.00854514827167785,2078,Geneformer
Tnfaip6,0.008541523331518404,2079,Geneformer
Tprn,0.008539158702291128,2080,Geneformer
Gldc,0.008538534933493373,2081,Geneformer
Enkur,0.008538457501838117,2082,Geneformer
Akr1b8,0.008522179377342762,2083,Geneformer
Cenpf,0.008521795251450515,2084,Geneformer
Crabp2,0.008516803867524252,2085,Geneformer
Hbb-y,0.008515046109398029,2086,Geneformer
Ctxn1,0.008510958438742264,2087,Geneformer
Amer2,0.008500326636259246,2088,Geneformer
Capsl,0.008500162955949672,2089,Geneformer
Ncf2,0.008493517373240089,2090,Geneformer
Ooep,0.008484908502643716,2091,Geneformer
1110004E09Rik,0.008483594901157177,2092,Geneformer
Ifit1bl1,0.008477956598418306,2093,Geneformer
P2rx7,0.008475668942717713,2094,Geneformer
Colec11,0.00846990593449784,2095,Geneformer
Zeb2os,0.008460616205104248,2096,Geneformer
Gja5,0.008458663813599497,2097,Geneformer
Tanc2,0.008455958941054659,2098,Geneformer
Kcnk13,0.008455253040651624,2099,Geneformer
Xcl1,0.008450094049691825,2100,Geneformer
Cldn2,0.008444568801614451,2101,Geneformer
Gdf10,0.008439699013484332,2102,Geneformer
Arpc1a,0.008430579716498783,2103,Geneformer
Fn3k,0.00843024548465075,2104,Geneformer
Slain1,0.008408080580394186,2105,Geneformer
Dpcd,0.008405441186496594,2106,Geneformer
Abca8a,0.008404407533987633,2107,Geneformer
Ndp,0.008403329812742036,2108,Geneformer
Rax,0.008400115326428561,2109,Geneformer
Il10ra,0.00839591394384631,2110,Geneformer
Arrb2,0.008395856166900917,2111,Geneformer
Lrrc51,0.008395515252871969,2112,Geneformer
Msi1,0.008385109079329524,2113,Geneformer
Shcbp1,0.008384752776354825,2114,Geneformer
Mapk13,0.008380332967494549,2115,Geneformer
Ptpdc1,0.008378408054401812,2116,Geneformer
Ift43,0.008376504560416456,2117,Geneformer
Gpc5,0.008373479828322717,2118,Geneformer
Serpinb1b,0.0083701794381281,2119,Geneformer
Nrxn3,0.008364112832102349,2120,Geneformer
Olig1,0.008353559640819233,2121,Geneformer
Phldb1,0.008344122422324554,2122,Geneformer
Cnp,0.008337001553680626,2123,Geneformer
Grhpr,0.008336180456250269,2124,Geneformer
Tfec,0.008334079709001517,2125,Geneformer
Cebpa,0.008325320648524258,2126,Geneformer
Mbp,0.00832087423948018,2127,Geneformer
1700001C02Rik,0.008316581337897451,2128,Geneformer
Lgi4,0.008309389784714218,2129,Geneformer
Dusp15,0.008296457824035432,2130,Geneformer
Qdpr,0.008294608610904572,2131,Geneformer
Dync2li1,0.008293927120764369,2132,Geneformer
Cdk15,0.00829166128344458,2133,Geneformer
A930007I19Rik,0.00829108730169508,2134,Geneformer
Il2ra,0.008285494350673828,2135,Geneformer
Zmynd15,0.00828219740499842,2136,Geneformer
Ptpn6,0.00827915775069228,2137,Geneformer
Laptm5,0.008275492581887627,2138,Geneformer
Slc44a1,0.008273991421164112,2139,Geneformer
Bnc2,0.008265714485933643,2140,Geneformer
Ntn4,0.008263337276952087,2141,Geneformer
Spa17,0.00825627367663638,2142,Geneformer
Sirt2,0.008253174767793973,2143,Geneformer
Gimap7,0.008246292197089703,2144,Geneformer
Cdc20,0.008241608601241799,2145,Geneformer
Pthlh,0.008229926603267464,2146,Geneformer
Smim4,0.008227039148109544,2147,Geneformer
Acsl6,0.008224819764743454,2148,Geneformer
Fads2,0.008221282275029137,2149,Geneformer
2700038G22Rik,0.008220571256457825,2150,Geneformer
Nuf2,0.008217619719930059,2151,Geneformer
Ctss,0.008202118299617915,2152,Geneformer
Nxnl2,0.008193315398921635,2153,Geneformer
Rab3il1,0.008179374685110617,2154,Geneformer
Moxd1,0.008177236662286032,2155,Geneformer
Hacd1,0.00817097006041832,2156,Geneformer
Ephx2,0.008155133102417667,2157,Geneformer
Abhd17b,0.008150804187884476,2158,Geneformer
Slmap,0.008147837247312467,2159,Geneformer
Gpr183,0.008136080878012639,2160,Geneformer
Fbxo36,0.008134327840326267,2161,Geneformer
Sall3,0.008133072706316535,2162,Geneformer
Tmem237,0.008130944549397046,2163,Geneformer
Hcls1,0.008120304505520363,2164,Geneformer
Rgma,0.00809886273051273,2165,Geneformer
Cryba4,0.008097107895306538,2166,Geneformer
Prkcz,0.008092711751484667,2167,Geneformer
Gm17501,0.008090648416361718,2168,Geneformer
Fgd2,0.008089870916241875,2169,Geneformer
Pak1,0.008074674775968394,2170,Geneformer
Cfap36,0.008067612395864506,2171,Geneformer
Dusp14,0.008050635606680952,2172,Geneformer
Kcnmb1,0.008047985639708705,2173,Geneformer
Tmem151a,0.008040633646298,2174,Geneformer
Fam81a,0.008039439850391851,2175,Geneformer
Cd3e,0.00803807878175586,2176,Geneformer
Ankub1,0.008032213484750592,2177,Geneformer
Poc1a,0.00802932737466762,2178,Geneformer
Tyro3,0.008026835020242413,2179,Geneformer
Sh2d1a,0.008025464838308967,2180,Geneformer
Gabrg1,0.008017849331231957,2181,Geneformer
Cd300e,0.007991628646226134,2182,Geneformer
Arl4c,0.007987713612627194,2183,Geneformer
Atp9a,0.007986278971470107,2184,Geneformer
Fbxo44,0.007978504950341199,2185,Geneformer
Tbx1,0.00797837891294114,2186,Geneformer
Csdc2,0.007972456085764726,2187,Geneformer
Magi2,0.007969377058102023,2188,Geneformer
Hist1h4h,0.007963229516853148,2189,Geneformer
Six1,0.007959888401620142,2190,Geneformer
Dennd5b,0.007954469292815363,2191,Geneformer
Alx3,0.00795410228070682,2192,Geneformer
Fuom,0.007939890479805147,2193,Geneformer
Pip5k1b,0.007931765254658062,2194,Geneformer
Acox3,0.007921910401812456,2195,Geneformer
Pag1,0.007913073187591834,2196,Geneformer
Clybl,0.007908426678906379,2197,Geneformer
Nmral1,0.007906307144672912,2198,Geneformer
Six3,0.00790050471264847,2199,Geneformer
Gna15,0.00789877494890499,2200,Geneformer
Filip1l,0.00789212214148225,2201,Geneformer
Dab1,0.007881508266012102,2202,Geneformer
Tnfaip8l2,0.00787902191695529,2203,Geneformer
Morn5,0.00787881483545615,2204,Geneformer
Skint3,0.007873338320229193,2205,Geneformer
Gm10714,0.007860212356722834,2206,Geneformer
Pou3f2,0.007859667472455303,2207,Geneformer
Dnah6,0.007855754305418213,2208,Geneformer
Mrgpra2a,0.007854277860064726,2209,Geneformer
Klhl2,0.007850613045981258,2210,Geneformer
Tbc1d9,0.007835743780774894,2211,Geneformer
Pih1d2,0.00781462034417474,2212,Geneformer
Zc2hc1a,0.007811642131313219,2213,Geneformer
Sv2a,0.007811568830100102,2214,Geneformer
Scamp2,0.0078089776183406625,2215,Geneformer
Slc7a3,0.007797378021832313,2216,Geneformer
Hpgds,0.007774418966318372,2217,Geneformer
Tfpi2,0.007770905791668404,2218,Geneformer
Dnah12,0.007769842572577946,2219,Geneformer
Inpp5d,0.00776396410369187,2220,Geneformer
Igfbpl1,0.007762436530778693,2221,Geneformer
Klrc1,0.007761374421380579,2222,Geneformer
Irf8,0.007756209066172274,2223,Geneformer
Hpse,0.0077545473071102995,2224,Geneformer
Phldb2,0.007749021425881138,2225,Geneformer
Hist2h4,0.007737994357603713,2226,Geneformer
Pola2,0.007729810306650073,2227,Geneformer
Limd1,0.007722086649963665,2228,Geneformer
Smpd3,0.0077170941835499485,2229,Geneformer
Adamtsl3,0.007705269232932608,2230,Geneformer
Ap2a1,0.007703181781344387,2231,Geneformer
Crygn,0.007698830133717159,2232,Geneformer
B9d1,0.007694668030526814,2233,Geneformer
Lrrn1,0.007692173105152906,2234,Geneformer
Tmem63a,0.007683712222835298,2235,Geneformer
Ins2,0.007675489049447228,2236,Geneformer
Kazn,0.007673741525240583,2237,Geneformer
Plcd4,0.007665338656309378,2238,Geneformer
Raet1d,0.007657865338191619,2239,Geneformer
Lgr4,0.007657518378224522,2240,Geneformer
Morn2,0.007649275322221122,2241,Geneformer
1700088E04Rik,0.007647612352008531,2242,Geneformer
Strip2,0.00764667734245,2243,Geneformer
RP23-4H17.3,0.007635895488640169,2244,Geneformer
Tmem38a,0.00763547126825134,2245,Geneformer
Cmss1,0.007632609432150386,2246,Geneformer
Sh2d2a,0.0076237997325053755,2247,Geneformer
1700007G11Rik,0.007623099906149142,2248,Geneformer
Hey2,0.007619629428633239,2249,Geneformer
Cyp4f14,0.0076112432396576064,2250,Geneformer
Paqr8,0.00760959568635439,2251,Geneformer
Gm5,0.0076046838559410065,2252,Geneformer
Fam20a,0.007594865841279746,2253,Geneformer
Samd4,0.0075793329659544426,2254,Geneformer
Ppp2r2b,0.007575157828155265,2255,Geneformer
Fstl3,0.007560311347092149,2256,Geneformer
Prps2,0.007556443795237923,2257,Geneformer
Lrrc48,0.0075518026931925535,2258,Geneformer
Alx1,0.007549700582544133,2259,Geneformer
Myom1,0.0075443836114677055,2260,Geneformer
Gm26870,0.007543728340666769,2261,Geneformer
Mylip,0.007539446680522111,2262,Geneformer
Tlr7,0.007534281640802764,2263,Geneformer
Tiam2,0.007532949066501855,2264,Geneformer
Serpinb10,0.007532051152357205,2265,Geneformer
Aoc3,0.007531665380304017,2266,Geneformer
Sntn,0.007528080150633722,2267,Geneformer
Wnt6,0.007526835049887361,2268,Geneformer
Nrtn,0.007520933853298181,2269,Geneformer
Plekhb1,0.007517259643051051,2270,Geneformer
Cth,0.007516055022298873,2271,Geneformer
Foxs1,0.007514994225869846,2272,Geneformer
Thbs2,0.0075068037981387194,2273,Geneformer
Nnmt,0.00749637491552685,2274,Geneformer
Olfr78,0.007491648847092524,2275,Geneformer
Rbp4,0.007491556855997604,2276,Geneformer
Cxadr,0.00746994565982112,2277,Geneformer
Abi3bp,0.007456323076186172,2278,Geneformer
Emx2,0.007442419745272867,2279,Geneformer
Ptprn,0.007426151024668572,2280,Geneformer
Gm44257,0.00742493639130938,2281,Geneformer
Hmmr,0.007422202885424945,2282,Geneformer
Crot,0.007405479871365555,2283,Geneformer
Tcap,0.007403097127155213,2284,Geneformer
Unc93b1,0.0073851549101291184,2285,Geneformer
Ccdc184,0.0073838916695650484,2286,Geneformer
Tifab,0.007375782286449052,2287,Geneformer
Fgfr2,0.007357474683181073,2288,Geneformer
Faim2,0.007353003253501375,2289,Geneformer
Ppp1r3c,0.007350611638781889,2290,Geneformer
Cxcr3,0.007348637744815064,2291,Geneformer
Casp1,0.007329741468932083,2292,Geneformer
Ccdc190,0.007308628941160039,2293,Geneformer
Tgfb1i1,0.007308043521087146,2294,Geneformer
Ppp2r2c,0.007287783738017116,2295,Geneformer
Iqca,0.0072741337974850055,2296,Geneformer
Alas2,0.007272796825500164,2297,Geneformer
Srpx2,0.007269668086790155,2298,Geneformer
Krt8,0.0072666594335961746,2299,Geneformer
Chpt1,0.007264512645141315,2300,Geneformer
Kcne3,0.007262590631426381,2301,Geneformer
Pcdh10,0.007256755603190055,2302,Geneformer
Dnajb2,0.007244999964540501,2303,Geneformer
Ckap2l,0.007230093463683033,2304,Geneformer
Cd28,0.007229960515518839,2305,Geneformer
Il21r,0.0072294698413834825,2306,Geneformer
Slc4a3,0.007227173361403418,2307,Geneformer
Cfap100,0.00722444752548712,2308,Geneformer
Dydc2,0.007222111779100385,2309,Geneformer
Gpt,0.00721749134769947,2310,Geneformer
Aox3,0.007210682739204207,2311,Geneformer
Rapsn,0.007196121694812667,2312,Geneformer
Cap2,0.007193561642332979,2313,Geneformer
Clic3,0.007187137483841758,2314,Geneformer
Nodal,0.00717972038884047,2315,Geneformer
Fezf2,0.007177428594010881,2316,Geneformer
Rnf182,0.00717414851434001,2317,Geneformer
Cyp26b1,0.007168113246550913,2318,Geneformer
Smoc2,0.007157331849211681,2319,Geneformer
Tbxas1,0.007156618132024025,2320,Geneformer
Nts,0.007144287525700378,2321,Geneformer
Aplnr,0.007139506939510903,2322,Geneformer
Trp53bp2,0.00713673410155959,2323,Geneformer
Afp,0.00713605125293187,2324,Geneformer
P2rx1,0.007127952086027605,2325,Geneformer
Ccpg1os,0.007120671949628851,2326,Geneformer
Cfap161,0.007117543436693759,2327,Geneformer
Cfap54,0.0071141795294295575,2328,Geneformer
Arc,0.0070996993447057935,2329,Geneformer
Gng8,0.007089710508549368,2330,Geneformer
Dcaf12l1,0.007085009501758972,2331,Geneformer
RP23-81F19.2,0.007077297802063118,2332,Geneformer
Pla2g15,0.007055241819972951,2333,Geneformer
Hepacam,0.0070514533503727075,2334,Geneformer
Spata24,0.007048417197860913,2335,Geneformer
Vill,0.007046973230163946,2336,Geneformer
Metrn,0.007046068709876269,2337,Geneformer
Adamts5,0.007045893858364832,2338,Geneformer
Gjc3,0.0070437901000046125,2339,Geneformer
AI854517,0.007042409184805535,2340,Geneformer
Slc29a4,0.007041506542285821,2341,Geneformer
F630028O10Rik,0.00702848659967965,2342,Geneformer
Rilp,0.007022268187484369,2343,Geneformer
Pou3f1,0.007000075901433138,2344,Geneformer
Slc46a1,0.00698808992438894,2345,Geneformer
Agl,0.0069604674481393534,2346,Geneformer
Adh5,0.006957307193205413,2347,Geneformer
Cfap206,0.006951364493718459,2348,Geneformer
Srpk1,0.006922922029529758,2349,Geneformer
Prg4,0.006913278023675384,2350,Geneformer
Epb41l3,0.006911631356384529,2351,Geneformer
Tmem72,0.006905930611456324,2352,Geneformer
Cep162,0.006893864826176939,2353,Geneformer
Hspa4l,0.006892515233718941,2354,Geneformer
1700001L19Rik,0.006890646456000149,2355,Geneformer
Plk4,0.006871788527669366,2356,Geneformer
Ccdc167,0.006865931409750891,2357,Geneformer
Daglb,0.006861020034013841,2358,Geneformer
Gabbr1,0.006849573067435384,2359,Geneformer
Mapk4,0.006845943948543714,2360,Geneformer
Scd3,0.006844738827402086,2361,Geneformer
Shisa4,0.00684188368993574,2362,Geneformer
Stmn4,0.006838244931537013,2363,Geneformer
Mfap5,0.006834314990333756,2364,Geneformer
Ifng,0.006830760576981193,2365,Geneformer
Ppp2r3a,0.006815129424210134,2366,Geneformer
Kcna2,0.00679383330878681,2367,Geneformer
4833445I07Rik,0.00679117464131554,2368,Geneformer
Ermn,0.00678476062253407,2369,Geneformer
Clec2i,0.0067843636103481295,2370,Geneformer
Tubb4a,0.006781049065597001,2371,Geneformer
Spef1,0.006775806007574851,2372,Geneformer
Vav1,0.006764060621149687,2373,Geneformer
Ccdc146,0.006760618264967779,2374,Geneformer
Lrrc10b,0.006745638862321884,2375,Geneformer
Tnfrsf13c,0.006733992505264303,2376,Geneformer
2410004P03Rik,0.0067137122656219924,2377,Geneformer
Prox1,0.006707275845901675,2378,Geneformer
Pomc,0.006706418877296186,2379,Geneformer
Ikzf1,0.006688323749543019,2380,Geneformer
Lpar3,0.006675809152115428,2381,Geneformer
Prrx2,0.006674986764493551,2382,Geneformer
Clspn,0.006668465671854377,2383,Geneformer
Epn3,0.006646401398075091,2384,Geneformer
Tnxb,0.006644925857917371,2385,Geneformer
Plk1,0.0066432651071781125,2386,Geneformer
Fam83d,0.006639388468429925,2387,Geneformer
Wfikkn2,0.006639233664263087,2388,Geneformer
Cdc37l1,0.00662565098875225,2389,Geneformer
Tmem27,0.006624067369115358,2390,Geneformer
A230009B12Rik,0.006621476448400931,2391,Geneformer
Exoc3l2,0.006608096883564206,2392,Geneformer
Pcbp4,0.006581032601638755,2393,Geneformer
Efnb3,0.00657993331690485,2394,Geneformer
Egln3,0.006573294584429584,2395,Geneformer
Dnah14,0.006567277581636067,2396,Geneformer
Dner,0.006566085264415344,2397,Geneformer
Htr2b,0.006558458976718394,2398,Geneformer
Ppargc1a,0.006553760369041453,2399,Geneformer
Nim1k,0.00653184861478528,2400,Geneformer
Larp6,0.006527972294840593,2401,Geneformer
Nr2e1,0.0065055242603107195,2402,Geneformer
Slc2a4,0.006504063236840373,2403,Geneformer
Prok2,0.006503116159493415,2404,Geneformer
Cd8b1,0.006495244859812989,2405,Geneformer
Ctxn3,0.006495172733588363,2406,Geneformer
Tulp3,0.0064902333284333,2407,Geneformer
Ano4,0.00648701441945753,2408,Geneformer
Pik3c2b,0.006481682929893434,2409,Geneformer
Rsph4a,0.0064711319861438295,2410,Geneformer
Kcnk3,0.006463539826967712,2411,Geneformer
Dnali1,0.006455393047316259,2412,Geneformer
Snx15,0.006443837711714585,2413,Geneformer
Zfp536,0.006442534070310068,2414,Geneformer
Wfdc18,0.006437448242352663,2415,Geneformer
Thumpd3,0.006432969262226751,2416,Geneformer
4833407H14Rik,0.00641790656623878,2417,Geneformer
Ak7,0.00641355155819222,2418,Geneformer
Map1a,0.006411055515816081,2419,Geneformer
Npr3,0.006403054620664755,2420,Geneformer
Spef2,0.0063991467353597346,2421,Geneformer
Kndc1,0.0063972093281862655,2422,Geneformer
1700040L02Rik,0.006373606582711609,2423,Geneformer
Cd19,0.006342264287087255,2424,Geneformer
3300002A11Rik,0.006341612297655103,2425,Geneformer
Josd2,0.006335802012185581,2426,Geneformer
1700024G13Rik,0.006332778482687472,2427,Geneformer
Pak3,0.006329212388614601,2428,Geneformer
Siglec1,0.006324272904607856,2429,Geneformer
Ubxn11,0.0063130861264125955,2430,Geneformer
Nat8,0.006295527094428065,2431,Geneformer
Lrrc23,0.006291552042827845,2432,Geneformer
Ypel2,0.006269129116074987,2433,Geneformer
Mapk8ip1,0.006267359005064968,2434,Geneformer
Spib,0.006262861029833257,2435,Geneformer
Ak8,0.006258567138147968,2436,Geneformer
Cdca2,0.006250753496960293,2437,Geneformer
Fam64a,0.0062353092060398515,2438,Geneformer
Fermt3,0.0062195517393436655,2439,Geneformer
Frmd8,0.006215171218642782,2440,Geneformer
Dscaml1,0.0061930611037092085,2441,Geneformer
Bhmt,0.0061906426679410485,2442,Geneformer
Plekhh1,0.006189501876140427,2443,Geneformer
Esco2,0.0061843932750442745,2444,Geneformer
Rsph10b,0.006178876810411419,2445,Geneformer
Gpr18,0.006168479597415307,2446,Geneformer
Svip,0.006163876228048148,2447,Geneformer
Smco3,0.006160193890429134,2448,Geneformer
Btla,0.00615238977072415,2449,Geneformer
Gm20186,0.006145482714208625,2450,Geneformer
Stat4,0.006144954695587504,2451,Geneformer
Nkain2,0.006139765926398602,2452,Geneformer
Ppp1r36,0.006134887223945738,2453,Geneformer
Tspan8,0.006131329248143092,2454,Geneformer
Neil3,0.006125566724693241,2455,Geneformer
Crb3,0.006120528767816509,2456,Geneformer
Col25a1,0.006107655885909866,2457,Geneformer
Rasal1,0.0061025226057867255,2458,Geneformer
A530064D06Rik,0.006094369894389763,2459,Geneformer
Nipa1,0.006084834298307262,2460,Geneformer
Ptgdr,0.006083960851998966,2461,Geneformer
Klrb1a,0.006072808291568272,2462,Geneformer
Cd209g,0.00607106656901713,2463,Geneformer
Gm12326,0.006066987441477438,2464,Geneformer
Chchd6,0.006042778579510046,2465,Geneformer
Gm29666,0.006031513316791458,2466,Geneformer
Polr3e,0.006028285929206825,2467,Geneformer
Fhit,0.006027574360141914,2468,Geneformer
Fzd9,0.0060241596225325605,2469,Geneformer
Map7,0.005998808875077958,2470,Geneformer
Gm973,0.00599594319529322,2471,Geneformer
Sult1c2,0.005978978893556714,2472,Geneformer
Arhgef40,0.0059752543163981,2473,Geneformer
Cyp4b1,0.0059738073267993665,2474,Geneformer
1700028P14Rik,0.005972955763534434,2475,Geneformer
Serpina3f,0.005959450489679511,2476,Geneformer
Gfod2,0.005931731048402389,2477,Geneformer
Cfap45,0.005927962834882156,2478,Geneformer
Gfpt2,0.005926882278810497,2479,Geneformer
Gm10138,0.005900848798463448,2480,Geneformer
Medag,0.005898462687611342,2481,Geneformer
Gm13470,0.005889293076292184,2482,Geneformer
Pde3b,0.005887044198666878,2483,Geneformer
Dlx2,0.005886534682176748,2484,Geneformer
Efcab1,0.005885651577609936,2485,Geneformer
C730034F03Rik,0.005856497956836536,2486,Geneformer
Nell2,0.0058534826406740435,2487,Geneformer
Plpp4,0.00584530600397712,2488,Geneformer
Ado,0.005844845231715309,2489,Geneformer
Trpc4,0.0058386380957836485,2490,Geneformer
Adrb1,0.005834913589797097,2491,Geneformer
Tsku,0.005824485079987861,2492,Geneformer
Fam19a1,0.005821156578200563,2493,Geneformer
Ppp1r32,0.005820190952030359,2494,Geneformer
Gucy2g,0.005814807994473932,2495,Geneformer
Got1l1,0.005807239678559776,2496,Geneformer
Casc5,0.005799626049067414,2497,Geneformer
Nfe2l3,0.0057939688258242675,2498,Geneformer
Rad54l,0.005783774343225864,2499,Geneformer
Wnt3,0.005782368646062952,2500,Geneformer
Dlx1,0.005779312821097858,2501,Geneformer
Hpca,0.00576380660933032,2502,Geneformer
Gzmk,0.005750793872791136,2503,Geneformer
Gabrr2,0.005749025738833221,2504,Geneformer
Pak7,0.00574841247578027,2505,Geneformer
Fam166b,0.005742838921363416,2506,Geneformer
Saxo2,0.005735861736075999,2507,Geneformer
Gm20406,0.0057350625030061515,2508,Geneformer
Vit,0.005731709248502232,2509,Geneformer
Sult5a1,0.005724503780782101,2510,Geneformer
Chek2,0.005702308243819153,2511,Geneformer
Mog,0.0057016346949814705,2512,Geneformer
Mis18bp1,0.005698190271726853,2513,Geneformer
Plau,0.005677422184972316,2514,Geneformer
Fa2h,0.005645975057005812,2515,Geneformer
Cd8a,0.0056441372157293715,2516,Geneformer
Bex6,0.005633929828058641,2517,Geneformer
Lama1,0.0056302662936733895,2518,Geneformer
Cd109,0.005629889780942854,2519,Geneformer
Iqub,0.00561540849022049,2520,Geneformer
Ccdc33,0.0056125313212385605,2521,Geneformer
Bbox1,0.005610177130722799,2522,Geneformer
Cyp2j12,0.005609666997883594,2523,Geneformer
Elmod1,0.0056079906040890455,2524,Geneformer
Cfap77,0.005601612255054186,2525,Geneformer
Tmem80,0.0055978682769386515,2526,Geneformer
Slc35g1,0.005576995136622567,2527,Geneformer
Elovl2,0.005560751625304081,2528,Geneformer
Unc13d,0.005557097878433788,2529,Geneformer
Gzmm,0.005553393926650013,2530,Geneformer
Plppr3,0.005542248249445128,2531,Geneformer
Ciita,0.005525298099843151,2532,Geneformer
Orm1,0.0055208419242819004,2533,Geneformer
Prox1os,0.0055016498934221765,2534,Geneformer
Nrg1,0.005495125275904722,2535,Geneformer
Cd247,0.005487153084588672,2536,Geneformer
Rab33a,0.005440474660085034,2537,Geneformer
Kcnk5,0.005420004278747314,2538,Geneformer
Cdhr3,0.00541977055253166,2539,Geneformer
Pde4c,0.005404705590864001,2540,Geneformer
Slc14a2,0.005392575824449779,2541,Geneformer
Tmem40,0.005388142572824761,2542,Geneformer
Gabbr2,0.0053849148278130275,2543,Geneformer
Dlx6os1,0.0053822713485615,2544,Geneformer
Spag17,0.005362277982394223,2545,Geneformer
9830107B12Rik,0.005359427924985839,2546,Geneformer
Pls1,0.005345009389801137,2547,Geneformer
Nrn1,0.005338185666250716,2548,Geneformer
Cmah,0.005336213761627559,2549,Geneformer
D630024D03Rik,0.005323615219376885,2550,Geneformer
Mapk15,0.005320731852332389,2551,Geneformer
Msc,0.0053096824397485375,2552,Geneformer
Arhgef25,0.005306754636363493,2553,Geneformer
Paip2b,0.005284895788917764,2554,Geneformer
Otx2os1,0.005273716543048541,2555,Geneformer
Gata6,0.005271369748870456,2556,Geneformer
Noa1,0.00526877881283093,2557,Geneformer
Kif11,0.005254475522648748,2558,Geneformer
Hepacam2,0.005221835588885204,2559,Geneformer
Cpxm2,0.005221290397553922,2560,Geneformer
Gm26772,0.005215755097660498,2561,Geneformer
Ccdc108,0.005202121506597877,2562,Geneformer
Slc24a2,0.005161293567084805,2563,Geneformer
Ces2e,0.005160415221149967,2564,Geneformer
Fasl,0.00515589162490712,2565,Geneformer
Clca3a1,0.00515263985839058,2566,Geneformer
Lrrc74b,0.005151270172990902,2567,Geneformer
Cited1,0.005140241414415214,2568,Geneformer
Gal3st1,0.005135097168240192,2569,Geneformer
Klri2,0.005129095330975552,2570,Geneformer
Tmem125,0.005102467655404124,2571,Geneformer
Nol3,0.0050665943705880765,2572,Geneformer
Gm29508,0.005043819349366275,2573,Geneformer
Sp9,0.0050411111542638535,2574,Geneformer
Zmynd10,0.005036081808524436,2575,Geneformer
Cldn3,0.0050271089913117946,2576,Geneformer
Nlrc3,0.005022097720351572,2577,Geneformer
Dcx,0.00500231560889788,2578,Geneformer
Spata33,0.005000649542982115,2579,Geneformer
Hotairm1,0.004986940853162443,2580,Geneformer
Ffar2,0.004984923503691572,2581,Geneformer
Blk,0.004983978041661925,2582,Geneformer
Plet1,0.004971499772396708,2583,Geneformer
Prr29,0.0049675486167051865,2584,Geneformer
Tc2n,0.004962999994590706,2585,Geneformer
Col11a1,0.004944642168676445,2586,Geneformer
Lrrc46,0.004943841295793356,2587,Geneformer
Lrrc4b,0.004913366821101373,2588,Geneformer
Cd209d,0.0048951451071251335,2589,Geneformer
Dnajb13,0.004885679167801663,2590,Geneformer
Il13ra2,0.0048713174093255795,2591,Geneformer
Syt4,0.004865322318518752,2592,Geneformer
Casq1,0.004860291999226884,2593,Geneformer
Gm14051,0.00485987056709883,2594,Geneformer
Wdr66,0.004840041465838198,2595,Geneformer
Dkk2,0.004832240109259352,2596,Geneformer
Dnah9,0.004822788811577163,2597,Geneformer
Cntn2,0.004820762470813792,2598,Geneformer
6820408C15Rik,0.00481425282175514,2599,Geneformer
Pgam2,0.004807241397543137,2600,Geneformer
Dlx5,0.004740780548733137,2601,Geneformer
Thbs4,0.004727679693469609,2602,Geneformer
Saa1,0.004709898010534781,2603,Geneformer
Pcgf2,0.004688474297172683,2604,Geneformer
Aldh1a3,0.004683931855723601,2605,Geneformer
Iqcg,0.0046769120722385624,2606,Geneformer
Fanci,0.004674385785505623,2607,Geneformer
Gpr62,0.0046698913941133485,2608,Geneformer
Bcl11b,0.0045924948757654705,2609,Geneformer
Fcnb,0.004589545435919166,2610,Geneformer
D7Ertd443e,0.004589208576369706,2611,Geneformer
Cldn14,0.004576599633998787,2612,Geneformer
Bdnf,0.004576252094246741,2613,Geneformer
A330069E16Rik,0.004573275342314749,2614,Geneformer
Zfp365,0.004528363399829993,2615,Geneformer
Fxyd2,0.004510093216343828,2616,Geneformer
Tekt4,0.004485994230704261,2617,Geneformer
Rpl3l,0.004480794560366117,2618,Geneformer
Chac1,0.0044676672643416135,2619,Geneformer
Tacstd2,0.004429107583694164,2620,Geneformer
Daw1,0.00442688206282832,2621,Geneformer
Col9a2,0.004424465103622144,2622,Geneformer
Ccdc121,0.004411115282872988,2623,Geneformer
Hydin,0.004401823357861638,2624,Geneformer
Lamb3,0.0043976861721805255,2625,Geneformer
Dhrs9,0.004370341226340837,2626,Geneformer
Cd160,0.004365071755042556,2627,Geneformer
Sept3,0.004362356648233748,2628,Geneformer
FRMPD2,0.004344340936298199,2629,Geneformer
Terf2ip,0.004341352517985551,2630,Geneformer
Gm17455,0.004293878733115527,2631,Geneformer
Prss56,0.00428762533476955,2632,Geneformer
Pdcd1,0.00428686242615004,2633,Geneformer
Wdr78,0.004275227334229195,2634,Geneformer
Calb2,0.004271375636275117,2635,Geneformer
Rprm,0.00424931037558863,2636,Geneformer
Saa2,0.004240094989732562,2637,Geneformer
Sag,0.004202272897224081,2638,Geneformer
Maats1,0.00419669539907546,2639,Geneformer
Tmem171,0.0041951073475334335,2640,Geneformer
St18,0.004180682755093131,2641,Geneformer
Gm19585,0.004147009462252581,2642,Geneformer
Kcnb2,0.004134211411418327,2643,Geneformer
Lrrtm3,0.004125219572746544,2644,Geneformer
Olr1,0.004121024012372087,2645,Geneformer
Dnah5,0.004110019463809778,2646,Geneformer
3830403N18Rik,0.004082449741497694,2647,Geneformer
Myo16,0.004074432303834511,2648,Geneformer
Nkx2-1,0.004072816655464721,2649,Geneformer
Klrb1f,0.004067672191052137,2650,Geneformer
Tjp3,0.004067598129646709,2651,Geneformer
Defb9,0.00406298240699579,2652,Geneformer
Slc6a12,0.004053571454951106,2653,Geneformer
B230312C02Rik,0.004048261224735078,2654,Geneformer
Gm26525,0.004046452481269478,2655,Geneformer
Gm20383,0.0040354278664126615,2656,Geneformer
Gm11681,0.00403314553129875,2657,Geneformer
Acot5,0.004028170851048008,2658,Geneformer
Nog,0.004024552144862383,2659,Geneformer
Hist1h1b,0.004023734279171668,2660,Geneformer
Lrrn4cl,0.004018660239741695,2661,Geneformer
Morn3,0.0039874677566590026,2662,Geneformer
Gm5547,0.003955067348903073,2663,Geneformer
Rnf138rt1,0.00395032757098183,2664,Geneformer
Ccdc78,0.003939327398912073,2665,Geneformer
Wdr63,0.00392993903285788,2666,Geneformer
BC094916,0.003925282687690585,2667,Geneformer
Zp3,0.00391279046258251,2668,Geneformer
Lrrc36,0.0039048704658416747,2669,Geneformer
Gm13075,0.0038821212370279586,2670,Geneformer
Stoml3,0.0038813370988267427,2671,Geneformer
A930017K11Rik,0.003855479234575023,2672,Geneformer
Rmi2,0.0038527676064294115,2673,Geneformer
Drc1,0.0038518011011067226,2674,Geneformer
Wisp2,0.0038506408395085315,2675,Geneformer
Rbp2,0.00385044192695869,2676,Geneformer
Crmp1,0.0038488448664246535,2677,Geneformer
Stmnd1,0.003836703758853121,2678,Geneformer
Als2,0.0037762807743036953,2679,Geneformer
Scn7a,0.003774912662704291,2680,Geneformer
Pbld2,0.003772748859456736,2681,Geneformer
Opcml,0.0037621686915099758,2682,Geneformer
Samd3,0.003738389817002012,2683,Geneformer
Upb1,0.003729219821798946,2684,Geneformer
Ska1,0.0037282600185831864,2685,Geneformer
Shank1,0.0037184933239435168,2686,Geneformer
Gm3550,0.003707800573046014,2687,Geneformer
Uox,0.003705678423199441,2688,Geneformer
Ryr2,0.0036984595895763555,2689,Geneformer
Fank1,0.003676542511990935,2690,Geneformer
Tfap2a,0.0036750217975884394,2691,Geneformer
Armc4,0.0036664672586004974,2692,Geneformer
Itgbl1,0.00365750779190634,2693,Geneformer
Bricd5,0.00365287998329447,2694,Geneformer
Serpind1,0.003650339398851266,2695,Geneformer
Gm16006,0.003648162527204542,2696,Geneformer
Dlk1,0.003611090506885043,2697,Geneformer
Grin2b,0.0036040347305837123,2698,Geneformer
Ptgfr,0.003590679002569245,2699,Geneformer
Tnfrsf4,0.0035858576309533113,2700,Geneformer
Eomes,0.003580371035639904,2701,Geneformer
Adamts20,0.003560248800522554,2702,Geneformer
Car9,0.0035555558477713017,2703,Geneformer
Ucma,0.003538624929029973,2704,Geneformer
Bbof1,0.003538113637718713,2705,Geneformer
Pde1c,0.003536036246191558,2706,Geneformer
Cd226,0.0035308338791662937,2707,Geneformer
Btc,0.0035178842963169846,2708,Geneformer
Pla2g2d,0.003499863777499034,2709,Geneformer
Tespa1,0.00349943570275732,2710,Geneformer
Dnajc5b,0.003490216340654215,2711,Geneformer
Sp8,0.003481391849507562,2712,Geneformer
Pon1,0.003479676621747316,2713,Geneformer
Piezo2,0.003478721819685227,2714,Geneformer
Ccdc40,0.003470845297857969,2715,Geneformer
RP23-291B1.2,0.0034559205848115875,2716,Geneformer
AI593442,0.003453494339930504,2717,Geneformer
Gm43536,0.0034301989776021084,2718,Geneformer
Cd209c,0.0034013098691848404,2719,Geneformer
Arhgdig,0.0033754172820772504,2720,Geneformer
Dlec1,0.0033648541050358785,2721,Geneformer
Gad1,0.0033615621873607613,2722,Geneformer
Vnn1,0.0033374595439742334,2723,Geneformer
Cfap53,0.0033276609801819925,2724,Geneformer
Myb,0.0033102364588687982,2725,Geneformer
Nppc,0.003298258147754178,2726,Geneformer
Cd209b,0.003292088918008069,2727,Geneformer
Fam92b,0.0032802447264704006,2728,Geneformer
Sfrp2,0.003269916038952279,2729,Geneformer
Pvalb,0.0032665726037807586,2730,Geneformer
Tmem59l,0.0032484721974186093,2731,Geneformer
Vnn3,0.0032431847768908486,2732,Geneformer
Gm26909,0.0032207687633858412,2733,Geneformer
Sez6,0.0032204348059918313,2734,Geneformer
Ms4a4d,0.0032152890742526033,2735,Geneformer
Ascl1,0.0032117508790650566,2736,Geneformer
Marc1,0.0031943118140448585,2737,Geneformer
Gm10827,0.003177603966321753,2738,Geneformer
A930003A15Rik,0.0031769721233164037,2739,Geneformer
Fam129c,0.003170589049571538,2740,Geneformer
a,0.0031606419870710213,2741,Geneformer
Ccdc81,0.0031564151746843617,2742,Geneformer
Calb1,0.0031214661544734378,2743,Geneformer
Erich3,0.00310551935905375,2744,Geneformer
Ccr9,0.003094833366163067,2745,Geneformer
Fam216b,0.00308482689957926,2746,Geneformer
Dthd1,0.00308398632788399,2747,Geneformer
Mb,0.0030716258922359437,2748,Geneformer
Svopl,0.003053794695956322,2749,Geneformer
Cdh4,0.0030437085535101214,2750,Geneformer
Bhlhe22,0.0030334808456273644,2751,Geneformer
Rpl39l,0.0030010197129248677,2752,Geneformer
Adam12,0.0029920402934888375,2753,Geneformer
Gm26867,0.0029745443594620205,2754,Geneformer
Btnl9,0.002972185427565322,2755,Geneformer
Arpp21,0.0029433436683446923,2756,Geneformer
Pparg,0.0029346221304475057,2757,Geneformer
Gm13536,0.0029214206406775966,2758,Geneformer
Dcstamp,0.002915006571229424,2759,Geneformer
Gata3,0.0028992039790943147,2760,Geneformer
Cfap157,0.0028990354296033736,2761,Geneformer
Icos,0.002883316278366944,2762,Geneformer
Srpx,0.002872627346455113,2763,Geneformer
Svep1,0.002851716092876204,2764,Geneformer
Uckl1os,0.0028516668149281103,2765,Geneformer
Syt10,0.002822426861456459,2766,Geneformer
Itk,0.0028207247659622968,2767,Geneformer
Ffar4,0.0027864294923975828,2768,Geneformer
Barx2,0.0027841703123288124,2769,Geneformer
Sorcs3,0.002772915380927225,2770,Geneformer
Tctex1d1,0.0027672914572243836,2771,Geneformer
Rhcg,0.0027622816772828055,2772,Geneformer
Nol4,0.00275760477368364,2773,Geneformer
Angptl1,0.0027565159347742335,2774,Geneformer
Vwa5b1,0.0027551120342418967,2775,Geneformer
Cst6,0.0027245435619427045,2776,Geneformer
Ska3,0.0027182068646143054,2777,Geneformer
Cd96,0.0027153736312571066,2778,Geneformer
Cd6,0.0027150554441519466,2779,Geneformer
Prf1,0.002711735610029892,2780,Geneformer
Ackr4,0.0027022169284732322,2781,Geneformer
Tbx21,0.0026969957828493363,2782,Geneformer
Cidea,0.0026861443564539125,2783,Geneformer
Grap2,0.0026826878857815367,2784,Geneformer
Lrrc71,0.0026714487326593597,2785,Geneformer
Lyzl4,0.002667563302379422,2786,Geneformer
Ebf2,0.002654928215944212,2787,Geneformer
Krtap28-13,0.002650545569946432,2788,Geneformer
Nrsn1,0.0026445953681666435,2789,Geneformer
BC021614,0.0026409890658244937,2790,Geneformer
Stc2,0.002622818689415375,2791,Geneformer
Zfp474,0.002618758101782515,2792,Geneformer
Lect1,0.0025972763124304387,2793,Geneformer
Tnr,0.0025930065103073434,2794,Geneformer
Hsf2bp,0.0025900573530221863,2795,Geneformer
1700019G24Rik,0.0025646883337400515,2796,Geneformer
Cfap46,0.002557451965241782,2797,Geneformer
Irx5,0.002548034531596922,2798,Geneformer
Stfa1,0.0025361741310005333,2799,Geneformer
Gm12144,0.002534506061263115,2800,Geneformer
Platr17,0.0025301981224321152,2801,Geneformer
Myl1,0.0025254964568553044,2802,Geneformer
Retnla,0.0025080874233939228,2803,Geneformer
Actn2,0.002498933308917121,2804,Geneformer
2010005H15Rik,0.002486351505493262,2805,Geneformer
Dnah7a,0.002484606497496737,2806,Geneformer
Sult1c1,0.0024591065500258647,2807,Geneformer
1700063D05Rik,0.002444310013406664,2808,Geneformer
Grik3,0.0024401243706644858,2809,Geneformer
Sap30bpos,0.0024369135717640295,2810,Geneformer
Fndc7,0.002436287514117131,2811,Geneformer
Gm20661,0.0024270910449931127,2812,Geneformer
Miat,0.002417065955863007,2813,Geneformer
BC018473,0.0024131399325283123,2814,Geneformer
Il12a,0.002399632134127281,2815,Geneformer
Lhfpl4,0.0023854132915200168,2816,Geneformer
Col6a3,0.0023848594773950064,2817,Geneformer
Pcdhb7,0.00235905541793797,2818,Geneformer
Brinp2,0.0023419420553583755,2819,Geneformer
Ovgp1,0.002337980394905611,2820,Geneformer
Ttc29,0.002335735217693736,2821,Geneformer
Ntng1,0.002298544997167754,2822,Geneformer
Ak9,0.002295225064013894,2823,Geneformer
Gm21149,0.0022944734739434617,2824,Geneformer
Rasgrf1,0.002288806068123645,2825,Geneformer
Rsph14,0.002282610895618948,2826,Geneformer
Epcam,0.002281335721146833,2827,Geneformer
Zcchc12,0.0022771471938266056,2828,Geneformer
Fmr1nb,0.0022733303721382664,2829,Geneformer
St8sia2,0.002270480021040809,2830,Geneformer
Mirg,0.0022272577179949906,2831,Geneformer
Clec18a,0.0022239848999605024,2832,Geneformer
Dct,0.002215187045707087,2833,Geneformer
Ces2g,0.00220998257425142,2834,Geneformer
Cxcl9,0.0021858027784338557,2835,Geneformer
Tmem232,0.0021841177145802615,2836,Geneformer
Rit2,0.0021614238299690804,2837,Geneformer
3632451O06Rik,0.0021360551225551136,2838,Geneformer
Glra1,0.0021323655913222583,2839,Geneformer
Mettl24,0.002132012850516153,2840,Geneformer
Dsp,0.002127549062940231,2841,Geneformer
Sct,0.0021174143564111365,2842,Geneformer
Fbxl13,0.00211675709958689,2843,Geneformer
Lyz1,0.002095812086252962,2844,Geneformer
Retn,0.002095787760932254,2845,Geneformer
Defb42,0.002090611908468931,2846,Geneformer
Gm13391,0.002080786521626026,2847,Geneformer
Nefh,0.002066986287265229,2848,Geneformer
Efcab11,0.0020655890763308024,2849,Geneformer
Dqx1,0.0020647203961948013,2850,Geneformer
1200007C13Rik,0.0020622419588677545,2851,Geneformer
Tnfsf18,0.0020515317591878117,2852,Geneformer
Tcte1,0.0020434401843071304,2853,Geneformer
4732414G09Rik,0.0020356371802650926,2854,Geneformer
Akap14,0.002023713821853059,2855,Geneformer
Rtp1,0.002008029581826596,2856,Geneformer
Kif4,0.0019906082765064437,2857,Geneformer
Pcdhb9,0.0018937547314582931,2858,Geneformer
Gm15689,0.0018714680954304813,2859,Geneformer
Ubash3a,0.0018670734195249826,2860,Geneformer
Aard,0.0018638445165478545,2861,Geneformer
Gm16160,0.0018533363171554852,2862,Geneformer
Gm44109,0.0018521702368851775,2863,Geneformer
Apobec2,0.0018323409994523334,2864,Geneformer
Xlr4c,0.001830050855699036,2865,Geneformer
Cd300c,0.001823253550091384,2866,Geneformer
Rufy4,0.0018160809321034993,2867,Geneformer
Sspo,0.001792792254645803,2868,Geneformer
Gm26747,0.0017683958030226205,2869,Geneformer
Rab15,0.0017521083791477534,2870,Geneformer
Urah,0.0017440693366832288,2871,Geneformer
Krt19,0.00173175067566048,2872,Geneformer
Chgb,0.001731520853967699,2873,Geneformer
Calca,0.001726571689515078,2874,Geneformer
Prph,0.0017032954591720726,2875,Geneformer
Ttc16,0.0016928665902741597,2876,Geneformer
Ctla4,0.0016691664575452126,2877,Geneformer
Krt23,0.0016636034625818416,2878,Geneformer
Klhl40,0.0016567223152013934,2879,Geneformer
Nhlrc4,0.0016504081459087162,2880,Geneformer
Brinp1,0.0016445586867530298,2881,Geneformer
Wdr93,0.0016417440699584935,2882,Geneformer
Mmp13,0.0016410521314129374,2883,Geneformer
Ces1d,0.001637737098972511,2884,Geneformer
Cpne5,0.001630927494309333,2885,Geneformer
Pde6h,0.001620508557817995,2886,Geneformer
Foxb1,0.0016156545586666024,2887,Geneformer
Prss50,0.0016026695158945167,2888,Geneformer
Scgb1c1,0.0015849280835079208,2889,Geneformer
Pcdh8,0.001568739223976003,2890,Geneformer
Pou4f1,0.0015667292987453863,2891,Geneformer
Pappa2,0.00155868042305995,2892,Geneformer
Vsig4,0.0015564414148044332,2893,Geneformer
Gm16168,0.0015548137961974525,2894,Geneformer
Aoc2,0.0015447367293152327,2895,Geneformer
1700086L19Rik,0.0015255939474021736,2896,Geneformer
Xcr1,0.0014969638964924669,2897,Geneformer
Gm26737,0.001489683776109226,2898,Geneformer
Npb,0.001488744646820291,2899,Geneformer
Clec9a,0.001478658594734059,2900,Geneformer
2810442N19Rik,0.0014773306336303069,2901,Geneformer
Cyp2f2,0.0014671421132588928,2902,Geneformer
Rnf112,0.0014667387250020744,2903,Geneformer
Pcdh15,0.0014604892162147479,2904,Geneformer
Nup62cl,0.0014531927066828664,2905,Geneformer
Hrk,0.0014343649304303897,2906,Geneformer
Defb25,0.0014316523692855714,2907,Geneformer
Msmp,0.0014274511241297294,2908,Geneformer
Ms4a3,0.0014254423357714663,2909,Geneformer
Ly6k,0.0014150996732434373,2910,Geneformer
Fzd10,0.0014132888317176307,2911,Geneformer
Krt15,0.0014115268394296185,2912,Geneformer
Gm17322,0.001410677845312982,2913,Geneformer
Sv2c,0.0014088006520680124,2914,Geneformer
Barhl2,0.0013898042678566441,2915,Geneformer
Igfn1,0.0013867972146909976,2916,Geneformer
Cyp2e1,0.0013793388969403843,2917,Geneformer
4933413G19Rik,0.0013762245039642548,2918,Geneformer
Fhod3,0.0013734806511450986,2919,Geneformer
RP24-492L15.6,0.0013709107537651665,2920,Geneformer
Peak1os,0.0013709022806311592,2921,Geneformer
Elane,0.0013607563450116578,2922,Geneformer
Ccdc63,0.0013526112799253488,2923,Geneformer
Pole,0.0013462056685678992,2924,Geneformer
Fxyd3,0.0013406897084585294,2925,Geneformer
Tex26,0.001333320977282062,2926,Geneformer
Diras2,0.00133081429395803,2927,Geneformer
Gm15867,0.0013234530477398765,2928,Geneformer
Apoc4,0.0012888035964744656,2929,Geneformer
C1ql1,0.0012862116968109026,2930,Geneformer
Kcnc1,0.0012814878236622322,2931,Geneformer
Smim6,0.001273735339746129,2932,Geneformer
Hist2h2bb,0.001267113885470005,2933,Geneformer
Fabp12,0.0012631001113877851,2934,Geneformer
Mmp3,0.0012509454971244515,2935,Geneformer
Tmprss5,0.0012458572934768621,2936,Geneformer
Cda,0.0012414163851024599,2937,Geneformer
Syt1,0.0012325036544020057,2938,Geneformer
Aldh1a7,0.0012276152862637653,2939,Geneformer
Scg2,0.0012223505979747104,2940,Geneformer
Dapl1,0.0012103472608480628,2941,Geneformer
Onecut2,0.0012077277561984945,2942,Geneformer
Iqch,0.0011823043544624695,2943,Geneformer
Gm1604a,0.0011787124510658632,2944,Geneformer
Pkd2l1,0.0011783552011883614,2945,Geneformer
Ehf,0.0011702936151145146,2946,Geneformer
Sema3e,0.0011668741142087692,2947,Geneformer
Ptcra,0.0011546192969464142,2948,Geneformer
Mpped1,0.0011424380111049054,2949,Geneformer
Sult2b1,0.001133599226772706,2950,Geneformer
Clstn2,0.0011275977000690166,2951,Geneformer
D130051D11Rik,0.001106748296786478,2952,Geneformer
Gm29157,0.001098353150757485,2953,Geneformer
Car3,0.0010805503560119437,2954,Geneformer
Rpe65,0.0010560057168472825,2955,Geneformer
Recql4,0.001054091801076358,2956,Geneformer
Ablim3,0.0010501534367220978,2957,Geneformer
Cck,0.0010271154247051414,2958,Geneformer
Nxph3,0.001020895681962076,2959,Geneformer
4930444M15Rik,0.0010088259437421182,2960,Geneformer
D930048G16Rik,0.001008503583946439,2961,Geneformer
Akr1c12,0.0010008009199376133,2962,Geneformer
A230065H16Rik,0.0009640203037965322,2963,Geneformer
Tcerg1l,0.0009613642004180903,2964,Geneformer
Pcdhb10,0.0009542384107852027,2965,Geneformer
Lypd2,0.0009516439852419909,2966,Geneformer
9530059O14Rik,0.0009419492989203907,2967,Geneformer
Tnnt3,0.0008914501035896918,2968,Geneformer
Gm15879,0.0008812080362208675,2969,Geneformer
Gm8817,0.0008756881767911514,2970,Geneformer
Efcab6,0.000875318106967375,2971,Geneformer
Slc7a13,0.0008682454002909766,2972,Geneformer
Atp6ap1l,0.0008560229571570414,2973,Geneformer
1810063I02Rik,0.0008543904021712582,2974,Geneformer
Reln,0.000847237874330516,2975,Geneformer
Gm15688,0.0007881839501714584,2976,Geneformer
Pcdhb5,0.0007844610166135562,2977,Geneformer
Gm16239,0.0007753283529636072,2978,Geneformer
Rhox5,0.0007685687068284936,2979,Geneformer
4632428C04Rik,0.000768432273694162,2980,Geneformer
Tspan1,0.0007609977118172934,2981,Geneformer
Defb10,0.0007491362017292754,2982,Geneformer
8030474K03Rik,0.0007425230155115716,2983,Geneformer
Dmrtb1,0.0007366850535328737,2984,Geneformer
Gm13713,0.0007355591384053451,2985,Geneformer
Slc25a31,0.0007100150243122037,2986,Geneformer
Ankrd65,0.0006912745665739349,2987,Geneformer
Grm8,0.0006869098993175473,2988,Geneformer
Gm28322,0.0006766195094489127,2989,Geneformer
Nox4,0.0006636644953716803,2990,Geneformer
3300005D01Rik,0.0006595344167250497,2991,Geneformer
Mroh2a,0.0006546375461754843,2992,Geneformer
Cldn7,0.0006331856623803333,2993,Geneformer
Madcam1,0.0005836242901299616,2994,Geneformer
Fam83a,0.0005654334800629038,2995,Geneformer
Cyp11a1,0.0005639103019479778,2996,Geneformer
Arf4os,0.0005627329522721829,2997,Geneformer
Kcna7,0.0005378210015332722,2998,Geneformer
Npm2,0.0005216672428420293,2999,Geneformer
1700124L16Rik,0.0004746800938701034,3000,Geneformer
