gene,importance,rank,method
Spp1,0.877013437947672,1,Logistic Regression
Cdkn1a,0.6838553417394384,2,Logistic Regression
Arg1,0.6526021151004281,3,Logistic Regression
Plat,0.6394802521144948,4,Logistic Regression
Cd24a,0.6368174859007931,5,Logistic Regression
Fth1,0.6314118668593659,6,Logistic Regression
Dbp,0.6268547014502781,7,Logistic Regression
Cd72,0.6235823745048925,8,Logistic Regression
Tnf,0.620546523612088,9,Logistic Regression
Iigp1,0.6129464677669739,10,Logistic Regression
H2-Eb1,0.6088971673487741,11,Logistic Regression
Ccl12,0.6081777321720544,12,Logistic Regression
Lpl,0.597377183678009,13,Logistic Regression
Adm,0.5956375661022131,14,Logistic Regression
Lcn2,0.5943369891674689,15,Logistic Regression
H2-Aa,0.5936120222456192,16,Logistic Regression
Ifitm6,0.5917414406260154,17,Logistic Regression
Serpina3n,0.5902084878825978,18,Logistic Regression
H2-Ab1,0.5883288039437351,19,Logistic Regression
Plvap,0.5881687174393796,20,Logistic Regression
Ccl4,0.5873181239210133,21,Logistic Regression
Mnda,0.5836085026391884,22,Logistic Regression
Tubb6,0.5806022429623154,23,Logistic Regression
Lrg1,0.5749970738441486,24,Logistic Regression
Ednrb,0.5694112646941891,25,Logistic Regression
Hmgcs2,0.5636246420348598,26,Logistic Regression
Tgtp2,0.5596962560241665,27,Logistic Regression
Retnlg,0.5584674861817236,28,Logistic Regression
Igfbp6,0.5583231857601862,29,Logistic Regression
Emp1,0.5541449017678414,30,Logistic Regression
Ifitm1,0.5538503505170722,31,Logistic Regression
Igtp,0.5529676875821239,32,Logistic Regression
Cd74,0.5493604486703267,33,Logistic Regression
Wfdc21,0.5461696010093405,34,Logistic Regression
8430408G22Rik,0.5456788737107978,35,Logistic Regression
Fbln5,0.5433630373340268,36,Logistic Regression
Actb,0.5422966016443755,37,Logistic Regression
Stmn2,0.5389807814194624,38,Logistic Regression
Sepp1,0.5366553117125079,39,Logistic Regression
Gfap,0.5355625346304671,40,Logistic Regression
Ifit3,0.5323905421093773,41,Logistic Regression
Pyhin1,0.5318643397418971,42,Logistic Regression
Angpt2,0.5301412820834623,43,Logistic Regression
Gm2564,0.5296768642162138,44,Logistic Regression
Plac8,0.5288406151688496,45,Logistic Regression
Gm4955,0.5284308636636601,46,Logistic Regression
Napsa,0.5281297179844893,47,Logistic Regression
Ackr1,0.5275775400140086,48,Logistic Regression
Mgp,0.5270093320649262,49,Logistic Regression
Tgtp1,0.5261769594219565,50,Logistic Regression
Sirpb1c,0.5252898828160643,51,Logistic Regression
Gbp2,0.5241945167949074,52,Logistic Regression
Ier3,0.5202611029204404,53,Logistic Regression
Cd300lg,0.5186904468566069,54,Logistic Regression
Adam8,0.5186370331729371,55,Logistic Regression
Lgals3,0.5178456285508924,56,Logistic Regression
Ifi47,0.5168317409572828,57,Logistic Regression
Lilr4b,0.5122788882237255,58,Logistic Regression
Ccl7,0.5115775574306535,59,Logistic Regression
Gbp4,0.5104733872030256,60,Logistic Regression
B930036N10Rik,0.5088287074323539,61,Logistic Regression
Kcnj8,0.5085798937340974,62,Logistic Regression
AA467197,0.508255751495463,63,Logistic Regression
Anxa1,0.507941181022361,64,Logistic Regression
S100a6,0.5063992675266271,65,Logistic Regression
mt-Co1,0.5054179306767911,66,Logistic Regression
Slc43a3,0.5045278447038,67,Logistic Regression
Cnn1,0.5022376757501318,68,Logistic Regression
Il1rn,0.5006575643178627,69,Logistic Regression
Igfbp3,0.4993846115462236,70,Logistic Regression
Ccl9,0.49896300309029257,71,Logistic Regression
Nfkbia,0.4930952100853147,72,Logistic Regression
Timp1,0.4929097340858947,73,Logistic Regression
F10,0.49247525702654754,74,Logistic Regression
Pydc4,0.49234437576265005,75,Logistic Regression
Hcar2,0.4920801751609917,76,Logistic Regression
Gpr84,0.4919832023811694,77,Logistic Regression
S100a9,0.49178399632605674,78,Logistic Regression
Cytip,0.49114297761504855,79,Logistic Regression
Msr1,0.49014080679096866,80,Logistic Regression
Ly6c2,0.490092284400745,81,Logistic Regression
Slc7a11,0.48985830592671065,82,Logistic Regression
Ccl19,0.4884459327763809,83,Logistic Regression
Ifi205,0.4854137729479717,84,Logistic Regression
Cfh,0.4849840609070054,85,Logistic Regression
Ms4a4c,0.484869865824769,86,Logistic Regression
Cxcl12,0.4847727611299432,87,Logistic Regression
Cxcl10,0.4843599151616649,88,Logistic Regression
mt-Co3,0.4843328282962515,89,Logistic Regression
H2-DMb2,0.48363652606655305,90,Logistic Regression
Car4,0.483246692291745,91,Logistic Regression
Mndal,0.48250196758203834,92,Logistic Regression
Nnat,0.4821809406662376,93,Logistic Regression
Phlda1,0.4811609935186128,94,Logistic Regression
Plaur,0.4807271941129942,95,Logistic Regression
Ch25h,0.47929489632532835,96,Logistic Regression
Hdc,0.47905043043082457,97,Logistic Regression
mt-Nd1,0.47890289536431735,98,Logistic Regression
Ecm1,0.47849763059977407,99,Logistic Regression
Ifi204,0.47777649410741957,100,Logistic Regression
Fam167b,0.4766223804084142,101,Logistic Regression
Lsp1,0.476502931447039,102,Logistic Regression
Marcksl1,0.47636801202292045,103,Logistic Regression
S100a8,0.4753775802938116,104,Logistic Regression
Socs3,0.4750578216636565,105,Logistic Regression
Clec4e,0.47492228065981745,106,Logistic Regression
Mgst1,0.47395042740530474,107,Logistic Regression
Ccl2,0.47374319469445053,108,Logistic Regression
Hp,0.4734270436425426,109,Logistic Regression
Ly6i,0.4730001963794392,110,Logistic Regression
Ear2,0.4729696893176489,111,Logistic Regression
Capg,0.4724974693517256,112,Logistic Regression
Ccl3,0.47231631377737804,113,Logistic Regression
Rsad2,0.47224003212106774,114,Logistic Regression
Mmp8,0.468790382938446,115,Logistic Regression
Chil3,0.46847740860961673,116,Logistic Regression
Irgm1,0.4684430537421194,117,Logistic Regression
Ccr2,0.46820177643264954,118,Logistic Regression
Isg15,0.4678429406442834,119,Logistic Regression
Gadd45b,0.46758543360634164,120,Logistic Regression
Mt1,0.46747449713316064,121,Logistic Regression
Clec12a,0.4667632793913278,122,Logistic Regression
S100a4,0.4663377826856347,123,Logistic Regression
Fos,0.4660437670001243,124,Logistic Regression
Cybb,0.4654912239640911,125,Logistic Regression
Slc6a20a,0.463909303816694,126,Logistic Regression
Plpp1,0.4632747195638694,127,Logistic Regression
Slc6a13,0.46283731810695505,128,Logistic Regression
Ramp3,0.4624399812471952,129,Logistic Regression
Thbs1,0.46194250352320093,130,Logistic Regression
Stc1,0.460906790309788,131,Logistic Regression
Dok2,0.4594652747361131,132,Logistic Regression
Mt2,0.45883635373884557,133,Logistic Regression
G0s2,0.45768490268376993,134,Logistic Regression
Plbd1,0.4574542931241925,135,Logistic Regression
Junb,0.4573152711238297,136,Logistic Regression
Tmsb10,0.4571299138000045,137,Logistic Regression
Slc39a1,0.4564666160407717,138,Logistic Regression
Ltb,0.45603952230682643,139,Logistic Regression
Clec10a,0.45601584494075514,140,Logistic Regression
Nov,0.45596901926862576,141,Logistic Regression
Glrx,0.45565734277196257,142,Logistic Regression
Ifit3b,0.45515586278311926,143,Logistic Regression
Cd63,0.45465955257486473,144,Logistic Regression
Cdh13,0.4544905608982509,145,Logistic Regression
Igfbp4,0.45421736693347753,146,Logistic Regression
Cd9,0.4539531790071976,147,Logistic Regression
Clec4n,0.45280626360186715,148,Logistic Regression
Dab2,0.452564452081717,149,Logistic Regression
Id2,0.4521174153339548,150,Logistic Regression
Dusp2,0.45166987014369997,151,Logistic Regression
Ifi203,0.45119843610165383,152,Logistic Regression
Apold1,0.4507384709118745,153,Logistic Regression
Pi16,0.4496080704071624,154,Logistic Regression
Sdc4,0.44891533797808414,155,Logistic Regression
Cstb,0.44881838066932245,156,Logistic Regression
AW112010,0.4488042816292613,157,Logistic Regression
Meg3,0.4483510355547386,158,Logistic Regression
Slc26a10,0.4477061890849565,159,Logistic Regression
Lyve1,0.44760112928680057,160,Logistic Regression
Adamts4,0.4472045951297555,161,Logistic Regression
Glul,0.44711879712402014,162,Logistic Regression
Atf3,0.4470100158523588,163,Logistic Regression
Acer2,0.44660726529834105,164,Logistic Regression
Angptl4,0.4465379119238357,165,Logistic Regression
Adamts1,0.4455837408786984,166,Logistic Regression
Lgals1,0.44454809950326607,167,Logistic Regression
Clec4b1,0.44402882584436554,168,Logistic Regression
Ass1,0.4438156175190127,169,Logistic Regression
Gkn3,0.44327875200092015,170,Logistic Regression
Ifit1,0.4428318707795937,171,Logistic Regression
Btg2,0.44260913586798983,172,Logistic Regression
Sell,0.4424467308645604,173,Logistic Regression
Cfp,0.44224280568151053,174,Logistic Regression
Atp13a5,0.4418937366012603,175,Logistic Regression
Il1r2,0.44177687997403237,176,Logistic Regression
Vwf,0.44161083884965613,177,Logistic Regression
Nr4a1,0.4406230500648524,178,Logistic Regression
Cd36,0.4406006791825492,179,Logistic Regression
Tmem252,0.4387084839090246,180,Logistic Regression
Fcgr4,0.43845329140406386,181,Logistic Regression
Lilrb4a,0.4382412630403673,182,Logistic Regression
Mmp9,0.4379122982187929,183,Logistic Regression
Cxcl16,0.43772312662052937,184,Logistic Regression
Edn3,0.436505759047322,185,Logistic Regression
Apod,0.4362642662048744,186,Logistic Regression
Itgb7,0.43556137889553725,187,Logistic Regression
Psmb8,0.4354436139103628,188,Logistic Regression
Phf11b,0.43517724906226396,189,Logistic Regression
C5ar1,0.4349736280663751,190,Logistic Regression
Fhl1,0.43488379898519836,191,Logistic Regression
Nrp1,0.4344297830094115,192,Logistic Regression
Prdx1,0.43400659351311643,193,Logistic Regression
Cd209a,0.4338617255186168,194,Logistic Regression
Ctla2a,0.4337860254282019,195,Logistic Regression
Ngp,0.43370329986202594,196,Logistic Regression
6330403K07Rik,0.43369678567918546,197,Logistic Regression
Klrd1,0.4334294535055555,198,Logistic Regression
Il1b,0.43294878955118454,199,Logistic Regression
Dcn,0.43167576194114216,200,Logistic Regression
Bmx,0.43136498790561506,201,Logistic Regression
Cited2,0.43126998693899343,202,Logistic Regression
Slc38a5,0.43120414883381236,203,Logistic Regression
Mgl2,0.430867804458294,204,Logistic Regression
Ptn,0.43064080017272155,205,Logistic Regression
Rdh10,0.42980088675612,206,Logistic Regression
Gm9733,0.4291827258106827,207,Logistic Regression
Ms4a6c,0.42831316603521247,208,Logistic Regression
Sirpb1b,0.4279502991716388,209,Logistic Regression
Trem3,0.42761231912561,210,Logistic Regression
Eln,0.4273612883179463,211,Logistic Regression
Gpd1,0.4271501122712811,212,Logistic Regression
Plk2,0.4270928262995077,213,Logistic Regression
Cd79b,0.4268127052800038,214,Logistic Regression
Phf11a,0.4266617859191482,215,Logistic Regression
Olfr558,0.4261658295195376,216,Logistic Regression
Clec4d,0.42613387291626714,217,Logistic Regression
Phf11d,0.42485122859929564,218,Logistic Regression
Tgm2,0.4236768131503828,219,Logistic Regression
Mmp12,0.4235005738965002,220,Logistic Regression
Cyp4f18,0.4234559082690399,221,Logistic Regression
Ms4a6d,0.4232255992724903,222,Logistic Regression
Ftl1,0.4228477971757447,223,Logistic Regression
Zbp1,0.4223024931988005,224,Logistic Regression
Glipr2,0.4216130861440459,225,Logistic Regression
Cxcr2,0.4213555721443674,226,Logistic Regression
Ptgis,0.420852842308834,227,Logistic Regression
Tlr2,0.4207535777270189,228,Logistic Regression
Gm5150,0.42004499296143477,229,Logistic Regression
Myo1g,0.41956680105878547,230,Logistic Regression
Neat1,0.41924141898962225,231,Logistic Regression
Cyr61,0.41915050005018345,232,Logistic Regression
Rnf128,0.4188991074479544,233,Logistic Regression
Meox1,0.4184367263532772,234,Logistic Regression
Gm694,0.41794633700354655,235,Logistic Regression
Fbln2,0.4166860074766553,236,Logistic Regression
Ms4a4b,0.4157636678411843,237,Logistic Regression
Cd244,0.4149910690690913,238,Logistic Regression
Scgb3a1,0.4143074446713566,239,Logistic Regression
Cp,0.4142286500113243,240,Logistic Regression
Fgfbp1,0.4132422683331944,241,Logistic Regression
Tnfrsf12a,0.4131822191730833,242,Logistic Regression
mt-Nd4,0.4129448601976044,243,Logistic Regression
Ptprcap,0.41279614169437023,244,Logistic Regression
S100a10,0.4125370498097692,245,Logistic Regression
Igf1,0.4111400255623786,246,Logistic Regression
Egfl8,0.410752663234617,247,Logistic Regression
Slfn1,0.41030526936329714,248,Logistic Regression
Abhd2,0.409552263614046,249,Logistic Regression
Ccl5,0.4095413908310779,250,Logistic Regression
Gda,0.40935839874715485,251,Logistic Regression
Rtn1,0.4082871054475177,252,Logistic Regression
Col8a1,0.4071975347067456,253,Logistic Regression
Slc4a10,0.4071576925100649,254,Logistic Regression
Tmem176b,0.407133129776739,255,Logistic Regression
Slpi,0.4070351861641134,256,Logistic Regression
Klrk1,0.4065701313179732,257,Logistic Regression
Egr1,0.40563206788584266,258,Logistic Regression
Nfkbiz,0.4048813399247844,259,Logistic Regression
Adamts9,0.4048035589432737,260,Logistic Regression
Lyz2,0.40442842664763756,261,Logistic Regression
Ctsl,0.4041061627552638,262,Logistic Regression
Il4ra,0.4040548526340662,263,Logistic Regression
Fxyd5,0.4023458945584567,264,Logistic Regression
Aldh1a1,0.4020855358034385,265,Logistic Regression
Usp50,0.4015252585456329,266,Logistic Regression
Mfap2,0.4008554827569762,267,Logistic Regression
Pla1a,0.4007915765458957,268,Logistic Regression
Myc,0.40039669218814916,269,Logistic Regression
Cd177,0.39996038247027854,270,Logistic Regression
Tgfbi,0.3998923847683352,271,Logistic Regression
Fgl2,0.3997723181571543,272,Logistic Regression
Il33,0.39916725080679255,273,Logistic Regression
Gm10116,0.3989252568585464,274,Logistic Regression
Nkg7,0.3984568007423221,275,Logistic Regression
Tmem176a,0.3983552959287654,276,Logistic Regression
Rab7b,0.3983372101371652,277,Logistic Regression
Gadd45g,0.39761148438611205,278,Logistic Regression
Rcan1,0.39751845030356947,279,Logistic Regression
F13a1,0.3974460763633751,280,Logistic Regression
Kdm6b,0.39719804518704194,281,Logistic Regression
Gpihbp1,0.3956834125498626,282,Logistic Regression
Ttyh2,0.3955634537532379,283,Logistic Regression
Ifitm3,0.3952391381154353,284,Logistic Regression
Edn1,0.39467573871922806,285,Logistic Regression
Ifit2,0.39459610466508227,286,Logistic Regression
Mal,0.39415228954752024,287,Logistic Regression
Plscr2,0.3941163900787956,288,Logistic Regression
Klra2,0.3939717225501507,289,Logistic Regression
Gpr182,0.3939422060664113,290,Logistic Regression
Hspa5,0.39294780442314287,291,Logistic Regression
Cxcl2,0.39289480872410404,292,Logistic Regression
BC051019,0.39286401121578596,293,Logistic Regression
Rgcc,0.39274207072441913,294,Logistic Regression
Clec4a1,0.3926002847836683,295,Logistic Regression
Gbp3,0.3925828676031573,296,Logistic Regression
Srxn1,0.39237457154961985,297,Logistic Regression
Thrsp,0.39232928702169384,298,Logistic Regression
Cdc42ep3,0.39231725264146916,299,Logistic Regression
Cst7,0.39223652405292264,300,Logistic Regression
Fbxl22,0.3912928383246942,301,Logistic Regression
Lst1,0.3908867063051941,302,Logistic Regression
Pilra,0.3904570002309502,303,Logistic Regression
Bcl2a1d,0.3898279399671781,304,Logistic Regression
Col13a1,0.38887858830735034,305,Logistic Regression
Traf1,0.38851366888324573,306,Logistic Regression
Ctsb,0.3882844788423667,307,Logistic Regression
Timp3,0.38777391810984013,308,Logistic Regression
Ecscr,0.38736603732193087,309,Logistic Regression
Hspa1a,0.38731815154601146,310,Logistic Regression
Emcn,0.3870394041409998,311,Logistic Regression
Amica1,0.38694449880513443,312,Logistic Regression
Clec14a,0.3867026906550501,313,Logistic Regression
Agt,0.38603079225410153,314,Logistic Regression
Smim5,0.3860212359818591,315,Logistic Regression
Pf4,0.38585782036687655,316,Logistic Regression
Vcam1,0.3857376103581424,317,Logistic Regression
Emb,0.38466251604074575,318,Logistic Regression
Srgn,0.38401292883404625,319,Logistic Regression
Hist2h2aa1,0.3835398600051322,320,Logistic Regression
Serping1,0.383207404656774,321,Logistic Regression
Bmp7,0.3823485495640712,322,Logistic Regression
Col3a1,0.38225300801423445,323,Logistic Regression
Dpep2,0.3818828123836652,324,Logistic Regression
Plin2,0.3818810936622662,325,Logistic Regression
Ifi27l2a,0.3804884037396943,326,Logistic Regression
Pi15,0.3803354646436252,327,Logistic Regression
Gapdh,0.3795314939675905,328,Logistic Regression
Sirpb1a,0.3794552579949987,329,Logistic Regression
Chil1,0.37898631272375494,330,Logistic Regression
Notch2,0.3787838381841097,331,Logistic Regression
Rnase6,0.37834822980188987,332,Logistic Regression
Colec12,0.37824387064169523,333,Logistic Regression
Saa3,0.3778314783730649,334,Logistic Regression
Cd52,0.3776354884074201,335,Logistic Regression
Ptafr,0.37761353034662115,336,Logistic Regression
Prss23,0.377282635310784,337,Logistic Regression
Fabp4,0.3770138040141664,338,Logistic Regression
Emp3,0.37689206961963145,339,Logistic Regression
Hbegf,0.37624873455571206,340,Logistic Regression
Glipr1,0.3762053166555112,341,Logistic Regression
Pdpn,0.3758047833742346,342,Logistic Regression
Amd1,0.3753985086540602,343,Logistic Regression
Eno3,0.37529211415174396,344,Logistic Regression
Slfn4,0.37509979570049906,345,Logistic Regression
Apoe,0.3747315618521131,346,Logistic Regression
Ephx3,0.37442561086290077,347,Logistic Regression
Gatm,0.37414721171848947,348,Logistic Regression
Mif,0.37408141911051357,349,Logistic Regression
Ms4a7,0.37405714928852885,350,Logistic Regression
Esd,0.37270692399232125,351,Logistic Regression
Fstl1,0.3723696701812362,352,Logistic Regression
Slc6a6,0.3721480867173291,353,Logistic Regression
Il1r1,0.3720197359989945,354,Logistic Regression
Mall,0.37180122267579196,355,Logistic Regression
Lrrc32,0.3717541445363214,356,Logistic Regression
Tnfaip2,0.37061207785965694,357,Logistic Regression
Gpr171,0.37032832326432197,358,Logistic Regression
Hilpda,0.37022272047502075,359,Logistic Regression
P2ry14,0.36960444536831777,360,Logistic Regression
Itgal,0.36955940671572485,361,Logistic Regression
Art3,0.36940245415956496,362,Logistic Regression
Adgre4,0.36910465381721597,363,Logistic Regression
Ptprr,0.3688865504024243,364,Logistic Regression
Mrc1,0.3686674707432112,365,Logistic Regression
Wfdc17,0.36816182249188556,366,Logistic Regression
Smpdl3a,0.3680402443702897,367,Logistic Regression
H2-DMa,0.36772785654468026,368,Logistic Regression
Fabp7,0.3676209102946278,369,Logistic Regression
Bnip3,0.3671621779399287,370,Logistic Regression
Bcas3,0.3667417906215258,371,Logistic Regression
Gpx3,0.3663404682789364,372,Logistic Regression
Ms4a8a,0.36601546181116107,373,Logistic Regression
Uchl1,0.36574009786159867,374,Logistic Regression
Ccnd2,0.36562082485156056,375,Logistic Regression
Cd44,0.3654471576136092,376,Logistic Regression
Cd83,0.3652529392096467,377,Logistic Regression
Sdf2l1,0.3652454793031663,378,Logistic Regression
H2-Q10,0.3652142084981651,379,Logistic Regression
Mcemp1,0.36505145448427095,380,Logistic Regression
Alpl,0.36492142093822294,381,Logistic Regression
Vcan,0.36476252676125714,382,Logistic Regression
Siglech,0.36455654151754563,383,Logistic Regression
Tmem100,0.3643287428987497,384,Logistic Regression
Ntf3,0.36425842552644255,385,Logistic Regression
Folr2,0.3635668995817871,386,Logistic Regression
Hist1h2ap,0.3632928333479723,387,Logistic Regression
Dnajb1,0.36328900499217914,388,Logistic Regression
Hrct1,0.36306955422514875,389,Logistic Regression
Ctgf,0.3630433239284267,390,Logistic Regression
H2-DMb1,0.362751130651423,391,Logistic Regression
Cthrc1,0.36223583941882986,392,Logistic Regression
Itih5,0.361985308370106,393,Logistic Regression
Hs3st1,0.3617071585575696,394,Logistic Regression
Abcc9,0.36150014763610266,395,Logistic Regression
Igfbp5,0.3613095071272886,396,Logistic Regression
Hmox1,0.360839352426712,397,Logistic Regression
S100a11,0.3603297131176318,398,Logistic Regression
Ms4a6b,0.3601730808147649,399,Logistic Regression
Ccl6,0.3601520084876497,400,Logistic Regression
Itga5,0.35949555574098707,401,Logistic Regression
Gimap4,0.3590743169332289,402,Logistic Regression
Fxyd6,0.35901460288076514,403,Logistic Regression
Tuba1a,0.3589558274129237,404,Logistic Regression
Clec4a2,0.35893824204586083,405,Logistic Regression
Nrip2,0.3584308574851197,406,Logistic Regression
Cd59a,0.3583691102437811,407,Logistic Regression
Pdcd4,0.35824929848524983,408,Logistic Regression
Fpr2,0.3581821796294537,409,Logistic Regression
Zfos1,0.35799328798478086,410,Logistic Regression
Gm2a,0.35788295015797544,411,Logistic Regression
Crispld2,0.35780434963582575,412,Logistic Regression
Rasd1,0.35728673012916684,413,Logistic Regression
Cd300lf,0.3571056155592941,414,Logistic Regression
Wnt5a,0.35681908501663,415,Logistic Regression
Icam1,0.35660064811644104,416,Logistic Regression
Gas6,0.35606573546508036,417,Logistic Regression
Pim1,0.35604219629358236,418,Logistic Regression
Tmem106a,0.3559537999685442,419,Logistic Regression
Mdk,0.355756730671053,420,Logistic Regression
Pld3,0.3552647877638334,421,Logistic Regression
P2ry12,0.3551481588695305,422,Logistic Regression
Gngt2,0.35505353480944996,423,Logistic Regression
Hmgb2,0.35493080382163644,424,Logistic Regression
Cygb,0.35437404041762854,425,Logistic Regression
Pid1,0.3543091263808498,426,Logistic Regression
Fn1,0.35346873327698963,427,Logistic Regression
Sh3bgr,0.3531396368497628,428,Logistic Regression
Serpinb1a,0.35299020252814184,429,Logistic Regression
Sgk1,0.3528117971930523,430,Logistic Regression
Fabp5,0.3525861200527004,431,Logistic Regression
Bst1,0.35252274776740106,432,Logistic Regression
Gbp5,0.3524818539740439,433,Logistic Regression
Csf1,0.3523011902447049,434,Logistic Regression
Ehd4,0.3522614516906757,435,Logistic Regression
Rbp7,0.35211681005379714,436,Logistic Regression
Sod3,0.3520629534998476,437,Logistic Regression
Gm17056,0.3515824615200847,438,Logistic Regression
Blvrb,0.3509335159444531,439,Logistic Regression
Rac2,0.34989779072962757,440,Logistic Regression
Irg1,0.3497163499013419,441,Logistic Regression
1810011O10Rik,0.3493591135978121,442,Logistic Regression
Scimp,0.3492583429645375,443,Logistic Regression
Gpr65,0.3489998628895373,444,Logistic Regression
Nupr1,0.3489792828784715,445,Logistic Regression
Cav1,0.34883984290061815,446,Logistic Regression
Slc2a5,0.34832326450108764,447,Logistic Regression
Irf7,0.3481943129880946,448,Logistic Regression
Vtn,0.34819020628380737,449,Logistic Regression
Camp,0.34815744433048906,450,Logistic Regression
Cd200,0.34796210776203573,451,Logistic Regression
Cd38,0.3479617882858935,452,Logistic Regression
Per3,0.34736595091785494,453,Logistic Regression
Slc22a8,0.34735041362343605,454,Logistic Regression
Samhd1,0.3472700773487688,455,Logistic Regression
Slc16a11,0.34726175286848454,456,Logistic Regression
Ctsd,0.3472009197735795,457,Logistic Regression
Fbln1,0.3469657849677815,458,Logistic Regression
Rnase4,0.3467412063810334,459,Logistic Regression
Ppp1r15a,0.34640361888337956,460,Logistic Regression
Serpini1,0.34585838427350146,461,Logistic Regression
Rnd1,0.3457788254712568,462,Logistic Regression
Upp1,0.34558660620175596,463,Logistic Regression
Ly6g,0.345515215571564,464,Logistic Regression
Nfia,0.3455100986530693,465,Logistic Regression
Gpr141,0.34513994951974175,466,Logistic Regression
Rgs5,0.3447061401570202,467,Logistic Regression
Syngr1,0.3445992197454148,468,Logistic Regression
Dbn1,0.34346926386204346,469,Logistic Regression
Ltb4r1,0.3433908292122502,470,Logistic Regression
Cd14,0.3432467619227143,471,Logistic Regression
Cdk19,0.34324453804449273,472,Logistic Regression
Gm12002,0.342860344243127,473,Logistic Regression
2200002D01Rik,0.34285216423220605,474,Logistic Regression
2900060B14Rik,0.34270089039643564,475,Logistic Regression
5430416O09Rik,0.342492793509602,476,Logistic Regression
Gsr,0.3423851709029738,477,Logistic Regression
Hmga1,0.34236233668147864,478,Logistic Regression
Lum,0.34226425074778327,479,Logistic Regression
Slamf7,0.3418712505334677,480,Logistic Regression
Tfrc,0.3408833397422065,481,Logistic Regression
Kdr,0.3408658661246028,482,Logistic Regression
Cd163,0.340559647344467,483,Logistic Regression
Crip1,0.3402086165335476,484,Logistic Regression
Nr4a2,0.33999161741840145,485,Logistic Regression
Cbr2,0.3396607078341536,486,Logistic Regression
Ccrl2,0.3393140748059387,487,Logistic Regression
Crlf1,0.33922934895005163,488,Logistic Regression
Gpc3,0.339058702722326,489,Logistic Regression
Arhgap15,0.33877355421974364,490,Logistic Regression
Clec4a3,0.33833909095683135,491,Logistic Regression
Msrb1,0.3380542147051704,492,Logistic Regression
C3ar1,0.33764104460683314,493,Logistic Regression
Acp5,0.3374599662470242,494,Logistic Regression
Fkbp1a,0.3373573423696142,495,Logistic Regression
Cd300a,0.33731716475616297,496,Logistic Regression
Il34,0.33704326386046796,497,Logistic Regression
Emilin2,0.33694758305322625,498,Logistic Regression
Oasl1,0.3369345781322408,499,Logistic Regression
Net1,0.3368436980282827,500,Logistic Regression
Ankrd37,0.3367195112524753,501,Logistic Regression
Hbb-bs,0.33651521451838323,502,Logistic Regression
AU021092,0.3365106858853215,503,Logistic Regression
Chka,0.3364462477484736,504,Logistic Regression
Asb2,0.3361603048313574,505,Logistic Regression
Cd274,0.3360343349097353,506,Logistic Regression
Alox5ap,0.3358360184963248,507,Logistic Regression
Ogn,0.3358120422102134,508,Logistic Regression
Rspo3,0.33541192236118306,509,Logistic Regression
Ctsc,0.33498551765446466,510,Logistic Regression
Fscn1,0.3349136992829788,511,Logistic Regression
Itm2a,0.3339761990915936,512,Logistic Regression
Ifitm2,0.3338833644945961,513,Logistic Regression
Sparcl1,0.33365784663602843,514,Logistic Regression
Pglyrp1,0.3336185089417059,515,Logistic Regression
Actn1,0.33326982717032605,516,Logistic Regression
Pmp22,0.332902689563333,517,Logistic Regression
Lmcd1,0.33238264675045043,518,Logistic Regression
Ace2,0.3321612809726164,519,Logistic Regression
Usp18,0.3319126561784909,520,Logistic Regression
Emp2,0.3318236947385483,521,Logistic Regression
Anxa2,0.33144143431242434,522,Logistic Regression
Sdc1,0.33137420461558265,523,Logistic Regression
Pdlim1,0.3312705492277514,524,Logistic Regression
Ninj1,0.33126242836598374,525,Logistic Regression
Tmem45a,0.33051312460421234,526,Logistic Regression
Mxd1,0.33037887071496896,527,Logistic Regression
Igfbp2,0.3301966288176381,528,Logistic Regression
Pygl,0.3291544176348669,529,Logistic Regression
Litaf,0.32888241684350183,530,Logistic Regression
Gm12840,0.3284656624498716,531,Logistic Regression
Ccl24,0.3283333163742354,532,Logistic Regression
Actg2,0.3277923824801714,533,Logistic Regression
Samsn1,0.32756763555187374,534,Logistic Regression
Apln,0.32741095063149606,535,Logistic Regression
Rgs18,0.3272530746571871,536,Logistic Regression
Tppp3,0.32685765651701804,537,Logistic Regression
Stmn1,0.326709143947986,538,Logistic Regression
Tuba1c,0.3265586696489504,539,Logistic Regression
Cks2,0.32646852532289095,540,Logistic Regression
C4b,0.32643674156748853,541,Logistic Regression
Slamf9,0.3260670186623565,542,Logistic Regression
Uap1l1,0.3258051445452028,543,Logistic Regression
Oas1a,0.3256482276819688,544,Logistic Regression
Lypd1,0.3252055294925826,545,Logistic Regression
Car13,0.3245789986508298,546,Logistic Regression
Ddah1,0.3244179902031881,547,Logistic Regression
Ptprb,0.32426803987490227,548,Logistic Regression
Pdgfa,0.32403807453351713,549,Logistic Regression
Polr2l,0.3233656344936788,550,Logistic Regression
Trib1,0.3228631159666702,551,Logistic Regression
Gla,0.3226187338593949,552,Logistic Regression
Metrnl,0.3224385705245858,553,Logistic Regression
AI607873,0.322358773070848,554,Logistic Regression
Cyp7b1,0.3222256958308353,555,Logistic Regression
Epsti1,0.3218919179495884,556,Logistic Regression
Nfil3,0.321602577113025,557,Logistic Regression
Crybb1,0.3215850520186801,558,Logistic Regression
Kcnn4,0.3213341585812318,559,Logistic Regression
Il1f9,0.3211688268624669,560,Logistic Regression
Serpine1,0.32101446284319857,561,Logistic Regression
Nebl,0.32089872626396354,562,Logistic Regression
Osm,0.32088463191819194,563,Logistic Regression
Npl,0.32065566881635615,564,Logistic Regression
Il6,0.3206410468751194,565,Logistic Regression
Cmbl,0.32038148913315256,566,Logistic Regression
Prune2,0.32015707656893916,567,Logistic Regression
Rad54b,0.32012807423968137,568,Logistic Regression
Ggt1,0.3198447152124362,569,Logistic Regression
Car8,0.3198052292415929,570,Logistic Regression
Cd300ld,0.3198011207906641,571,Logistic Regression
Ramp1,0.31960767953819164,572,Logistic Regression
Axl,0.3194493736160291,573,Logistic Regression
Oas1g,0.3192297129142022,574,Logistic Regression
Hapln2,0.31908077086511455,575,Logistic Regression
Kazald1,0.3188455571068289,576,Logistic Regression
Serpinh1,0.3187650418002505,577,Logistic Regression
Pkib,0.3186783268237142,578,Logistic Regression
Gsn,0.3185856651465129,579,Logistic Regression
Marcks,0.31829953792035687,580,Logistic Regression
Gm26802,0.3182752817093947,581,Logistic Regression
Selplg,0.3182645028425872,582,Logistic Regression
Scrg1,0.31815287788580376,583,Logistic Regression
Fam101b,0.3180757834752709,584,Logistic Regression
Hey1,0.31784579083680686,585,Logistic Regression
Sncg,0.31747488429422194,586,Logistic Regression
Cd79a,0.3171880429755667,587,Logistic Regression
Fcgr1,0.31696191328965434,588,Logistic Regression
Vim,0.31645238804843584,589,Logistic Regression
Rdh12,0.31643238357340375,590,Logistic Regression
2810417H13Rik,0.31642450944214917,591,Logistic Regression
Isg20,0.316373012846025,592,Logistic Regression
Sod2,0.31636571075871983,593,Logistic Regression
Rgs1,0.3149399795379828,594,Logistic Regression
Cped1,0.3149042626974004,595,Logistic Regression
Gm26522,0.3147390601012142,596,Logistic Regression
Ptgs2,0.3143804599661118,597,Logistic Regression
Prr13,0.31429306444331606,598,Logistic Regression
Cndp2,0.31402743177163184,599,Logistic Regression
Pilrb2,0.3138205590239408,600,Logistic Regression
Cdkn1c,0.3137367795470004,601,Logistic Regression
Bhlhe41,0.31353832724894676,602,Logistic Regression
Ltbp4,0.31350093652426114,603,Logistic Regression
Dusp5,0.3134894327383082,604,Logistic Regression
Slc16a1,0.31334456319989495,605,Logistic Regression
Gpr34,0.31333048951290043,606,Logistic Regression
Aprt,0.31317320281503946,607,Logistic Regression
Stk17b,0.31284350081985957,608,Logistic Regression
Trf,0.31283235392814185,609,Logistic Regression
Spry2,0.31275585376707815,610,Logistic Regression
Igfbp7,0.3125306806854582,611,Logistic Regression
Lbh,0.3122343144787642,612,Logistic Regression
Slco1a4,0.3118680661352999,613,Logistic Regression
Serpine2,0.31177709001699877,614,Logistic Regression
Ccl11,0.3115451888941347,615,Logistic Regression
Gdf15,0.311530171726937,616,Logistic Regression
Nrp2,0.3111600262822701,617,Logistic Regression
H2-Q7,0.31097866969815335,618,Logistic Regression
Slc47a1,0.3109356029207685,619,Logistic Regression
Ccdc109b,0.3103291514650401,620,Logistic Regression
Plscr1,0.31008324670510384,621,Logistic Regression
Gm9946,0.31005150737799764,622,Logistic Regression
Runx1,0.3098492359679843,623,Logistic Regression
Lpar1,0.3098429123319716,624,Logistic Regression
Tm4sf1,0.30964678928733563,625,Logistic Regression
Grrp1,0.30884765785881324,626,Logistic Regression
Pam,0.30881043657915624,627,Logistic Regression
Aif1,0.30864244917777306,628,Logistic Regression
Sema3c,0.3084518634358448,629,Logistic Regression
Mx1,0.3083606503396182,630,Logistic Regression
Aebp1,0.3081923984144486,631,Logistic Regression
Hspa1b,0.3080455566052642,632,Logistic Regression
Gmfg,0.30787529096370625,633,Logistic Regression
Fgr,0.3078597222684336,634,Logistic Regression
Plpp3,0.3077712180724304,635,Logistic Regression
Arhgdib,0.30761225536964154,636,Logistic Regression
Trp53i11,0.30733401543309846,637,Logistic Regression
Cd69,0.30699019029403507,638,Logistic Regression
Ndufa4l2,0.3066950862105707,639,Logistic Regression
Tsc22d1,0.30662269393644376,640,Logistic Regression
Trem1,0.3057873366009913,641,Logistic Regression
Gpr35,0.3057192586276327,642,Logistic Regression
Fmo2,0.30555458073082203,643,Logistic Regression
Cdk6,0.30552415983123615,644,Logistic Regression
Slc19a1,0.30505847192001156,645,Logistic Regression
Bcl2a1a,0.3048424886688677,646,Logistic Regression
Igf2,0.3045380676970837,647,Logistic Regression
Matn2,0.3043436300806527,648,Logistic Regression
Tubb3,0.30398563157225217,649,Logistic Regression
Loxl2,0.30392794291427677,650,Logistic Regression
Tmem119,0.30391793512696796,651,Logistic Regression
Lmnb1,0.3038595661874511,652,Logistic Regression
Ercc1,0.30365300239893417,653,Logistic Regression
Rap2b,0.30354311662218364,654,Logistic Regression
Ptgds,0.30347234244280485,655,Logistic Regression
Xdh,0.3029253990512573,656,Logistic Regression
Synpo,0.3028382552614042,657,Logistic Regression
Slc13a4,0.3026653059476966,658,Logistic Regression
Naaa,0.3026624308712585,659,Logistic Regression
Efemp1,0.30254868835125215,660,Logistic Regression
Ndnf,0.3024096560595894,661,Logistic Regression
Gem,0.3023542386134036,662,Logistic Regression
H2-Ob,0.3023209517576208,663,Logistic Regression
Taldo1,0.30225736808506953,664,Logistic Regression
Mgll,0.3021804326463143,665,Logistic Regression
Sema3g,0.3018705618882471,666,Logistic Regression
Il1a,0.3018301108016532,667,Logistic Regression
Col18a1,0.3016649823381157,668,Logistic Regression
Il11,0.30161397202316864,669,Logistic Regression
Sphk1,0.3014249906850768,670,Logistic Regression
Rab20,0.30076946395970405,671,Logistic Regression
Nrros,0.30067605256068686,672,Logistic Regression
Ifi30,0.3002446081513442,673,Logistic Regression
Ano1,0.29982566793374726,674,Logistic Regression
Cks1b,0.2997628386172044,675,Logistic Regression
Bmp2k,0.29944410058579685,676,Logistic Regression
Slc5a6,0.2992874449753222,677,Logistic Regression
Ltf,0.29916623246060053,678,Logistic Regression
Col4a1,0.29911650659307515,679,Logistic Regression
Tgfb3,0.2990326955420994,680,Logistic Regression
Pllp,0.2990097853639313,681,Logistic Regression
Olfml3,0.2987427822286956,682,Logistic Regression
Hpgd,0.2987033851185161,683,Logistic Regression
S100b,0.29869754121744696,684,Logistic Regression
Crim1,0.2985372598370092,685,Logistic Regression
Rasl10b,0.29847315521269197,686,Logistic Regression
Hmgn2,0.298032588980265,687,Logistic Regression
Clec5a,0.29736805841331265,688,Logistic Regression
Rnd3,0.2973543530653811,689,Logistic Regression
Vwa1,0.2971420658545405,690,Logistic Regression
Gclm,0.29708396714874075,691,Logistic Regression
Lmna,0.29681574546781464,692,Logistic Regression
Akap12,0.2967282543309824,693,Logistic Regression
Thbd,0.29641752081548994,694,Logistic Regression
Ly6d,0.2962440680729844,695,Logistic Regression
Spint1,0.2962083743625418,696,Logistic Regression
Anln,0.29616004041186,697,Logistic Regression
Rbp1,0.2958800911435352,698,Logistic Regression
Slc40a1,0.29576739391978124,699,Logistic Regression
Tgfb2,0.29552649069030335,700,Logistic Regression
Qpct,0.29544100871275775,701,Logistic Regression
Pla2g7,0.2952109539312273,702,Logistic Regression
Fam43a,0.2950883935978232,703,Logistic Regression
Coro1a,0.29485611860580097,704,Logistic Regression
Ly86,0.2944765728763541,705,Logistic Regression
AB124611,0.2943322043916006,706,Logistic Regression
H2-Oa,0.2940170380194205,707,Logistic Regression
Atp1a2,0.2933317869036411,708,Logistic Regression
Hspe1,0.29324975584848295,709,Logistic Regression
Adrb2,0.2931866954686266,710,Logistic Regression
Gstm1,0.2931024005816966,711,Logistic Regression
Bcl2a1b,0.2930992101952064,712,Logistic Regression
Csrp2,0.2930114992650549,713,Logistic Regression
Pcsk1n,0.29299548072413856,714,Logistic Regression
Dpysl2,0.29280482199573804,715,Logistic Regression
Tesc,0.2926622038348672,716,Logistic Regression
Esm1,0.2923371309505737,717,Logistic Regression
Slc16a3,0.29220914399741754,718,Logistic Regression
Slc15a3,0.2920890170131084,719,Logistic Regression
Mthfd2,0.29182530059032513,720,Logistic Regression
Tshz2,0.2916600151504411,721,Logistic Regression
Perp,0.2915532510656458,722,Logistic Regression
Vegfc,0.2912302758776908,723,Logistic Regression
Atp1b1,0.2910506755381489,724,Logistic Regression
Ackr3,0.2903624304319481,725,Logistic Regression
Slc7a1,0.2900950551515141,726,Logistic Regression
Ndn,0.29003325378076505,727,Logistic Regression
Fam13a,0.28999704116457603,728,Logistic Regression
Klk6,0.2899819806496116,729,Logistic Regression
Cxcl1,0.28991970307561915,730,Logistic Regression
Gsta4,0.28963046015777605,731,Logistic Regression
Serpinf1,0.28955126842680184,732,Logistic Regression
Bex2,0.28937799125232,733,Logistic Regression
Cmpk2,0.2891378389956433,734,Logistic Regression
Frzb,0.2888859488245351,735,Logistic Regression
Slc26a2,0.28878444051932695,736,Logistic Regression
Fpr1,0.2877468556350663,737,Logistic Regression
Hacd2,0.28738688813034047,738,Logistic Regression
Sox4,0.28653296328622113,739,Logistic Regression
Pln,0.2863438568783329,740,Logistic Regression
Fmo1,0.2862175067284564,741,Logistic Regression
Prelp,0.28606881082655106,742,Logistic Regression
Gm5424,0.2860336761343286,743,Logistic Regression
Col15a1,0.2859421388031723,744,Logistic Regression
Hsp90aa1,0.28582310010769424,745,Logistic Regression
Rgs16,0.2858043580537842,746,Logistic Regression
Tinagl1,0.2851128995036543,747,Logistic Regression
Gria2,0.2851019339925553,748,Logistic Regression
Ccl17,0.28503008570558924,749,Logistic Regression
Higd1b,0.28498785856980274,750,Logistic Regression
Ldhb,0.2844923496728028,751,Logistic Regression
Eps8l2,0.28445968094159396,752,Logistic Regression
Cd180,0.28442332374948565,753,Logistic Regression
Hcst,0.28410047646368675,754,Logistic Regression
AI662270,0.28407512035928706,755,Logistic Regression
Kcne4,0.2840307011276227,756,Logistic Regression
Pira2,0.28362294986732417,757,Logistic Regression
Cebpb,0.28345619970661484,758,Logistic Regression
Mfsd2a,0.28311123676258443,759,Logistic Regression
Pirb,0.2830935721333367,760,Logistic Regression
Ccr1,0.2829221699587782,761,Logistic Regression
Pou2f2,0.2827643487330848,762,Logistic Regression
Insc,0.28253176305197164,763,Logistic Regression
Cycs,0.2824926125166396,764,Logistic Regression
Pilrb1,0.28237183515401,765,Logistic Regression
Cd93,0.2821075799293966,766,Logistic Regression
Gm5127,0.28179527209141464,767,Logistic Regression
A2m,0.28161576077038847,768,Logistic Regression
Hspa2,0.28105210217596566,769,Logistic Regression
Casq2,0.28097169926794757,770,Logistic Regression
Fam20c,0.28087981608059465,771,Logistic Regression
Adssl1,0.2808626675875978,772,Logistic Regression
Creg1,0.28044091471471205,773,Logistic Regression
Gimap3,0.27974630354651536,774,Logistic Regression
Gper1,0.2795567923088338,775,Logistic Regression
Kctd14,0.27932864109943784,776,Logistic Regression
Sorbs2,0.2792341662581452,777,Logistic Regression
Slc1a5,0.27915096566041175,778,Logistic Regression
Prrx1,0.27914369319954757,779,Logistic Regression
Hebp1,0.278738456451097,780,Logistic Regression
Treml4,0.2785507579472915,781,Logistic Regression
Cdk1,0.2785402875780043,782,Logistic Regression
Pld4,0.27853924112182726,783,Logistic Regression
Siglece,0.2785325525141774,784,Logistic Regression
Snx2,0.27815688073048195,785,Logistic Regression
Col4a2,0.27804200462896617,786,Logistic Regression
Tubb2b,0.2778479941267879,787,Logistic Regression
Dbi,0.2778008585716475,788,Logistic Regression
Clu,0.2777786563571437,789,Logistic Regression
Cst3,0.2776733872037712,790,Logistic Regression
Rem1,0.27765751491030743,791,Logistic Regression
Rrm2,0.2774843803960358,792,Logistic Regression
Gm6377,0.27713629210089946,793,Logistic Regression
Hmcn1,0.277083896697473,794,Logistic Regression
Ptger4,0.2768968744885334,795,Logistic Regression
Pdlim4,0.27688054473446694,796,Logistic Regression
Slc11a1,0.2768738038064705,797,Logistic Regression
Lck,0.27679640226830615,798,Logistic Regression
Prtn3,0.2767286064649919,799,Logistic Regression
Pik3r1,0.27670222836587327,800,Logistic Regression
Pmaip1,0.27659176805545055,801,Logistic Regression
Flrt2,0.2765083033992403,802,Logistic Regression
Lpcat2,0.2762942935229455,803,Logistic Regression
Uqcrq,0.27596676076290394,804,Logistic Regression
Hsd11b1,0.27589176639704616,805,Logistic Regression
Oas3,0.27583516985558815,806,Logistic Regression
Sox17,0.2757545922571247,807,Logistic Regression
Cd68,0.27570653503507736,808,Logistic Regression
Osgin1,0.2754434720150256,809,Logistic Regression
Slc6a9,0.27543649343195303,810,Logistic Regression
Zfp691,0.27527944826403417,811,Logistic Regression
Gzmb,0.27518025449273104,812,Logistic Regression
Ndufa4,0.2750809122890137,813,Logistic Regression
Odc1,0.2750453609968623,814,Logistic Regression
Crispld1,0.2749457212535846,815,Logistic Regression
Arl5c,0.27458543094013027,816,Logistic Regression
Rtn4,0.2744440604051148,817,Logistic Regression
Fhl2,0.27407385368313886,818,Logistic Regression
Rasl11a,0.27390955152947166,819,Logistic Regression
Palld,0.2737778530285811,820,Logistic Regression
St3gal4,0.273531531305459,821,Logistic Regression
Pth1r,0.2733533233927395,822,Logistic Regression
Adh1,0.27322732799202315,823,Logistic Regression
Maf,0.27312238202744016,824,Logistic Regression
C1qb,0.2731044595276516,825,Logistic Regression
Eno1,0.2730265225010502,826,Logistic Regression
Lbp,0.2729367407371225,827,Logistic Regression
Gusb,0.27274848449477185,828,Logistic Regression
Pgf,0.27271601527467243,829,Logistic Regression
Cnn2,0.27247343499634713,830,Logistic Regression
Slco3a1,0.27237659340320686,831,Logistic Regression
Pydc3,0.2723732229099089,832,Logistic Regression
Adrbk2,0.27207521228267356,833,Logistic Regression
Mpped2,0.2716946851165382,834,Logistic Regression
Slc38a2,0.2716913715414913,835,Logistic Regression
Tgif1,0.2716459653427012,836,Logistic Regression
Cpe,0.27148904677211605,837,Logistic Regression
Pde4b,0.27145005559569624,838,Logistic Regression
Gde1,0.27142924190280493,839,Logistic Regression
Bgn,0.27136833994220966,840,Logistic Regression
Fcgr2b,0.2711803551026527,841,Logistic Regression
Trim30b,0.27111271389044533,842,Logistic Regression
Pdgfra,0.27096772075376463,843,Logistic Regression
Ltc4s,0.27086101951096797,844,Logistic Regression
Prdx5,0.2704759085556825,845,Logistic Regression
Cmip,0.27047227735739543,846,Logistic Regression
Ctsw,0.2703855889963129,847,Logistic Regression
Arg2,0.270351782463592,848,Logistic Regression
Mrgpra2b,0.2701527292336604,849,Logistic Regression
Synm,0.26998086385817427,850,Logistic Regression
Atp5e,0.26981698161939477,851,Logistic Regression
Spint2,0.2697532192359406,852,Logistic Regression
Ifngr1,0.2696136517764181,853,Logistic Regression
Plxdc2,0.2695684801519815,854,Logistic Regression
Ccl22,0.26953745182463573,855,Logistic Regression
Degs2,0.2694342912587115,856,Logistic Regression
Sdpr,0.2693817252508536,857,Logistic Regression
Ptpn18,0.2691221514705242,858,Logistic Regression
Atp5l,0.26912150187991235,859,Logistic Regression
H2-Q6,0.2688308796836969,860,Logistic Regression
Smim3,0.26873616448707405,861,Logistic Regression
Cd302,0.268560289150974,862,Logistic Regression
Emilin1,0.26824578830366597,863,Logistic Regression
Uqcr11,0.2681703191335419,864,Logistic Regression
Lmo4,0.2681210698852727,865,Logistic Regression
Dmp1,0.26792227377608996,866,Logistic Regression
Nr2f2,0.26784985623174534,867,Logistic Regression
Pcolce,0.2676288507720377,868,Logistic Regression
Plek,0.2675533740050202,869,Logistic Regression
Plp2,0.267330842163493,870,Logistic Regression
Ndrg1,0.26727606697583267,871,Logistic Regression
Sox11,0.26725074202242555,872,Logistic Regression
Thy1,0.26713710434027715,873,Logistic Regression
Cd2,0.2668018828090739,874,Logistic Regression
Asph,0.26657180096392835,875,Logistic Regression
Scg5,0.26642305117852993,876,Logistic Regression
Tubb2a,0.2663622984490319,877,Logistic Regression
Enah,0.2659549660953164,878,Logistic Regression
Frmd4a,0.2658753485711776,879,Logistic Regression
Rasgrp2,0.2657660096304369,880,Logistic Regression
Ptpn22,0.26563058808955076,881,Logistic Regression
C1qa,0.2655343960708831,882,Logistic Regression
Cx3cr1,0.2649666064180671,883,Logistic Regression
Cdk2ap2,0.2648239276440196,884,Logistic Regression
Fcrls,0.26480943594918105,885,Logistic Regression
Abi3,0.2642741879890401,886,Logistic Regression
Spon1,0.26423821572815953,887,Logistic Regression
Csf3r,0.2642241433930638,888,Logistic Regression
Ptprc,0.2642050104319256,889,Logistic Regression
Insig1,0.26373140403681694,890,Logistic Regression
Gpr132,0.2635121180457997,891,Logistic Regression
Asns,0.2631382041976714,892,Logistic Regression
Itgam,0.2630805960807178,893,Logistic Regression
Slfn2,0.2625009247598858,894,Logistic Regression
Clasp2,0.26248232761615087,895,Logistic Regression
Agpat9,0.2624821393779311,896,Logistic Regression
Ptgs1,0.2624536048035129,897,Logistic Regression
Sat1,0.2623849470111455,898,Logistic Regression
Zfp36l2,0.26234375815753236,899,Logistic Regression
Kcna5,0.2619073361156357,900,Logistic Regression
Col27a1,0.26182418134133145,901,Logistic Regression
RP23-6I17.1,0.2616643011643129,902,Logistic Regression
Col6a1,0.2612292620960843,903,Logistic Regression
Sept4,0.2612215052899536,904,Logistic Regression
Hes1,0.26110614741664295,905,Logistic Regression
Ccnd1,0.26103199121346643,906,Logistic Regression
Myct1,0.260980472162541,907,Logistic Regression
Id1,0.2605611798332522,908,Logistic Regression
Dpysl3,0.2605556930736651,909,Logistic Regression
Paqr6,0.2603785605238207,910,Logistic Regression
Tmod1,0.2601683546437574,911,Logistic Regression
Inmt,0.25969490110974297,912,Logistic Regression
Stab1,0.259652382392477,913,Logistic Regression
Mafb,0.2595676983625814,914,Logistic Regression
Pde1a,0.2595045845863482,915,Logistic Regression
Jag1,0.2593078723951541,916,Logistic Regression
Cox7b,0.25928662747149284,917,Logistic Regression
Cox7c,0.2592228104843958,918,Logistic Regression
Hacd4,0.25879066639137804,919,Logistic Regression
Lilra5,0.25851667092368535,920,Logistic Regression
Cox4i2,0.2584406390458295,921,Logistic Regression
Myof,0.2583448471999691,922,Logistic Regression
Dusp6,0.2583272669562377,923,Logistic Regression
Asf1b,0.25766889963365835,924,Logistic Regression
Bace2,0.2576244336116992,925,Logistic Regression
Ceacam10,0.25747926542668276,926,Logistic Regression
Lgmn,0.25745850293024053,927,Logistic Regression
Il4i1,0.2573246344702706,928,Logistic Regression
Loxl1,0.2572317095668781,929,Logistic Regression
Ccdc3,0.2571733391185166,930,Logistic Regression
Stap1,0.2568971139461559,931,Logistic Regression
Rel,0.2566419242239338,932,Logistic Regression
Htra3,0.256524622102585,933,Logistic Regression
C1qtnf9,0.25650180138665274,934,Logistic Regression
Phactr3,0.2564014257149136,935,Logistic Regression
Tarm1,0.2563858970045562,936,Logistic Regression
Fcna,0.2560872305715959,937,Logistic Regression
Tnip3,0.2560530662492137,938,Logistic Regression
Slamf8,0.256046945992899,939,Logistic Regression
C3,0.25603186903540504,940,Logistic Regression
Gadd45a,0.2558368728828346,941,Logistic Regression
Lat2,0.2557767439413309,942,Logistic Regression
Dgat2,0.2557230311706716,943,Logistic Regression
Ppfia4,0.2555874513126847,944,Logistic Regression
Gstm7,0.2555641293622928,945,Logistic Regression
Pycard,0.25540702743327576,946,Logistic Regression
Serpinb6b,0.2552892143278451,947,Logistic Regression
Car14,0.2552347746390133,948,Logistic Regression
Itih3,0.2552138505853747,949,Logistic Regression
1600010M07Rik,0.25516683522291495,950,Logistic Regression
Col1a1,0.255141492634965,951,Logistic Regression
Ctla2b,0.25511829394861935,952,Logistic Regression
Ddit4l,0.25490047499153784,953,Logistic Regression
Irx3,0.25477027940888486,954,Logistic Regression
Bicc1,0.25470685491629336,955,Logistic Regression
Aldh1a2,0.25466141108746837,956,Logistic Regression
Mrap,0.2545736264397845,957,Logistic Regression
Ctsa,0.2545204411617622,958,Logistic Regression
S100a1,0.25431991937586296,959,Logistic Regression
Col1a2,0.25419894715138824,960,Logistic Regression
Slc30a10,0.25417633490823477,961,Logistic Regression
Mrps6,0.25404475161288914,962,Logistic Regression
Basp1,0.2537496349372375,963,Logistic Regression
Rgs10,0.25363413885382496,964,Logistic Regression
Rmst,0.25356062033867205,965,Logistic Regression
Adamtsl1,0.25306805959482614,966,Logistic Regression
Sept1,0.25292801536733084,967,Logistic Regression
Mmp14,0.2527350379247336,968,Logistic Regression
Rgs2,0.25263920899434705,969,Logistic Regression
St5,0.25258398820265493,970,Logistic Regression
Dusp23,0.25258158649333834,971,Logistic Regression
Adpgk,0.252441807263399,972,Logistic Regression
Itga8,0.2522686582454574,973,Logistic Regression
Procr,0.25181563096534826,974,Logistic Regression
Bmp4,0.25147716629894556,975,Logistic Regression
B4galnt1,0.2513815660219863,976,Logistic Regression
Vegfa,0.2513539587154024,977,Logistic Regression
Cd7,0.2512218270287251,978,Logistic Regression
Fam180a,0.25108990491080757,979,Logistic Regression
Auts2,0.25074258252290194,980,Logistic Regression
Dmkn,0.2506086236573041,981,Logistic Regression
Ica1l,0.250552208618657,982,Logistic Regression
Cntfr,0.2503024758023586,983,Logistic Regression
Tspan15,0.25024900921643173,984,Logistic Regression
Ace,0.25011884405675266,985,Logistic Regression
Milr1,0.2500287758887777,986,Logistic Regression
Mcm5,0.24989194107770815,987,Logistic Regression
Fmod,0.2496821419491452,988,Logistic Regression
Nostrin,0.24924871737301466,989,Logistic Regression
Prdx6,0.24921903027859196,990,Logistic Regression
Gfra2,0.2489545396846762,991,Logistic Regression
Tbx3os1,0.24879014252681167,992,Logistic Regression
Lfng,0.24874760765178486,993,Logistic Regression
Ece1,0.24869342099719902,994,Logistic Regression
Top2a,0.24848347660032058,995,Logistic Regression
Ccr5,0.24809801623261557,996,Logistic Regression
Cox6c,0.2480325242673446,997,Logistic Regression
Gjb2,0.2477667331138354,998,Logistic Regression
1500009L16Rik,0.2477526142298065,999,Logistic Regression
Cdkn2b,0.24760825517194437,1000,Logistic Regression
Upk1b,0.24746257585252635,1001,Logistic Regression
Errfi1,0.2474324186725324,1002,Logistic Regression
Tgfbr1,0.24718205491223738,1003,Logistic Regression
Hba-a1,0.24710147239821026,1004,Logistic Regression
Cd82,0.24700249529184065,1005,Logistic Regression
Timp2,0.24669475223642773,1006,Logistic Regression
Gm4951,0.24658388878373297,1007,Logistic Regression
Ly6a,0.24637990335122742,1008,Logistic Regression
Enpp1,0.24624712255186307,1009,Logistic Regression
Tpd52l1,0.24619861545401256,1010,Logistic Regression
Tmem88,0.2460800958144162,1011,Logistic Regression
Ndufa12,0.24597785588947632,1012,Logistic Regression
Selenbp1,0.24545818100609543,1013,Logistic Regression
Gm5483,0.24543332043075602,1014,Logistic Regression
S100a16,0.2453293925173491,1015,Logistic Regression
Gm14964,0.24519575464182025,1016,Logistic Regression
Nsg1,0.24518861018089552,1017,Logistic Regression
Plac9b,0.24513914335593803,1018,Logistic Regression
Foxc2,0.24510755225453856,1019,Logistic Regression
Cpne8,0.245063970725205,1020,Logistic Regression
Atpif1,0.24498994457057877,1021,Logistic Regression
Etnppl,0.24487269240994153,1022,Logistic Regression
Ifi44,0.24483735431887071,1023,Logistic Regression
Atp5g1,0.24481964340499462,1024,Logistic Regression
Hist1h2bc,0.2446153190762198,1025,Logistic Regression
Steap4,0.24446725600485478,1026,Logistic Regression
Gas1,0.2444010315547444,1027,Logistic Regression
Cdh11,0.24427602933384043,1028,Logistic Regression
Tma16,0.24427478726614574,1029,Logistic Regression
Phgdh,0.24426084758326536,1030,Logistic Regression
Dhx58os,0.24393381022268454,1031,Logistic Regression
Rftn1,0.24379932487572506,1032,Logistic Regression
Lrrc25,0.24371149459279842,1033,Logistic Regression
Gm13889,0.2436640505666519,1034,Logistic Regression
Siglecg,0.24329438454656616,1035,Logistic Regression
Dclk1,0.24326378629947473,1036,Logistic Regression
Tbc1d4,0.242863773098819,1037,Logistic Regression
Bcl11a,0.24284149872352812,1038,Logistic Regression
AI839979,0.24268937416954445,1039,Logistic Regression
Ifitm10,0.2426818647183039,1040,Logistic Regression
Myo5a,0.24258448549956851,1041,Logistic Regression
Grem2,0.24246598962131022,1042,Logistic Regression
Bin2,0.2422763507904121,1043,Logistic Regression
Abhd12,0.24204879986970257,1044,Logistic Regression
Nrarp,0.24199247909746727,1045,Logistic Regression
Lin7a,0.24190457023466658,1046,Logistic Regression
Tnfrsf9,0.2418681091306411,1047,Logistic Regression
Kcnk2,0.24172238080460595,1048,Logistic Regression
Gjb6,0.24149143574767393,1049,Logistic Regression
Hexa,0.24141718959977757,1050,Logistic Regression
Chst2,0.24140350054404838,1051,Logistic Regression
Cdca8,0.24132045296572244,1052,Logistic Regression
Ptges,0.24127326401599472,1053,Logistic Regression
Gpx8,0.24124085658307132,1054,Logistic Regression
Sema4b,0.24114024786019742,1055,Logistic Regression
Atp5o,0.24105165091294567,1056,Logistic Regression
Islr2,0.24104941046532552,1057,Logistic Regression
Wtip,0.24059163795410066,1058,Logistic Regression
Opalin,0.2404008296406529,1059,Logistic Regression
Inhba,0.2402381058082476,1060,Logistic Regression
Gsto1,0.24023761018889,1061,Logistic Regression
Gpx4,0.24009267897549222,1062,Logistic Regression
Spn,0.2400409939275476,1063,Logistic Regression
Usmg5,0.2398740572286192,1064,Logistic Regression
Rras2,0.23980690467145233,1065,Logistic Regression
Birc5,0.23973482036456692,1066,Logistic Regression
Hist1h1c,0.2395599987018132,1067,Logistic Regression
2010107E04Rik,0.23954642681369118,1068,Logistic Regression
Tmeff2,0.23952376744001647,1069,Logistic Regression
Ms4a1,0.23920739555067702,1070,Logistic Regression
Nr2f1,0.23917759495679755,1071,Logistic Regression
Agpat5,0.23912478033047876,1072,Logistic Regression
Cadm1,0.2388710262993177,1073,Logistic Regression
Nos1,0.2387479054085193,1074,Logistic Regression
Gstt1,0.23874007493105912,1075,Logistic Regression
Unc119,0.2385659204503395,1076,Logistic Regression
Smad7,0.238474905768698,1077,Logistic Regression
Stfa2l1,0.2384653972353213,1078,Logistic Regression
Serpina3g,0.23842941630243217,1079,Logistic Regression
Eps8,0.23820432861561805,1080,Logistic Regression
Batf3,0.23809342127417596,1081,Logistic Regression
Nav2,0.23793925043371203,1082,Logistic Regression
Klre1,0.2378999630785706,1083,Logistic Regression
Cox5b,0.23777363005810806,1084,Logistic Regression
Dok3,0.2374527050647243,1085,Logistic Regression
Grn,0.237148013838151,1086,Logistic Regression
Zcchc18,0.23710351727343665,1087,Logistic Regression
Mest,0.2370266737693775,1088,Logistic Regression
S1pr3,0.23694636846130565,1089,Logistic Regression
Rgs17,0.23692742937344968,1090,Logistic Regression
Islr,0.2367884804087333,1091,Logistic Regression
Rhoj,0.23674140701445484,1092,Logistic Regression
Adamts2,0.23663472479144668,1093,Logistic Regression
Tslp,0.2365822245927291,1094,Logistic Regression
Cacnb3,0.2365050740180988,1095,Logistic Regression
Cd200r1,0.23640709301670546,1096,Logistic Regression
Ang,0.2363445030397813,1097,Logistic Regression
Pde4d,0.23634331448231788,1098,Logistic Regression
Cela1,0.23601784910732446,1099,Logistic Regression
Ly6c1,0.23600845713700808,1100,Logistic Regression
Postn,0.23583739457495756,1101,Logistic Regression
Tmx4,0.23580073436751212,1102,Logistic Regression
Tmem123,0.2354929138286967,1103,Logistic Regression
Fam107a,0.23521178309468108,1104,Logistic Regression
Lmo1,0.23509824547216737,1105,Logistic Regression
Runx3,0.23498825922187663,1106,Logistic Regression
Ngfrap1,0.2347970951891603,1107,Logistic Regression
Cd86,0.23468028778745842,1108,Logistic Regression
Tubb4b,0.2341594933135111,1109,Logistic Regression
Adk,0.23407922703959122,1110,Logistic Regression
Tnik,0.23406595637103758,1111,Logistic Regression
Sept7,0.23404581960384066,1112,Logistic Regression
Ifi27,0.23393279047194188,1113,Logistic Regression
Hist4h4,0.23379816690462535,1114,Logistic Regression
P2ry13,0.23367061550453858,1115,Logistic Regression
Vsir,0.23365974267265163,1116,Logistic Regression
Fxyd1,0.23361803748173668,1117,Logistic Regression
Serpinb9,0.23356317137222288,1118,Logistic Regression
Hk3,0.23352582078841552,1119,Logistic Regression
Ebf1,0.23345267510392928,1120,Logistic Regression
Rassf4,0.23337234624473377,1121,Logistic Regression
Grina,0.23333908793192218,1122,Logistic Regression
AF251705,0.23295246219106283,1123,Logistic Regression
Nfasc,0.23288449004777,1124,Logistic Regression
Meis2,0.23253021395198517,1125,Logistic Regression
Sap30,0.23251527892043303,1126,Logistic Regression
Cd48,0.23242949488955547,1127,Logistic Regression
Itgax,0.23242709810711198,1128,Logistic Regression
Hvcn1,0.2324066973915921,1129,Logistic Regression
Apoc1,0.2323186758152837,1130,Logistic Regression
Cd3g,0.23220895393913613,1131,Logistic Regression
H2afj,0.2319552534485836,1132,Logistic Regression
Ngf,0.23173183433317185,1133,Logistic Regression
Cd300lb,0.23168711338026624,1134,Logistic Regression
Nfkbid,0.23150541804666436,1135,Logistic Regression
Cxcr4,0.231489786507441,1136,Logistic Regression
Cd209f,0.23113873615221076,1137,Logistic Regression
Map1b,0.23102211186218483,1138,Logistic Regression
Col8a2,0.23098942262345412,1139,Logistic Regression
Ctsz,0.2309515069550847,1140,Logistic Regression
Gm21975,0.2307265242075051,1141,Logistic Regression
Nid1,0.2306324189655991,1142,Logistic Regression
Slc1a1,0.23053416362215498,1143,Logistic Regression
Lmo7,0.23032499609173424,1144,Logistic Regression
Map3k7cl,0.22991803498834223,1145,Logistic Regression
Grin2c,0.22982824730682266,1146,Logistic Regression
Susd3,0.229781969521887,1147,Logistic Regression
Slc2a3,0.22961804523896745,1148,Logistic Regression
Cystm1,0.22946264651389375,1149,Logistic Regression
Gzma,0.2293106214582845,1150,Logistic Regression
Cd84,0.22920037766731918,1151,Logistic Regression
Olfm1,0.22919420611211697,1152,Logistic Regression
Gm3764,0.2291699816812369,1153,Logistic Regression
Gpr20,0.229135737513605,1154,Logistic Regression
Pfkp,0.22903484499085477,1155,Logistic Regression
Kmo,0.22895418358321995,1156,Logistic Regression
Adap2,0.22892236114455883,1157,Logistic Regression
Pcdh17,0.22885213685298583,1158,Logistic Regression
Bdh2,0.22850339338554712,1159,Logistic Regression
C1qc,0.22834720505431413,1160,Logistic Regression
Cyba,0.22812873815908505,1161,Logistic Regression
Tspan3,0.22803633132562207,1162,Logistic Regression
Aqp4,0.22791867022242887,1163,Logistic Regression
Prlr,0.2278162869113367,1164,Logistic Regression
Pgk1,0.22781439136080375,1165,Logistic Regression
1700047M11Rik,0.22780807110663803,1166,Logistic Regression
Ckb,0.22761670101165649,1167,Logistic Regression
Dcdc2a,0.22758819686819473,1168,Logistic Regression
Fam26f,0.22758703724562424,1169,Logistic Regression
Mfge8,0.22751920514181576,1170,Logistic Regression
Tnfaip3,0.22745382646888024,1171,Logistic Regression
Sqle,0.2274466608863529,1172,Logistic Regression
Nsg2,0.2274117138440492,1173,Logistic Regression
Tbc1d10c,0.22728653901769677,1174,Logistic Regression
Oaf,0.2272160386383775,1175,Logistic Regression
Adam33,0.22687327475155813,1176,Logistic Regression
Msmo1,0.2268664776836625,1177,Logistic Regression
Tnfsf8,0.22681330043354112,1178,Logistic Regression
Ndufa13,0.22681113926244037,1179,Logistic Regression
Ndufc1,0.22671018294770676,1180,Logistic Regression
Degs1,0.22665101031968574,1181,Logistic Regression
Sh2d1b1,0.22656808769053854,1182,Logistic Regression
Sgk3,0.22652737679020735,1183,Logistic Regression
Il7r,0.22631640521004337,1184,Logistic Regression
Clec1a,0.226276051379611,1185,Logistic Regression
Lxn,0.22617489841245678,1186,Logistic Regression
Sfrp4,0.2260547219344883,1187,Logistic Regression
Mustn1,0.22592518515091128,1188,Logistic Regression
Steap1,0.2258698914288588,1189,Logistic Regression
Bcl2,0.22586065032524416,1190,Logistic Regression
Snhg11,0.22585832035554976,1191,Logistic Regression
Zeb2,0.22571392680174673,1192,Logistic Regression
Itga7,0.22547334138531314,1193,Logistic Regression
Ank2,0.22536135007025318,1194,Logistic Regression
Pdgfrb,0.2252160609512356,1195,Logistic Regression
Enpp6,0.22520334676582154,1196,Logistic Regression
Gng10,0.22509847800910074,1197,Logistic Regression
Bex4,0.22505595295787215,1198,Logistic Regression
Adap2os,0.2249966987187515,1199,Logistic Regression
Map4k1,0.22466140724626543,1200,Logistic Regression
Cotl1,0.22465348817670588,1201,Logistic Regression
Mecom,0.22463452710404538,1202,Logistic Regression
Mmp19,0.224582912960136,1203,Logistic Regression
Nxpe5,0.22437983499135403,1204,Logistic Regression
Slc38a1,0.22431262822136486,1205,Logistic Regression
Ssu2,0.22423647828799093,1206,Logistic Regression
Itgb2,0.22413986520462328,1207,Logistic Regression
Atp5k,0.22407927657134855,1208,Logistic Regression
Cox6a2,0.22388576377954028,1209,Logistic Regression
Nfix,0.22384186213512583,1210,Logistic Regression
Ehd2,0.2235271213589901,1211,Logistic Regression
Mrc2,0.22333248009720374,1212,Logistic Regression
Speg,0.2231674945023451,1213,Logistic Regression
Gas7,0.22293021576128025,1214,Logistic Regression
Gm11627,0.22262834853470853,1215,Logistic Regression
Cd37,0.2225652475543197,1216,Logistic Regression
Cdc42ep2,0.2225081390721638,1217,Logistic Regression
Txk,0.2224139945386722,1218,Logistic Regression
Uba2,0.22210981269245783,1219,Logistic Regression
Alcam,0.22193244467376816,1220,Logistic Regression
Atf5,0.22192832681852487,1221,Logistic Regression
Limd2,0.22175616844729235,1222,Logistic Regression
Tnfrsf11b,0.2217359405618729,1223,Logistic Regression
Pdlim3,0.22153007960443513,1224,Logistic Regression
Ntm,0.2214791333582671,1225,Logistic Regression
Nfe2,0.22134905879330902,1226,Logistic Regression
Stra6,0.22100728025196592,1227,Logistic Regression
Vstm4,0.22086905604480164,1228,Logistic Regression
Lcp1,0.22070331335109156,1229,Logistic Regression
Fam46b,0.2206512755844192,1230,Logistic Regression
Tmem86a,0.2206032038967388,1231,Logistic Regression
Lgi1,0.22058990985247465,1232,Logistic Regression
Kctd12,0.22027866235408936,1233,Logistic Regression
Dkk3,0.21992569557108121,1234,Logistic Regression
Serpinb8,0.21988627729558177,1235,Logistic Regression
Hexb,0.21983525434344756,1236,Logistic Regression
Cmtm7,0.21980493193592626,1237,Logistic Regression
Ddc,0.21974517516217923,1238,Logistic Regression
Pkp3,0.21953522175572,1239,Logistic Regression
Gm37800,0.21914441904261217,1240,Logistic Regression
Galnt6,0.21907897960465011,1241,Logistic Regression
Tceal3,0.21900340907011379,1242,Logistic Regression
Slit2,0.21897319832449855,1243,Logistic Regression
Gm1673,0.218843489042339,1244,Logistic Regression
Ncf4,0.2188013530587226,1245,Logistic Regression
Tmem212,0.21845109143038532,1246,Logistic Regression
Atp2b4,0.21833161712303173,1247,Logistic Regression
Timp4,0.21792066228097168,1248,Logistic Regression
4430402I18Rik,0.21764097718276607,1249,Logistic Regression
Lair1,0.2176255142315978,1250,Logistic Regression
Fam213a,0.21747541154199668,1251,Logistic Regression
Mpeg1,0.21745902189859317,1252,Logistic Regression
Fgfr1,0.21737562630287727,1253,Logistic Regression
Slc22a4,0.21730904737005136,1254,Logistic Regression
Riiad1,0.21727014185997176,1255,Logistic Regression
Mia,0.21722994118968603,1256,Logistic Regression
Hmha1,0.21720907589072785,1257,Logistic Regression
Fdps,0.2171519004897594,1258,Logistic Regression
Prkcdbp,0.2171342075800512,1259,Logistic Regression
Gpc6,0.21711969505449893,1260,Logistic Regression
Tomm7,0.21699025220415766,1261,Logistic Regression
Cd3d,0.21691806317613427,1262,Logistic Regression
Ptp4a3,0.21690167171138022,1263,Logistic Regression
Slc9a3r1,0.21678277521732595,1264,Logistic Regression
Slc37a2,0.21629288507534508,1265,Logistic Regression
Col6a2,0.21616981175976127,1266,Logistic Regression
Slc38a11,0.21608630896751327,1267,Logistic Regression
Tiparp,0.21602814897537656,1268,Logistic Regression
4930402H24Rik,0.2158188456765918,1269,Logistic Regression
Dmd,0.21576442257759681,1270,Logistic Regression
Ppp1r3g,0.21569939373198246,1271,Logistic Regression
Gm12216,0.21566551896158387,1272,Logistic Regression
Skap1,0.21535352149056675,1273,Logistic Regression
A730049H05Rik,0.2152651422176644,1274,Logistic Regression
Ly9,0.21522984636038853,1275,Logistic Regression
Tmem255b,0.21501178452423714,1276,Logistic Regression
Ntpcr,0.21478251378894503,1277,Logistic Regression
Cd33,0.21462393216820094,1278,Logistic Regression
Cyyr1,0.21417362597083583,1279,Logistic Regression
Rnf149,0.2140498485316556,1280,Logistic Regression
Map2,0.21400861872823126,1281,Logistic Regression
Mdh1,0.21379439211757806,1282,Logistic Regression
Asprv1,0.21366225492721141,1283,Logistic Regression
Fzd2,0.21316935923241578,1284,Logistic Regression
Mertk,0.21315468544880994,1285,Logistic Regression
Cemip,0.21314962200741994,1286,Logistic Regression
Kcnk1,0.21268466243698486,1287,Logistic Regression
Tmem178,0.21253995641829848,1288,Logistic Regression
Ttr,0.21237939407675202,1289,Logistic Regression
Rarres2,0.21227326001300945,1290,Logistic Regression
Dse,0.2120698665653161,1291,Logistic Regression
Arl6ip1,0.21197503413207483,1292,Logistic Regression
Id4,0.21191635566646866,1293,Logistic Regression
Hmgb3,0.2119090503337897,1294,Logistic Regression
Atp5h,0.21190370372188708,1295,Logistic Regression
Dtna,0.2117808963674273,1296,Logistic Regression
Ndufb2,0.2117209482949931,1297,Logistic Regression
Ccdc153,0.2116205568165811,1298,Logistic Regression
Lrp4,0.21159537225024513,1299,Logistic Regression
Igsf6,0.21145519724012965,1300,Logistic Regression
Pfn2,0.2113102606777855,1301,Logistic Regression
Cfb,0.21115840343137732,1302,Logistic Regression
Car2,0.21113536876419955,1303,Logistic Regression
Ptp4a1,0.2111209103392696,1304,Logistic Regression
Slc1a2,0.21111572638278878,1305,Logistic Regression
Slc22a6,0.21109155632226756,1306,Logistic Regression
Cox8a,0.21104184194641096,1307,Logistic Regression
Slc22a17,0.2109828273094395,1308,Logistic Regression
Ajuba,0.2109728957760755,1309,Logistic Regression
Klrb1c,0.2109174577750873,1310,Logistic Regression
Map7d2,0.2104147623349817,1311,Logistic Regression
Celf2,0.20995270306463024,1312,Logistic Regression
Nbl1,0.2099409973148582,1313,Logistic Regression
Hk2,0.2098759426163574,1314,Logistic Regression
Pdzd2,0.2098672247107751,1315,Logistic Regression
Trim9,0.2097802183192954,1316,Logistic Regression
Folr1,0.2097026952803797,1317,Logistic Regression
Ptpro,0.20959699817365177,1318,Logistic Regression
Fyb,0.2094951197068904,1319,Logistic Regression
Gm9780,0.2094951034895049,1320,Logistic Regression
Amigo2,0.2094721451027801,1321,Logistic Regression
CR974586.5,0.2091205152910453,1322,Logistic Regression
Hspb1,0.20886358166669539,1323,Logistic Regression
Ncam1,0.20883833144610103,1324,Logistic Regression
Chst1,0.20880429193076677,1325,Logistic Regression
Il2rb,0.20879386769707062,1326,Logistic Regression
F3,0.20874147061764972,1327,Logistic Regression
Oat,0.20863981890970051,1328,Logistic Regression
Gm14548,0.20860686700031442,1329,Logistic Regression
Man2b1,0.20855040779479384,1330,Logistic Regression
Hist1h3e,0.2083339269240336,1331,Logistic Regression
Cml1,0.20827196689291785,1332,Logistic Regression
Slc1a3,0.20804379480477245,1333,Logistic Regression
Hopx,0.2079708432348568,1334,Logistic Regression
Ada,0.20792062349452695,1335,Logistic Regression
Col23a1,0.20790011307178607,1336,Logistic Regression
Enpp2,0.20765623426378263,1337,Logistic Regression
Sulf2,0.20758024913492648,1338,Logistic Regression
Tnfsf9,0.2075436993210925,1339,Logistic Regression
Vmp1,0.20738655594416908,1340,Logistic Regression
Myl6,0.20732530017759793,1341,Logistic Regression
Mfap4,0.2071551586892182,1342,Logistic Regression
Tbx2,0.20710201623826813,1343,Logistic Regression
F5,0.20707861656819845,1344,Logistic Regression
Apobec1,0.20701722825088167,1345,Logistic Regression
Gm8369,0.2069975895424215,1346,Logistic Regression
Ppp1r14a,0.20694585346865194,1347,Logistic Regression
Tnni1,0.2069171224700238,1348,Logistic Regression
Nkain4,0.2068281887806849,1349,Logistic Regression
Mgst2,0.20665489852149438,1350,Logistic Regression
Gpsm3,0.2063053951393007,1351,Logistic Regression
Foxp2,0.2062301472992563,1352,Logistic Regression
2310001H17Rik,0.20613664963092884,1353,Logistic Regression
Slc25a4,0.20613306896457367,1354,Logistic Regression
Cenpa,0.2059895438405737,1355,Logistic Regression
Clec3b,0.20587317127724916,1356,Logistic Regression
Slc9b2,0.20579947786737085,1357,Logistic Regression
Efhd2,0.20579130780583788,1358,Logistic Regression
Kcnj13,0.20576055187579098,1359,Logistic Regression
Slc6a11,0.205759357642088,1360,Logistic Regression
Adgre1,0.20574289111942445,1361,Logistic Regression
Csf2ra,0.20573335108844673,1362,Logistic Regression
Msx1,0.20571131070400517,1363,Logistic Regression
Sec11c,0.2056717513338329,1364,Logistic Regression
Gm17750,0.20566089587791,1365,Logistic Regression
Tnfrsf18,0.20563396096124711,1366,Logistic Regression
Hba-a2,0.20556023535967094,1367,Logistic Regression
Sgip1,0.20550807888742126,1368,Logistic Regression
Tmem173,0.20549421668019552,1369,Logistic Regression
Cit,0.20547629914319118,1370,Logistic Regression
Edem1,0.2048423749351961,1371,Logistic Regression
Carhsp1,0.20481795221836996,1372,Logistic Regression
Sdcbp2,0.20471855825255061,1373,Logistic Regression
Usp2,0.2046549909251546,1374,Logistic Regression
Gm13822,0.20462722971394265,1375,Logistic Regression
Hhatl,0.20457347593400066,1376,Logistic Regression
Bambi,0.2040228769893227,1377,Logistic Regression
Col9a3,0.2039311114537331,1378,Logistic Regression
Cers2,0.20392876785679598,1379,Logistic Regression
Aoah,0.20389791275807065,1380,Logistic Regression
Kl,0.20386944514702796,1381,Logistic Regression
Sema3b,0.20383928262181647,1382,Logistic Regression
Aqp1,0.20379381229801677,1383,Logistic Regression
Lat,0.20378048226705434,1384,Logistic Regression
Arrdc2,0.20370954969340577,1385,Logistic Regression
Dpep1,0.20362389468143643,1386,Logistic Regression
Ptprd,0.20349815273195715,1387,Logistic Regression
Sulf1,0.20339530464361777,1388,Logistic Regression
Omg,0.20332702621863613,1389,Logistic Regression
Syngr2,0.2032404087510797,1390,Logistic Regression
Omd,0.20312474139945827,1391,Logistic Regression
Tecr,0.20304445428127355,1392,Logistic Regression
Synpr,0.20301496150072218,1393,Logistic Regression
Parm1,0.20295139640098966,1394,Logistic Regression
C1qtnf2,0.2029255770465277,1395,Logistic Regression
Fgd2,0.20286483801285243,1396,Logistic Regression
Otud1,0.20279402966025203,1397,Logistic Regression
Akr1b8,0.20275998968983197,1398,Logistic Regression
Fbxo2,0.2026028887597556,1399,Logistic Regression
Scara3,0.20247809986795934,1400,Logistic Regression
Zfhx3,0.20245798410475094,1401,Logistic Regression
Adora2b,0.20236228119182872,1402,Logistic Regression
Lrp1,0.20218810416200003,1403,Logistic Regression
Fcmr,0.20214897943335863,1404,Logistic Regression
Apbb1ip,0.20209042793597035,1405,Logistic Regression
Sh3bgrl,0.20193624874198896,1406,Logistic Regression
Wnt5b,0.20191157535986617,1407,Logistic Regression
P2ry10,0.20190728279381653,1408,Logistic Regression
Lag3,0.20190068989217552,1409,Logistic Regression
Nudt17,0.20188993206080075,1410,Logistic Regression
Tspan11,0.20177397958768245,1411,Logistic Regression
Ly6h,0.20163341228698048,1412,Logistic Regression
Ggt5,0.2015646919982017,1413,Logistic Regression
Hsph1,0.20149611640633663,1414,Logistic Regression
Csrp1,0.20141299678281316,1415,Logistic Regression
Gpnmb,0.20103502049118593,1416,Logistic Regression
Polk,0.20093257970261705,1417,Logistic Regression
Pdlim2,0.20090198976932733,1418,Logistic Regression
Pex5l,0.200668776829264,1419,Logistic Regression
Nudt4,0.20065618119872256,1420,Logistic Regression
Tagap,0.20063975239984216,1421,Logistic Regression
Prdm16,0.2005203200183404,1422,Logistic Regression
Etv1,0.20050951697503724,1423,Logistic Regression
Ccdc80,0.20027881321748156,1424,Logistic Regression
Gm13861,0.2002742669271121,1425,Logistic Regression
Tmem47,0.20010285885807114,1426,Logistic Regression
Brinp3,0.1998490520454662,1427,Logistic Regression
Efna5,0.19966056800440418,1428,Logistic Regression
Socs1,0.1995741141671649,1429,Logistic Regression
Zic1,0.19956907461344642,1430,Logistic Regression
Pantr1,0.19934678355154759,1431,Logistic Regression
Uqcr10,0.19911411289201847,1432,Logistic Regression
Mxra8,0.1991119816378883,1433,Logistic Regression
Tbx18,0.19910757502957774,1434,Logistic Regression
Atcayos,0.19903054189762778,1435,Logistic Regression
Sostdc1,0.1989886574090311,1436,Logistic Regression
Rcn3,0.19881433455097228,1437,Logistic Regression
Socs2,0.1987065579763368,1438,Logistic Regression
Romo1,0.19860792233457877,1439,Logistic Regression
Endod1,0.19850361325723062,1440,Logistic Regression
Gm26870,0.19832628006149602,1441,Logistic Regression
Tep1,0.19829155080070496,1442,Logistic Regression
Gstm5,0.19813831040604965,1443,Logistic Regression
Ckap4,0.19811415767416646,1444,Logistic Regression
Itgad,0.19803041005469793,1445,Logistic Regression
Kctd1,0.1980184428861316,1446,Logistic Regression
Slc7a10,0.19800314129202637,1447,Logistic Regression
Tcf15,0.19777308556442783,1448,Logistic Regression
Btbd17,0.19775991427549444,1449,Logistic Regression
Grb14,0.19774928544906284,1450,Logistic Regression
Gpld1,0.19774128180980538,1451,Logistic Regression
Rbm47,0.19761936189288878,1452,Logistic Regression
Prnp,0.19751762099419257,1453,Logistic Regression
Cyp2j9,0.1975077811292173,1454,Logistic Regression
Spock3,0.19740001016361863,1455,Logistic Regression
Acaca,0.19737125896754182,1456,Logistic Regression
Evl,0.1973428862826392,1457,Logistic Regression
Ptrf,0.19711539892365373,1458,Logistic Regression
Mical2,0.1970924552314598,1459,Logistic Regression
Rcan2,0.1968355544141748,1460,Logistic Regression
Trem2,0.1967444965672495,1461,Logistic Regression
Calm3,0.196701886081805,1462,Logistic Regression
Tbxa2r,0.1966332555953408,1463,Logistic Regression
Gja1,0.19652935441841787,1464,Logistic Regression
Penk,0.1964493030946891,1465,Logistic Regression
Plekho1,0.19635121248944712,1466,Logistic Regression
Fam105a,0.19602514340650387,1467,Logistic Regression
Ppp1r1a,0.1960218930496333,1468,Logistic Regression
C2,0.19575672003410344,1469,Logistic Regression
1110017D15Rik,0.19534500482176026,1470,Logistic Regression
F7,0.19530846424802034,1471,Logistic Regression
Pdlim7,0.1951328132681866,1472,Logistic Regression
Bin1,0.19505439192140203,1473,Logistic Regression
Rsph9,0.19505349113738307,1474,Logistic Regression
Enpep,0.19497937974458848,1475,Logistic Regression
Dynlrb2,0.19495218728655064,1476,Logistic Regression
Slc26a7,0.19494698968582683,1477,Logistic Regression
H1f0,0.19489676408299356,1478,Logistic Regression
Gucy1b3,0.19488942882177074,1479,Logistic Regression
Nlrp3,0.1948713776010298,1480,Logistic Regression
Rhoh,0.19478034587415247,1481,Logistic Regression
Slc16a8,0.1947780451739749,1482,Logistic Regression
Gstp1,0.19473337508663646,1483,Logistic Regression
Hgsnat,0.19461654923421753,1484,Logistic Regression
Golm1,0.19442782410627799,1485,Logistic Regression
Epb41,0.1943408791817467,1486,Logistic Regression
Cd80,0.19415192312927157,1487,Logistic Regression
Cpxm1,0.1941308844437676,1488,Logistic Regression
Gal3st4,0.19396698328143444,1489,Logistic Regression
Mmp2,0.19389491842959977,1490,Logistic Regression
Bok,0.1936711781045043,1491,Logistic Regression
Grm3,0.19359113234003475,1492,Logistic Regression
Ptpre,0.19358589068359483,1493,Logistic Regression
Stmn3,0.19322857772002894,1494,Logistic Regression
Pygm,0.19312471278431279,1495,Logistic Regression
Anks1b,0.19300909088357823,1496,Logistic Regression
Fbln7,0.1928534745814524,1497,Logistic Regression
Ccl8,0.1927488290954888,1498,Logistic Regression
Plce1,0.19270216851729885,1499,Logistic Regression
Bcr,0.1926141360800693,1500,Logistic Regression
Mob2,0.19259653996102263,1501,Logistic Regression
Rhov,0.19257286563367013,1502,Logistic Regression
Tfec,0.1924447523395481,1503,Logistic Regression
Itgb4,0.19240210998136792,1504,Logistic Regression
Snrpn,0.19238327832729127,1505,Logistic Regression
Ptx3,0.1921428578210945,1506,Logistic Regression
Npy,0.1921383751756406,1507,Logistic Regression
Lpp,0.19199466225067965,1508,Logistic Regression
Flna,0.1918854533203702,1509,Logistic Regression
Cyp26b1,0.19187801018517903,1510,Logistic Regression
Arhgap30,0.1918527053826528,1511,Logistic Regression
Acaa2,0.19154685170462438,1512,Logistic Regression
Fam46a,0.1914841124758538,1513,Logistic Regression
Hspb2,0.19094418943533883,1514,Logistic Regression
1500015O10Rik,0.19091849120929855,1515,Logistic Regression
Selp,0.1909057867428702,1516,Logistic Regression
Itgb2l,0.19083749743053535,1517,Logistic Regression
Ptch1,0.19076093728378002,1518,Logistic Regression
Nexn,0.19073675269675,1519,Logistic Regression
Sla,0.1905292918366528,1520,Logistic Regression
Cd27,0.1905256269100997,1521,Logistic Regression
Blnk,0.19050490031169762,1522,Logistic Regression
Jam3,0.19049763882685344,1523,Logistic Regression
Rbpms2,0.19015106062599083,1524,Logistic Regression
Fcgr3,0.19014469295597947,1525,Logistic Regression
Pax6,0.19013618396209125,1526,Logistic Regression
Phkg1,0.19008968043432,1527,Logistic Regression
Cysltr1,0.19007707151353373,1528,Logistic Regression
Ctdspl,0.1898045539569823,1529,Logistic Regression
Hmgn3,0.18979039217351704,1530,Logistic Regression
Spc25,0.18962628909345974,1531,Logistic Regression
Ntrk2,0.18942676296196756,1532,Logistic Regression
Adora3,0.1891078530492758,1533,Logistic Regression
Rock1,0.1889545599272156,1534,Logistic Regression
Fam101a,0.18894163157772836,1535,Logistic Regression
Ednra,0.18888495335785227,1536,Logistic Regression
Tagln3,0.18874399964264582,1537,Logistic Regression
Olfml2a,0.18870922536770374,1538,Logistic Regression
Gja4,0.1886529709841087,1539,Logistic Regression
Hck,0.188634833040405,1540,Logistic Regression
Gamt,0.18853992679756346,1541,Logistic Regression
Mlf1,0.18844561817690741,1542,Logistic Regression
Klrb1b,0.18844402985864114,1543,Logistic Regression
Tlcd1,0.18838978274075202,1544,Logistic Regression
Sema4a,0.18826171247541204,1545,Logistic Regression
Ascc1,0.18816690307104636,1546,Logistic Regression
Ncr1,0.18812664961819334,1547,Logistic Regression
Tmem37,0.18800449993931118,1548,Logistic Regression
Mrvi1,0.18797924390815637,1549,Logistic Regression
Csf1r,0.18795870887087823,1550,Logistic Regression
Rab32,0.1879500191520578,1551,Logistic Regression
Fam71a,0.18784233523087643,1552,Logistic Regression
Heyl,0.1876511521576067,1553,Logistic Regression
Arrdc3,0.18762339678242956,1554,Logistic Regression
Csf2rb,0.18753403408191233,1555,Logistic Regression
Cd248,0.1874263707107836,1556,Logistic Regression
Cfap126,0.1874196915929364,1557,Logistic Regression
Gpr183,0.18738863877461978,1558,Logistic Regression
Psat1,0.18732256991434773,1559,Logistic Regression
Odf3b,0.18722691055548288,1560,Logistic Regression
Padi4,0.1872051954411491,1561,Logistic Regression
Itih2,0.18718043154526712,1562,Logistic Regression
Susd5,0.1870721780765514,1563,Logistic Regression
Il18,0.1870394298409854,1564,Logistic Regression
Foxq1,0.1869000253456405,1565,Logistic Regression
Inhbb,0.1866032211640717,1566,Logistic Regression
C5ar2,0.18654727753985348,1567,Logistic Regression
Cryab,0.18621783265510822,1568,Logistic Regression
Clmp,0.1861830683397968,1569,Logistic Regression
Hdac11,0.18600932090716388,1570,Logistic Regression
Gprc5c,0.18589837494210096,1571,Logistic Regression
C1qtnf7,0.18589205211391585,1572,Logistic Regression
Cul4b,0.1858288199757013,1573,Logistic Regression
Vsig2,0.1857003381565711,1574,Logistic Regression
Myh11,0.185493603376508,1575,Logistic Regression
Ablim2,0.18540643162199377,1576,Logistic Regression
Tcea3,0.1852604225998376,1577,Logistic Regression
Crym,0.18525998363734053,1578,Logistic Regression
Npy1r,0.185031054394717,1579,Logistic Regression
Pcyt2,0.1850093138089499,1580,Logistic Regression
Sox18,0.1849361210645805,1581,Logistic Regression
Rgs7bp,0.18483305934405136,1582,Logistic Regression
Ndufv3,0.18482078588967354,1583,Logistic Regression
Pag1,0.1847657686666484,1584,Logistic Regression
Rgs20,0.18470939463832325,1585,Logistic Regression
Egr2,0.18459502893959687,1586,Logistic Regression
Pde10a,0.18449275051545974,1587,Logistic Regression
Fam111a,0.18415972969173258,1588,Logistic Regression
2700038G22Rik,0.1841046649796112,1589,Logistic Regression
Notch3,0.18389080464334873,1590,Logistic Regression
Timd4,0.1837454569552444,1591,Logistic Regression
Cpq,0.18372819925771905,1592,Logistic Regression
Slc6a1,0.18348180602287634,1593,Logistic Regression
Fbxl5,0.18347823165159138,1594,Logistic Regression
Havcr2,0.18327218816972157,1595,Logistic Regression
Matn4,0.18326026482724134,1596,Logistic Regression
Tcf21,0.1831963856177539,1597,Logistic Regression
Hapln1,0.18307329814418924,1598,Logistic Regression
Cryba4,0.1829483676164759,1599,Logistic Regression
Hemk1,0.1828106667692795,1600,Logistic Regression
Cxcr6,0.1828018263567865,1601,Logistic Regression
Pigz,0.1826778325812567,1602,Logistic Regression
Slc25a18,0.18250014316443883,1603,Logistic Regression
Mlc1,0.18239201918357412,1604,Logistic Regression
Cmtm5,0.1822822296541546,1605,Logistic Regression
Bex1,0.18216865201115404,1606,Logistic Regression
Pbxip1,0.18210428330598125,1607,Logistic Regression
Pla2g16,0.18202019056979427,1608,Logistic Regression
Rpap3,0.18200426561534844,1609,Logistic Regression
Spi1,0.18198782463458607,1610,Logistic Regression
Nusap1,0.1819439090977275,1611,Logistic Regression
Gnao1,0.1819187989407044,1612,Logistic Regression
Atp1b2,0.1816464099425474,1613,Logistic Regression
Dtl,0.18148547766002443,1614,Logistic Regression
Sfrp5,0.1814071594445803,1615,Logistic Regression
Dstn,0.18093115931322498,1616,Logistic Regression
Mboat2,0.180869459375323,1617,Logistic Regression
Eva1a,0.18075940225810302,1618,Logistic Regression
Coch,0.18070677355055556,1619,Logistic Regression
Snai1,0.18070621559834066,1620,Logistic Regression
Cd55,0.18062663582220062,1621,Logistic Regression
Exoc3l2,0.1805742317266524,1622,Logistic Regression
Cyp1b1,0.1805021655340957,1623,Logistic Regression
Camk2n1,0.18047425526922212,1624,Logistic Regression
Rsph1,0.18041779066073907,1625,Logistic Regression
Cog7,0.18039198628277273,1626,Logistic Regression
Adgrg6,0.18027324924945132,1627,Logistic Regression
Flnc,0.17990130197244486,1628,Logistic Regression
Cdo1,0.17967494835677753,1629,Logistic Regression
Gdf10,0.17962352541107277,1630,Logistic Regression
Cebpe,0.17961950578659996,1631,Logistic Regression
Gimap7,0.17957169949975907,1632,Logistic Regression
Idh3a,0.17951907360310904,1633,Logistic Regression
G6pdx,0.1795087855454781,1634,Logistic Regression
Wfdc2,0.17950870980406564,1635,Logistic Regression
Pcp4,0.17949667612232162,1636,Logistic Regression
Marveld1,0.17939212035172486,1637,Logistic Regression
Ptchd4,0.17937216040898618,1638,Logistic Regression
Aldoc,0.17922874700331096,1639,Logistic Regression
Slc1a4,0.17895675175741996,1640,Logistic Regression
Tnfrsf23,0.17893609450592543,1641,Logistic Regression
Asgr1,0.1789354747162616,1642,Logistic Regression
Lcat,0.17884715148061317,1643,Logistic Regression
Gna15,0.17879352678192403,1644,Logistic Regression
Acta2,0.17878847265834213,1645,Logistic Regression
Pacrg,0.17878405397071942,1646,Logistic Regression
Foxj1,0.17874321658796355,1647,Logistic Regression
Fam177a,0.17869970901082946,1648,Logistic Regression
Negr1,0.17860098778092526,1649,Logistic Regression
Pcolce2,0.17847171431771153,1650,Logistic Regression
Ncf1,0.17845091366685603,1651,Logistic Regression
Flt3,0.17834650910597563,1652,Logistic Regression
Afp,0.1782327633330325,1653,Logistic Regression
Sfxn5,0.17821242650348615,1654,Logistic Regression
Mmrn2,0.17797895020806395,1655,Logistic Regression
Enpp5,0.17795556332716758,1656,Logistic Regression
Fcrla,0.1778796790846758,1657,Logistic Regression
Tmbim1,0.17783709977385254,1658,Logistic Regression
Rrad,0.17780766583227572,1659,Logistic Regression
Spc24,0.17776129833001236,1660,Logistic Regression
Evi2a,0.17765084590693578,1661,Logistic Regression
Idh2,0.17764393182917432,1662,Logistic Regression
Slc15a2,0.1776101703837429,1663,Logistic Regression
4930523C07Rik,0.177579816082986,1664,Logistic Regression
Sox9,0.1774184471540165,1665,Logistic Regression
Kcnk13,0.17737918791934157,1666,Logistic Regression
Sall3,0.1771890506424963,1667,Logistic Regression
Adgrv1,0.17714300833022387,1668,Logistic Regression
Tgm1,0.17710389622366796,1669,Logistic Regression
Tnfaip8l2,0.17695255081243058,1670,Logistic Regression
Lmod1,0.1768469607917943,1671,Logistic Regression
Slc16a6,0.17683379631228818,1672,Logistic Regression
Hbb-bt,0.17657630731874774,1673,Logistic Regression
Pebp1,0.1765117611049112,1674,Logistic Regression
Stbd1,0.17640816560706812,1675,Logistic Regression
Atp5g3,0.17628912341214314,1676,Logistic Regression
Htra1,0.17622040273488204,1677,Logistic Regression
P2ry6,0.17621846411529737,1678,Logistic Regression
Crabp2,0.17618391974671585,1679,Logistic Regression
Zic4,0.17617375314441608,1680,Logistic Regression
Ncan,0.17613400904135673,1681,Logistic Regression
Ncf2,0.1761225596220469,1682,Logistic Regression
Creb5,0.17601365401391764,1683,Logistic Regression
Slc48a1,0.1758721483746816,1684,Logistic Regression
Mpzl2,0.17569539848684362,1685,Logistic Regression
Snx20,0.1756621291227376,1686,Logistic Regression
Mrgpra2a,0.1753743497601512,1687,Logistic Regression
Smtn,0.17526562047740152,1688,Logistic Regression
Xcl1,0.17515788778115077,1689,Logistic Regression
Fibin,0.17512405615811688,1690,Logistic Regression
Col12a1,0.17507969679284927,1691,Logistic Regression
Fgfr3,0.17484023015015107,1692,Logistic Regression
Clmn,0.1746032033071513,1693,Logistic Regression
Idi1,0.17458606162442486,1694,Logistic Regression
Slc4a4,0.17457226306314647,1695,Logistic Regression
Rlbp1,0.1744520427506311,1696,Logistic Regression
Tns1,0.17436160800048595,1697,Logistic Regression
Bnc2,0.17422372537612552,1698,Logistic Regression
Tnpo3,0.17420813302927662,1699,Logistic Regression
Nxnl2,0.1741889675130403,1700,Logistic Regression
Lhfp,0.1740281692596291,1701,Logistic Regression
1190005I06Rik,0.17379580106015516,1702,Logistic Regression
Zeb2os,0.17361836592929858,1703,Logistic Regression
Defb11,0.1736076206739001,1704,Logistic Regression
Sh2d1a,0.17312953964647312,1705,Logistic Regression
C1s1,0.17307520024021467,1706,Logistic Regression
Lrba,0.1730364955474206,1707,Logistic Regression
Bmp2,0.17294023812791331,1708,Logistic Regression
Lox,0.17257072366111592,1709,Logistic Regression
Kdelr3,0.1725504646393421,1710,Logistic Regression
Asb4,0.17246830878067324,1711,Logistic Regression
Kif1a,0.17245110707284478,1712,Logistic Regression
Alox12,0.17227188709951455,1713,Logistic Regression
Gng2,0.17202551999620092,1714,Logistic Regression
Ifit1bl1,0.1717958625073412,1715,Logistic Regression
Hint2,0.1714543516036822,1716,Logistic Regression
Ywhaq,0.17141833537977838,1717,Logistic Regression
Slmap,0.17137574932583868,1718,Logistic Regression
Irf5,0.17129381799213023,1719,Logistic Regression
Mid1ip1,0.17129084765971533,1720,Logistic Regression
Kif21a,0.17121642861766345,1721,Logistic Regression
Bdh1,0.1711915372653893,1722,Logistic Regression
Fam183b,0.1711068087626627,1723,Logistic Regression
Tril,0.1711021805069599,1724,Logistic Regression
Acot1,0.1710675003217315,1725,Logistic Regression
Pde5a,0.17096425097798176,1726,Logistic Regression
Cox6b2,0.17093054522897852,1727,Logistic Regression
Tmem158,0.17084029898747408,1728,Logistic Regression
Car5a,0.17081641259593425,1729,Logistic Regression
Tanc2,0.1707120615289232,1730,Logistic Regression
Aifm3,0.17062803788900002,1731,Logistic Regression
Wwc1,0.17046118144953645,1732,Logistic Regression
Mir124-2hg,0.1703450906118966,1733,Logistic Regression
Il10ra,0.17030760613440218,1734,Logistic Regression
Cd3e,0.17024940483002818,1735,Logistic Regression
Efcab10,0.17020891619644832,1736,Logistic Regression
Apoo,0.17020512499384757,1737,Logistic Regression
Cadm4,0.170187042037703,1738,Logistic Regression
Gnai1,0.16998917160048493,1739,Logistic Regression
Tctex1d4,0.16995256885804955,1740,Logistic Regression
Nqo1,0.16978746820546883,1741,Logistic Regression
Ndufa11,0.16975581263056364,1742,Logistic Regression
Mcam,0.16969686479581889,1743,Logistic Regression
Htr2b,0.16969534566827607,1744,Logistic Regression
Ndufa1,0.16948402379716135,1745,Logistic Regression
Cdh2,0.16942138272526938,1746,Logistic Regression
Scd2,0.16932996698221156,1747,Logistic Regression
Des,0.16928954353344597,1748,Logistic Regression
Cxcl14,0.16915256255489586,1749,Logistic Regression
Coq7,0.1691350882333028,1750,Logistic Regression
Ecm2,0.16903928678102537,1751,Logistic Regression
4930486L24Rik,0.16899631069375143,1752,Logistic Regression
Camk2g,0.16896567828033762,1753,Logistic Regression
Sdc2,0.16883744177317367,1754,Logistic Regression
Mro,0.1688325715869529,1755,Logistic Regression
Fam49b,0.16872157597600085,1756,Logistic Regression
Epha5,0.16863336133479565,1757,Logistic Regression
Bfsp2,0.16854575953,1758,Logistic Regression
Ppp1r16b,0.16839165655240437,1759,Logistic Regression
Tmeff1,0.168306971641715,1760,Logistic Regression
Pcsk2,0.16829925630141862,1761,Logistic Regression
Trim2,0.16826040899951747,1762,Logistic Regression
Lhx2,0.168179448675274,1763,Logistic Regression
Slc2a12,0.16812334106423985,1764,Logistic Regression
Fnbp1,0.16812275049311293,1765,Logistic Regression
Cdhr4,0.16809559252641249,1766,Logistic Regression
Nrxn1,0.1680549004763911,1767,Logistic Regression
Tyrobp,0.16794819218674287,1768,Logistic Regression
Ttll7,0.1677233783341072,1769,Logistic Regression
Lig1,0.16768341126463066,1770,Logistic Regression
Aspn,0.16758277008711348,1771,Logistic Regression
Rorb,0.16744012574894124,1772,Logistic Regression
Appl2,0.1673846033162108,1773,Logistic Regression
Mapk13,0.16729777684481503,1774,Logistic Regression
Myl9,0.16725701550320005,1775,Logistic Regression
Slc9a9,0.16712630728274977,1776,Logistic Regression
Phlpp1,0.1670864386329822,1777,Logistic Regression
Plekhh3,0.16680954723478753,1778,Logistic Regression
Slc39a12,0.16676216066894875,1779,Logistic Regression
Ctsk,0.16671380502568336,1780,Logistic Regression
Ppp1r12b,0.1666131924842425,1781,Logistic Regression
Tlr7,0.1665835155354624,1782,Logistic Regression
Tekt1,0.1664737367178156,1783,Logistic Regression
Rbms3,0.1663089448420489,1784,Logistic Regression
Wdr86,0.16605508916838305,1785,Logistic Regression
Angptl2,0.16600452698609036,1786,Logistic Regression
Lpxn,0.16598154194251677,1787,Logistic Regression
Aatk,0.16596355027940934,1788,Logistic Regression
Sox2,0.1659517214192415,1789,Logistic Regression
Sez6l2,0.16558900116198594,1790,Logistic Regression
Ralgds,0.16555822129622466,1791,Logistic Regression
Gprc5b,0.1655095745569933,1792,Logistic Regression
Psph,0.16545351095373084,1793,Logistic Regression
Celf4,0.16531326765170742,1794,Logistic Regression
Rgs4,0.16529902933900514,1795,Logistic Regression
Olfml1,0.16528220968737897,1796,Logistic Regression
Tsc22d4,0.16527380989662926,1797,Logistic Regression
Adamtsl3,0.16521751528461406,1798,Logistic Regression
Igsf11,0.1651830753589891,1799,Logistic Regression
Mzb1,0.16505920167839772,1800,Logistic Regression
Hspb6,0.1648316652531241,1801,Logistic Regression
Tspan7,0.16477744960217994,1802,Logistic Regression
Ak1,0.1646754974929988,1803,Logistic Regression
Cpm,0.16466031384659774,1804,Logistic Regression
Six1,0.16465027891764153,1805,Logistic Regression
Bphl,0.16457549980428998,1806,Logistic Regression
Rbm24,0.1645524636546327,1807,Logistic Regression
Cytl1,0.16447382021062085,1808,Logistic Regression
Pde3a,0.16438868052956337,1809,Logistic Regression
Rab3il1,0.16428591885362095,1810,Logistic Regression
Ppil6,0.16423778386361007,1811,Logistic Regression
Rnf7,0.16402085483845447,1812,Logistic Regression
Hist3h2ba,0.16385405408922343,1813,Logistic Regression
2900052N01Rik,0.16379030022484958,1814,Logistic Regression
Scara5,0.16364759236668372,1815,Logistic Regression
Car12,0.1635470942209388,1816,Logistic Regression
Fjx1,0.1635191611856522,1817,Logistic Regression
Hmgn5,0.16350423293170824,1818,Logistic Regression
Osr1,0.16328548876513288,1819,Logistic Regression
4833445I07Rik,0.1632604286652365,1820,Logistic Regression
Ezr,0.1628809618024427,1821,Logistic Regression
Glrb,0.16286642730281292,1822,Logistic Regression
Acot7,0.16284722813322786,1823,Logistic Regression
Tk1,0.16282724077822627,1824,Logistic Regression
Serpinb10,0.1625579043419221,1825,Logistic Regression
Krt18,0.1624989408840742,1826,Logistic Regression
Gja5,0.16247545583549078,1827,Logistic Regression
Fez1,0.16232647832710376,1828,Logistic Regression
Nap1l5,0.16228452681815786,1829,Logistic Regression
Tusc5,0.16226446329104763,1830,Logistic Regression
Mtch1,0.16205258829419641,1831,Logistic Regression
Ehd3,0.16197495220355393,1832,Logistic Regression
Laptm5,0.1616390526879076,1833,Logistic Regression
Filip1,0.1614103140454758,1834,Logistic Regression
Sirpa,0.161379444402496,1835,Logistic Regression
Epdr1,0.16133181782501116,1836,Logistic Regression
Mnd1,0.16132842136514866,1837,Logistic Regression
Tmem38b,0.16132679564563926,1838,Logistic Regression
Ccnb2,0.1612472359637237,1839,Logistic Regression
Kirrel2,0.1610953249224507,1840,Logistic Regression
Snhg18,0.16105310712335694,1841,Logistic Regression
Fcor,0.16100926733388948,1842,Logistic Regression
Tnc,0.16100658996886244,1843,Logistic Regression
Sh2d2a,0.16095794732605218,1844,Logistic Regression
Scamp2,0.16094989442276522,1845,Logistic Regression
Nrxn3,0.16085997427202003,1846,Logistic Regression
Cdca3,0.16071499836931696,1847,Logistic Regression
Clip3,0.16065499570661126,1848,Logistic Regression
1700012B09Rik,0.16060249411618355,1849,Logistic Regression
Acox3,0.1605457169484522,1850,Logistic Regression
Stxbp3,0.16052350365376128,1851,Logistic Regression
Cd28,0.16032287359229566,1852,Logistic Regression
Bcas1,0.16031158595115672,1853,Logistic Regression
Pthlh,0.16025223946180872,1854,Logistic Regression
Tuba4a,0.16019917055691887,1855,Logistic Regression
Rasl12,0.16003908173473927,1856,Logistic Regression
Phlda3,0.15999883739387835,1857,Logistic Regression
Lsamp,0.1599341555832401,1858,Logistic Regression
Skint3,0.15991597120368634,1859,Logistic Regression
Prr32,0.15977960125842713,1860,Logistic Regression
Gm867,0.1596371556408774,1861,Logistic Regression
Pygb,0.15947663747892138,1862,Logistic Regression
Btbd16,0.1594638407999651,1863,Logistic Regression
Dbndd2,0.15944704140651672,1864,Logistic Regression
Kif1b,0.15942794000555988,1865,Logistic Regression
Runx1t1,0.15933776100964336,1866,Logistic Regression
P2rx7,0.15925472644906913,1867,Logistic Regression
Unc93b1,0.15924547813848094,1868,Logistic Regression
Hhip,0.15917727838164808,1869,Logistic Regression
Hrsp12,0.15896548388000295,1870,Logistic Regression
Plppr4,0.15890054256293967,1871,Logistic Regression
Fam171b,0.1587833986476438,1872,Logistic Regression
Cyp4f15,0.1586733142808658,1873,Logistic Regression
Slc12a2,0.15867309122657605,1874,Logistic Regression
Chrdl1,0.15850832990547536,1875,Logistic Regression
Pdgfrl,0.158496310053798,1876,Logistic Regression
Ndrg2,0.15844230172004614,1877,Logistic Regression
1700007K13Rik,0.15834753399005935,1878,Logistic Regression
Arl3,0.1582257624713558,1879,Logistic Regression
Vpreb3,0.15815988087987037,1880,Logistic Regression
Ptprf,0.15815087373146164,1881,Logistic Regression
Slc39a4,0.1580845929990712,1882,Logistic Regression
Polr3h,0.1580210813630551,1883,Logistic Regression
Klrc1,0.15750436840235282,1884,Logistic Regression
Ube2c,0.15741732977436917,1885,Logistic Regression
RP23-81F19.2,0.15733084290415314,1886,Logistic Regression
Cdk15,0.1572179974615637,1887,Logistic Regression
Gap43,0.15711382258288603,1888,Logistic Regression
Snca,0.1565481974878025,1889,Logistic Regression
Arhgef7,0.15654438279902014,1890,Logistic Regression
Ctss,0.15634977146414175,1891,Logistic Regression
Kcnab1,0.1563219298898763,1892,Logistic Regression
Trpm3,0.1563107204804844,1893,Logistic Regression
Klk8,0.15628541197407472,1894,Logistic Regression
4933434E20Rik,0.15628235718675268,1895,Logistic Regression
Irf8,0.15619112118182762,1896,Logistic Regression
Flrt3,0.1561176553473471,1897,Logistic Regression
Syt11,0.15607744277247876,1898,Logistic Regression
Wscd1,0.15605374051404874,1899,Logistic Regression
Phyh,0.15603910439925803,1900,Logistic Regression
Hpse,0.1558975870122074,1901,Logistic Regression
Mylip,0.15582208525382238,1902,Logistic Regression
Cbr3,0.1557598317891092,1903,Logistic Regression
Plp1,0.15549115817366493,1904,Logistic Regression
Fcer1g,0.15542706226515143,1905,Logistic Regression
Sept8,0.15532569024412418,1906,Logistic Regression
Sfxn1,0.15518463549165734,1907,Logistic Regression
Htr1b,0.1549740523685764,1908,Logistic Regression
Rnf13,0.15496002814861284,1909,Logistic Regression
Pla2g3,0.1549531340810169,1910,Logistic Regression
Tifab,0.15492121614684962,1911,Logistic Regression
Rnf152,0.15488806599650437,1912,Logistic Regression
Rasl11b,0.15482607341590965,1913,Logistic Regression
Enkur,0.15477615084719712,1914,Logistic Regression
Arhgef26,0.15465307852574997,1915,Logistic Regression
Meig1,0.15462580406339568,1916,Logistic Regression
Pdzph1,0.15462026776757612,1917,Logistic Regression
Cisd1,0.1544748113868619,1918,Logistic Regression
Cab39l,0.15425891644234785,1919,Logistic Regression
Plek2,0.15417907782293686,1920,Logistic Regression
Tpm1,0.15416950547377795,1921,Logistic Regression
Trim59,0.15413099132397567,1922,Logistic Regression
Nodal,0.15406664888603075,1923,Logistic Regression
Gucy1a3,0.15392554308048378,1924,Logistic Regression
Tiam2,0.15371497079595825,1925,Logistic Regression
Rrm2b,0.15365224364419278,1926,Logistic Regression
Gm10714,0.15349465855932545,1927,Logistic Regression
Dcaf17,0.15346446391189608,1928,Logistic Regression
Mir143hg,0.15331591935521124,1929,Logistic Regression
1700026L06Rik,0.15328469593440147,1930,Logistic Regression
Cfl2,0.15315038329695124,1931,Logistic Regression
Luzp2,0.15311594391378977,1932,Logistic Regression
Moxd1,0.15298015694444905,1933,Logistic Regression
Tmem52,0.15291490246342526,1934,Logistic Regression
Mbp,0.15288615649980347,1935,Logistic Regression
P2rx1,0.15285675849460012,1936,Logistic Regression
Prc1,0.15280179022880874,1937,Logistic Regression
Alx1,0.1527972449244393,1938,Logistic Regression
Gm11744,0.1526722952312187,1939,Logistic Regression
Amer2,0.15257697299150016,1940,Logistic Regression
Vcl,0.15228168660255806,1941,Logistic Regression
Thyn1,0.15227744614434613,1942,Logistic Regression
Hcn2,0.15200791015375745,1943,Logistic Regression
Shisa8,0.15197566930260378,1944,Logistic Regression
Itpk1,0.15189347031629116,1945,Logistic Regression
Ccnb1,0.15179941726300542,1946,Logistic Regression
Igfbpl1,0.15163026945035948,1947,Logistic Regression
Sytl2,0.1514484018496724,1948,Logistic Regression
Agpat4,0.1514261518317612,1949,Logistic Regression
Mylk,0.15139160851584033,1950,Logistic Regression
Zak,0.15135071236190087,1951,Logistic Regression
Ikzf1,0.151295493878643,1952,Logistic Regression
Nrbp2,0.15126927757134412,1953,Logistic Regression
Ddr1,0.15115588981522857,1954,Logistic Regression
Prg4,0.15114040929998823,1955,Logistic Regression
Tprn,0.15087895026043338,1956,Logistic Regression
Olfr78,0.15074991956211717,1957,Logistic Regression
Dio2,0.1506045042007236,1958,Logistic Regression
Mras,0.1505248296351702,1959,Logistic Regression
Tpm2,0.15046895068290328,1960,Logistic Regression
Atp2a2,0.15035428591680894,1961,Logistic Regression
Fam181b,0.15032864666600076,1962,Logistic Regression
Cald1,0.15017740199874413,1963,Logistic Regression
Colec11,0.1501264997224853,1964,Logistic Regression
Nt5dc2,0.1500968071061727,1965,Logistic Regression
Abhd3,0.15003269052184523,1966,Logistic Regression
Dbx2,0.14994803551682437,1967,Logistic Regression
Cspg5,0.1499130865250573,1968,Logistic Regression
Fdft1,0.14960340465214594,1969,Logistic Regression
Pola2,0.14951635667548493,1970,Logistic Regression
Ppp1r12a,0.14935322368301715,1971,Logistic Regression
Cldn11,0.14902063708648278,1972,Logistic Regression
Gpm6a,0.14898896089229388,1973,Logistic Regression
Rbpms,0.14870262840878717,1974,Logistic Regression
1700016K19Rik,0.1486822730586331,1975,Logistic Regression
1110004E09Rik,0.1485532097950005,1976,Logistic Regression
Tfpi2,0.14851492006816666,1977,Logistic Regression
Ift43,0.14832649972960438,1978,Logistic Regression
Enho,0.14823016886255955,1979,Logistic Regression
Ifng,0.14821257461077497,1980,Logistic Regression
Hbb-y,0.1481935749413932,1981,Logistic Regression
Mmd2,0.14816857233242145,1982,Logistic Regression
Cxcr3,0.1480929026095453,1983,Logistic Regression
Lrp1b,0.14799652049712472,1984,Logistic Regression
Plcl1,0.14799001855025054,1985,Logistic Regression
Hist2h4,0.14798151332717785,1986,Logistic Regression
Aldh1l1,0.14794810512109757,1987,Logistic Regression
Kcne2,0.14791235767368718,1988,Logistic Regression
Cldn10,0.14769656855300087,1989,Logistic Regression
1700001C02Rik,0.14745471161283216,1990,Logistic Regression
Arsg,0.1472953137196045,1991,Logistic Regression
Pcbp3,0.1471089387200517,1992,Logistic Regression
Phldb1,0.14707354139105253,1993,Logistic Regression
Srpk1,0.14693735087424836,1994,Logistic Regression
Cspg4,0.14683944249868267,1995,Logistic Regression
Jph4,0.14675151167568454,1996,Logistic Regression
Plekhf1,0.1467261216268196,1997,Logistic Regression
Scg3,0.14671661379268322,1998,Logistic Regression
Bcat1,0.1466768758430428,1999,Logistic Regression
Vat1l,0.14667335529416717,2000,Logistic Regression
Ctxn1,0.14662141091486552,2001,Logistic Regression
E130114P18Rik,0.146372856552033,2002,Logistic Regression
F630028O10Rik,0.1463222840640903,2003,Logistic Regression
Mcee,0.1462698965266701,2004,Logistic Regression
Rax,0.14626810538656496,2005,Logistic Regression
P3h3,0.14626432109808193,2006,Logistic Regression
Msi1,0.14625427824393167,2007,Logistic Regression
Raet1d,0.14619890474145944,2008,Logistic Regression
Foxg1,0.14614964561449872,2009,Logistic Regression
Pxmp2,0.14604214767927498,2010,Logistic Regression
Inpp5d,0.1459144111765675,2011,Logistic Regression
Tmem229a,0.14586029550863186,2012,Logistic Regression
Cd300e,0.14579361645069336,2013,Logistic Regression
Slc27a1,0.14578868569101386,2014,Logistic Regression
Tbx1,0.14569647028344584,2015,Logistic Regression
Deb1,0.14564228609174074,2016,Logistic Regression
Elavl3,0.14548279625231772,2017,Logistic Regression
Bpgm,0.14539832149170412,2018,Logistic Regression
Mobp,0.14533753406787092,2019,Logistic Regression
Rapsn,0.1453182717469925,2020,Logistic Regression
Steap2,0.14522234750821256,2021,Logistic Regression
Cmss1,0.14502291117726124,2022,Logistic Regression
Gpr37l1,0.14496828857465366,2023,Logistic Regression
Ppfibp2,0.1448867218414497,2024,Logistic Regression
A530064D06Rik,0.14487042018315022,2025,Logistic Regression
Ptpn6,0.1447664221346683,2026,Logistic Regression
Entpd2,0.1446925251434031,2027,Logistic Regression
Cyth4,0.14458800705418334,2028,Logistic Regression
Cbs,0.14447606819694891,2029,Logistic Regression
Ncald,0.14446044301468638,2030,Logistic Regression
Clec2i,0.14445756429286163,2031,Logistic Regression
Sntn,0.1444077362337626,2032,Logistic Regression
Il1rap,0.14433634956452238,2033,Logistic Regression
Smoc2,0.14432941328898224,2034,Logistic Regression
Lrrc51,0.14430645708493836,2035,Logistic Regression
Col5a2,0.14424349072090636,2036,Logistic Regression
AI464131,0.14418340942336483,2037,Logistic Regression
Tagln,0.14407861065008523,2038,Logistic Regression
Smim4,0.14392436104113676,2039,Logistic Regression
Cxadr,0.14383646599503547,2040,Logistic Regression
Efhd1,0.1437262787693162,2041,Logistic Regression
Grhpr,0.14364503715661464,2042,Logistic Regression
Casp1,0.1436428909949742,2043,Logistic Regression
Kcnj10,0.14359076823475642,2044,Logistic Regression
Magi2,0.1435678107856584,2045,Logistic Regression
Pifo,0.14352296414213755,2046,Logistic Regression
Tmod2,0.14346482440702574,2047,Logistic Regression
Dnah12,0.14342326575298942,2048,Logistic Regression
Tspan2,0.14321089486685873,2049,Logistic Regression
Vldlr,0.14320929254854106,2050,Logistic Regression
Prr18,0.1430814392215261,2051,Logistic Regression
Vill,0.14299108235070182,2052,Logistic Regression
Hpgds,0.14293929503995303,2053,Logistic Regression
Nrxn2,0.1429272131857971,2054,Logistic Regression
Fabp3,0.1428081828015176,2055,Logistic Regression
Ttyh3,0.142714800762837,2056,Logistic Regression
9330159F19Rik,0.14270200253974988,2057,Logistic Regression
Ltbp1,0.14258190646483834,2058,Logistic Regression
Abca8a,0.14256101987719444,2059,Logistic Regression
A930007I19Rik,0.1425081518011371,2060,Logistic Regression
1700007G11Rik,0.14242345705303797,2061,Logistic Regression
Ccdc34,0.14240067694553302,2062,Logistic Regression
Crygn,0.1423830262295292,2063,Logistic Regression
Sfrp1,0.14236890940772437,2064,Logistic Regression
Sh3gl3,0.14211055021769148,2065,Logistic Regression
Dennd5b,0.14210856863207955,2066,Logistic Regression
Frmpd1os,0.14205323567110825,2067,Logistic Regression
Clic6,0.1419178834598406,2068,Logistic Regression
Pbk,0.14174385831958522,2069,Logistic Regression
Aplp1,0.1415873761352201,2070,Logistic Regression
Dpcd,0.14157948751908545,2071,Logistic Regression
Ctnnd2,0.1414726856695157,2072,Logistic Regression
Slc46a1,0.14135553132684447,2073,Logistic Regression
Kcne3,0.14121990199343315,2074,Logistic Regression
Aspa,0.14119988970589475,2075,Logistic Regression
Fgf1,0.14099502211339449,2076,Logistic Regression
Adh5,0.14096477605356256,2077,Logistic Regression
Ppp1r1b,0.14091406621581512,2078,Logistic Regression
Zc2hc1a,0.14082965857774132,2079,Logistic Regression
Phldb2,0.1408110780907769,2080,Logistic Regression
Cetn4,0.1407371224568006,2081,Logistic Regression
Smpd3,0.14063799389488885,2082,Logistic Regression
Arl4c,0.1406378735752033,2083,Logistic Regression
Dusp26,0.140475542398249,2084,Logistic Regression
Kcnn2,0.14033107405425307,2085,Logistic Regression
Smim1,0.14014765557723272,2086,Logistic Regression
Ces2e,0.139955113227611,2087,Logistic Regression
Hist1h4h,0.13952182509260316,2088,Logistic Regression
Aurkb,0.13945571159972783,2089,Logistic Regression
Tmem107,0.13934837213420995,2090,Logistic Regression
Sccpdh,0.1393100376975319,2091,Logistic Regression
Ank3,0.139257660545644,2092,Logistic Regression
Pomc,0.13897264093083384,2093,Logistic Regression
Nme5,0.13890982372453775,2094,Logistic Regression
Sox8,0.1388847045941322,2095,Logistic Regression
Acad8,0.13882145606678528,2096,Logistic Regression
Kcnj16,0.1388182685599613,2097,Logistic Regression
Nnmt,0.13878657323336607,2098,Logistic Regression
Thbs3,0.13873728808895636,2099,Logistic Regression
Gpm6b,0.13865552871196699,2100,Logistic Regression
Fhad1,0.1386418780034994,2101,Logistic Regression
Morn5,0.13854936254231556,2102,Logistic Regression
Tst,0.13850147967749157,2103,Logistic Regression
Apbb1,0.13838032383212306,2104,Logistic Regression
Cd8b1,0.13836809672405592,2105,Logistic Regression
Klhl2,0.1383238262998352,2106,Logistic Regression
Egln3,0.13830335264986546,2107,Logistic Regression
Ptprz1,0.13822165138844408,2108,Logistic Regression
Vav1,0.13814998409665624,2109,Logistic Regression
Klf15,0.13809031790322926,2110,Logistic Regression
Arpc1a,0.13807217690682466,2111,Logistic Regression
Cfap52,0.13799271285797743,2112,Logistic Regression
Tppp,0.13796525918596472,2113,Logistic Regression
Arrb2,0.13792027988924738,2114,Logistic Regression
Il2ra,0.13743829491216436,2115,Logistic Regression
Gabbr1,0.13725153641888221,2116,Logistic Regression
Hmgcs1,0.1372427081136999,2117,Logistic Regression
Cdkn3,0.1371831149765994,2118,Logistic Regression
Rhou,0.13713197561769347,2119,Logistic Regression
Ubash3b,0.136942941207909,2120,Logistic Regression
Abca4,0.13690920337138568,2121,Logistic Regression
Ninj2,0.13678202167342965,2122,Logistic Regression
Tmem237,0.13669708938017358,2123,Logistic Regression
Slc4a5,0.13661994157990157,2124,Logistic Regression
Gm17501,0.13655555987588938,2125,Logistic Regression
Srpx2,0.1365118921062404,2126,Logistic Regression
Mns1,0.1365118450290843,2127,Logistic Regression
Gm15440,0.13633324691932594,2128,Logistic Regression
Limd1,0.1362729781352797,2129,Logistic Regression
Stk39,0.1360797526716638,2130,Logistic Regression
Tbxas1,0.13607019518874564,2131,Logistic Regression
Rbp4,0.13593295413256004,2132,Logistic Regression
S1pr5,0.13584668487109222,2133,Logistic Regression
Bcan,0.13580827526225162,2134,Logistic Regression
Cox20,0.13547316409504054,2135,Logistic Regression
Acsbg1,0.1354304355382095,2136,Logistic Regression
Cntn1,0.1354226082788108,2137,Logistic Regression
Pla2g15,0.13530325827935574,2138,Logistic Regression
Pcdh11x,0.13514598976287417,2139,Logistic Regression
Cd53,0.1350875282950137,2140,Logistic Regression
Cyp2j6,0.13508713994830307,2141,Logistic Regression
Tspan8,0.134857910559953,2142,Logistic Regression
Spag6l,0.13479640585366728,2143,Logistic Regression
Hes5,0.13477358889063235,2144,Logistic Regression
Sirt2,0.13452253556881405,2145,Logistic Regression
Siglec1,0.13443551936542975,2146,Logistic Regression
Ccdc113,0.1341208163580962,2147,Logistic Regression
Gm20406,0.13384480953061081,2148,Logistic Regression
Abi3bp,0.1338109446149909,2149,Logistic Regression
Chchd10,0.1335665756173862,2150,Logistic Regression
Gpr18,0.13353443457086164,2151,Logistic Regression
Igsf8,0.1335237144580032,2152,Logistic Regression
Mki67,0.1334613820220819,2153,Logistic Regression
Fam81a,0.13339089138063223,2154,Logistic Regression
Cntnap2,0.1333162742383817,2155,Logistic Regression
Capsl,0.13328125533249707,2156,Logistic Regression
Ephb1,0.13312840031335185,2157,Logistic Regression
Ntn4,0.13291894973451363,2158,Logistic Regression
Dusp14,0.1328545033621343,2159,Logistic Regression
Daglb,0.13284161832301575,2160,Logistic Regression
Abhd17b,0.13270208395873143,2161,Logistic Regression
Ranbp3l,0.1326994216021291,2162,Logistic Regression
Kcnmb1,0.1325853690776721,2163,Logistic Regression
Crtac1,0.13248702018305253,2164,Logistic Regression
Trp53bp2,0.13240490181254616,2165,Logistic Regression
Lrrc10b,0.13240401268086444,2166,Logistic Regression
Calml4,0.13220380752677205,2167,Logistic Regression
Pak1,0.13213911094687408,2168,Logistic Regression
Ctxn3,0.13209257650297412,2169,Logistic Regression
Zmynd15,0.13196257948233414,2170,Logistic Regression
Cnp,0.13194272564484816,2171,Logistic Regression
Six3,0.13188157783514218,2172,Logistic Regression
Fut9,0.1317295198352368,2173,Logistic Regression
Cfap161,0.1317234496473322,2174,Logistic Regression
Il21r,0.13170666303686165,2175,Logistic Regression
Gm29538,0.1316805332933966,2176,Logistic Regression
Map6d1,0.13162967869809578,2177,Logistic Regression
Otx2,0.131427950459944,2178,Logistic Regression
Nrcam,0.13128078525842413,2179,Logistic Regression
Ppp2r3a,0.13111738998355996,2180,Logistic Regression
Iqca,0.13105886355544535,2181,Logistic Regression
Srcin1,0.13102367392650538,2182,Logistic Regression
Filip1l,0.130948774444727,2183,Logistic Regression
Fads2,0.13086003117652198,2184,Logistic Regression
Prrx2,0.13081156437593539,2185,Logistic Regression
Npr3,0.13073862824302065,2186,Logistic Regression
Prodh,0.13064644816083873,2187,Logistic Regression
Ccna2,0.1304566794069985,2188,Logistic Regression
Elovl6,0.1302137393945328,2189,Logistic Regression
Ociad2,0.12989984435945026,2190,Logistic Regression
Cldn2,0.1297679549249636,2191,Logistic Regression
Qdpr,0.12970959234721308,2192,Logistic Regression
Dlgap1,0.129689292282463,2193,Logistic Regression
Tmem63a,0.12924287051680852,2194,Logistic Regression
Aox3,0.1291490329492288,2195,Logistic Regression
4833407H14Rik,0.12910776500580237,2196,Logistic Regression
Rdh5,0.12909053193932185,2197,Logistic Regression
Aurka,0.12904260722015684,2198,Logistic Regression
Pip5k1b,0.12903830781545014,2199,Logistic Regression
Cox7a1,0.1288868607691591,2200,Logistic Regression
Fam132a,0.12887986024420128,2201,Logistic Regression
Mfap5,0.1288637577029311,2202,Logistic Regression
Ccdc167,0.12872851927628232,2203,Logistic Regression
0610011F06Rik,0.12846063504650543,2204,Logistic Regression
Cfap100,0.12822411950294005,2205,Logistic Regression
Ngef,0.12817131124719222,2206,Logistic Regression
Pak3,0.1281608966023244,2207,Logistic Regression
Cfap36,0.12806966996898167,2208,Logistic Regression
Samd4,0.12793051303993902,2209,Logistic Regression
Tcap,0.12782815698595484,2210,Logistic Regression
Slitrk2,0.12760885584720522,2211,Logistic Regression
Ttyh1,0.12682919966664935,2212,Logistic Regression
Ndp,0.12645305467731244,2213,Logistic Regression
Fstl3,0.12636396144840317,2214,Logistic Regression
1700001L19Rik,0.12630229731519135,2215,Logistic Regression
Ankub1,0.12623811482832914,2216,Logistic Regression
Cfap54,0.1261967876684283,2217,Logistic Regression
Drc7,0.1261486925632535,2218,Logistic Regression
Ccdc184,0.12607577612144943,2219,Logistic Regression
Ntsr2,0.12603132901527314,2220,Logistic Regression
Npas3,0.12601819177293075,2221,Logistic Regression
Lix1,0.12594907007513756,2222,Logistic Regression
Nts,0.12586975081523302,2223,Logistic Regression
Adcyap1r1,0.12583522250338536,2224,Logistic Regression
Ccp110,0.1257875151447862,2225,Logistic Regression
Slc44a1,0.1256787495871794,2226,Logistic Regression
St6galnac5,0.12564156104298516,2227,Logistic Regression
Lrrc48,0.12563042155575435,2228,Logistic Regression
A330048O09Rik,0.12560062736192149,2229,Logistic Regression
Pmm1,0.1253815858908826,2230,Logistic Regression
Cyp4f14,0.12534572172372171,2231,Logistic Regression
Aoc3,0.1253024874614626,2232,Logistic Regression
Cyp4b1,0.1249710129737899,2233,Logistic Regression
Cox8b,0.12496703927892899,2234,Logistic Regression
Arxes2,0.1248434534374791,2235,Logistic Regression
Cd8a,0.12474029550787903,2236,Logistic Regression
Aplnr,0.12473203755893787,2237,Logistic Regression
3300002A11Rik,0.12465299966798339,2238,Logistic Regression
Unc13d,0.12454759222702695,2239,Logistic Regression
Spock1,0.1241939709027311,2240,Logistic Regression
Desi1,0.12417735021396294,2241,Logistic Regression
Mapt,0.12414810327195626,2242,Logistic Regression
Dync2li1,0.12410467426532246,2243,Logistic Regression
Smim22,0.12398691675669164,2244,Logistic Regression
Prok2,0.12396393843170996,2245,Logistic Regression
Cebpa,0.12384461093201943,2246,Logistic Regression
Slc7a3,0.12366121686850202,2247,Logistic Regression
Alas2,0.12362142245498559,2248,Logistic Regression
Cpox,0.12352322109954529,2249,Logistic Regression
Hspa4l,0.12343694489028176,2250,Logistic Regression
Hacd1,0.12331719896616541,2251,Logistic Regression
Gm10138,0.12327497999314789,2252,Logistic Regression
Ooep,0.12319044318894196,2253,Logistic Regression
Tnfrsf13c,0.12286199823921821,2254,Logistic Regression
Btla,0.12277916084347403,2255,Logistic Regression
Pou3f3,0.12276348995128353,2256,Logistic Regression
Gm15417,0.12243425230401596,2257,Logistic Regression
Dnah6,0.12242426706987845,2258,Logistic Regression
Ptgdr,0.12234497795295006,2259,Logistic Regression
1700088E04Rik,0.12202197483228566,2260,Logistic Regression
Edil3,0.12197781433453989,2261,Logistic Regression
Kazn,0.12196921288568938,2262,Logistic Regression
Phyhipl,0.12180732836458799,2263,Logistic Regression
Plau,0.12180444627488815,2264,Logistic Regression
Fn3k,0.12140305304952913,2265,Logistic Regression
Hcls1,0.12134838761914239,2266,Logistic Regression
Gm5,0.12128431801972098,2267,Logistic Regression
Lpar3,0.12123178084209497,2268,Logistic Regression
Kcnk5,0.12096452682357701,2269,Logistic Regression
Mt3,0.12088106926232994,2270,Logistic Regression
Nmral1,0.12065774522501996,2271,Logistic Regression
Prkcz,0.12059135592486157,2272,Logistic Regression
Spa17,0.12055097145073741,2273,Logistic Regression
1700024G13Rik,0.12051909126761723,2274,Logistic Regression
Gzmk,0.12045195318896901,2275,Logistic Regression
Tmem163,0.1203913466787376,2276,Logistic Regression
Fgfr2,0.12033212674411357,2277,Logistic Regression
Foxs1,0.12030201681136625,2278,Logistic Regression
Clybl,0.11998434479034344,2279,Logistic Regression
Cap2,0.11972144589198724,2280,Logistic Regression
Pih1d2,0.11962122612474184,2281,Logistic Regression
Cenpf,0.11959969460977471,2282,Logistic Regression
Ugt8a,0.11942932910563706,2283,Logistic Regression
Crot,0.11942676419584322,2284,Logistic Regression
Tnxb,0.11929650627299104,2285,Logistic Regression
Snx15,0.11927740140543819,2286,Logistic Regression
Slc35g1,0.11927414780006235,2287,Logistic Regression
Ciita,0.11920418907963404,2288,Logistic Regression
Svip,0.11914510682773971,2289,Logistic Regression
Cpxm2,0.11900408155611913,2290,Logistic Regression
Poc1a,0.11893845892880268,2291,Logistic Regression
Gpt,0.11882128619307589,2292,Logistic Regression
Gm12326,0.11866010520104849,2293,Logistic Regression
Tgfb1i1,0.11862134572293798,2294,Logistic Regression
Adamts5,0.11841782511408222,2295,Logistic Regression
Asrgl1,0.11837845950958761,2296,Logistic Regression
Fuom,0.1182762813667248,2297,Logistic Regression
Arc,0.11824812804184032,2298,Logistic Regression
Abca2,0.11814866685471835,2299,Logistic Regression
Pde3b,0.11814467438892898,2300,Logistic Regression
Alx3,0.11812500447612054,2301,Logistic Regression
Nuf2,0.1181167055979372,2302,Logistic Regression
RP23-4H17.3,0.11807885833029905,2303,Logistic Regression
Cdc20,0.11781759911221631,2304,Logistic Regression
Serpinb1b,0.11779739951360536,2305,Logistic Regression
Plcd4,0.11775629836416973,2306,Logistic Regression
Fam20a,0.11767887605453238,2307,Logistic Regression
Htr2c,0.11756134590372845,2308,Logistic Regression
1500009C09Rik,0.11751819453663759,2309,Logistic Regression
Prps2,0.11747800494933101,2310,Logistic Regression
Slc4a3,0.11737589573540773,2311,Logistic Regression
Mfap3l,0.11736390511064192,2312,Logistic Regression
Agl,0.1173229740175502,2313,Logistic Regression
Nkx6-2,0.11726089795449168,2314,Logistic Regression
Strip2,0.11694089441167743,2315,Logistic Regression
Pcdh9,0.11689692363886055,2316,Logistic Regression
Gm20186,0.11683990077223605,2317,Logistic Regression
Tmem88b,0.11672069752810452,2318,Logistic Regression
2410004P03Rik,0.1166312531202138,2319,Logistic Regression
Spef2,0.1164694048416282,2320,Logistic Regression
Rsph4a,0.11629728883979434,2321,Logistic Regression
C730034F03Rik,0.11616603494415617,2322,Logistic Regression
Wfdc18,0.11615098429668042,2323,Logistic Regression
Ak7,0.11605161448600096,2324,Logistic Regression
Gabrg1,0.1160121366874523,2325,Logistic Regression
Chek2,0.11588862925113859,2326,Logistic Regression
Mag,0.11575381200639091,2327,Logistic Regression
Pou3f2,0.11567055545239564,2328,Logistic Regression
Cd209g,0.11566350657312771,2329,Logistic Regression
Myom1,0.11553869139001355,2330,Logistic Regression
Nrtn,0.11552152943692785,2331,Logistic Regression
Rgma,0.11539143900099363,2332,Logistic Regression
Nrg1,0.1151850651240692,2333,Logistic Regression
Rilp,0.11498958889489994,2334,Logistic Regression
Fbxo44,0.11491369554941867,2335,Logistic Regression
Ccdc190,0.11486533151950329,2336,Logistic Regression
Mapk4,0.11480116573091065,2337,Logistic Regression
Cadm2,0.11433208823914043,2338,Logistic Regression
Plk4,0.11431845605259215,2339,Logistic Regression
Cfap206,0.1142983239765362,2340,Logistic Regression
Vit,0.11421730125136778,2341,Logistic Regression
Spib,0.11420444572094476,2342,Logistic Regression
Gm29666,0.11408159335221037,2343,Logistic Regression
Cd247,0.11396152528686108,2344,Logistic Regression
Gm10561,0.11396141769405911,2345,Logistic Regression
Ptprn,0.11384676428786289,2346,Logistic Regression
Col25a1,0.11378699308637193,2347,Logistic Regression
Dusp15,0.11372551678547019,2348,Logistic Regression
Lgi3,0.11362918413534588,2349,Logistic Regression
Rtkn,0.11360909801380595,2350,Logistic Regression
Acsl3,0.11355816077346782,2351,Logistic Regression
Serpina3f,0.11344215740885724,2352,Logistic Regression
Spef1,0.1133602416408168,2353,Logistic Regression
Ptpdc1,0.11331707855277989,2354,Logistic Regression
Dnajb2,0.11326004370628359,2355,Logistic Regression
Chpt1,0.11314744978466408,2356,Logistic Regression
Bex6,0.11306715182307403,2357,Logistic Regression
Gldc,0.11298503949536491,2358,Logistic Regression
Shcbp1,0.1129020368239699,2359,Logistic Regression
Slc29a4,0.11272124505468954,2360,Logistic Regression
Stat4,0.11265290490427089,2361,Logistic Regression
Kcnk3,0.11257371566521715,2362,Logistic Regression
Dlx2,0.11256548120895817,2363,Logistic Regression
B9d1,0.11253794847309904,2364,Logistic Regression
Dlx1,0.11253129603419103,2365,Logistic Regression
Ins2,0.11239657240803679,2366,Logistic Regression
Adrb1,0.11239555872991798,2367,Logistic Regression
Cep162,0.1123199809019985,2368,Logistic Regression
Ephx2,0.11218143360528773,2369,Logistic Regression
Ccpg1os,0.11214437103693309,2370,Logistic Regression
Klrb1a,0.11211791555290111,2371,Logistic Regression
Dcaf12l1,0.11206829083593511,2372,Logistic Regression
Kctd13,0.11189903137590396,2373,Logistic Regression
Wnt6,0.11173870482241657,2374,Logistic Regression
Cd19,0.11162414011489528,2375,Logistic Regression
Pik3c2b,0.11161942097679439,2376,Logistic Regression
Dab1,0.11158806341077282,2377,Logistic Regression
Fbxo36,0.11150382368812539,2378,Logistic Regression
Ppp1r32,0.11124008148723673,2379,Logistic Regression
Tyro3,0.1112391893981731,2380,Logistic Regression
Ppp1r3c,0.1111972964519501,2381,Logistic Regression
Lgr4,0.11105277666596025,2382,Logistic Regression
Hey2,0.11102896539298814,2383,Logistic Regression
Sv2a,0.11066485315456952,2384,Logistic Regression
Gjc2,0.11064185271197875,2385,Logistic Regression
Cdc37l1,0.11062639402972398,2386,Logistic Regression
Csdc2,0.10997586913580193,2387,Logistic Regression
Gm26772,0.10969022293131414,2388,Logistic Regression
Ckap2l,0.10967381520770483,2389,Logistic Regression
Pgam2,0.10941863611985778,2390,Logistic Regression
Wfikkn2,0.1093024841558475,2391,Logistic Regression
Fezf2,0.1091163476257697,2392,Logistic Regression
Atp9a,0.10898993365920337,2393,Logistic Regression
Tbc1d9,0.10872399111143956,2394,Logistic Regression
Lrrn1,0.1082233633763841,2395,Logistic Regression
Thbs2,0.10802103299930368,2396,Logistic Regression
Got1l1,0.10799614165027485,2397,Logistic Regression
Gfod2,0.10795543744026029,2398,Logistic Regression
Tacstd2,0.1076655689054274,2399,Logistic Regression
Prox1,0.10736472410026407,2400,Logistic Regression
Dnali1,0.10733658792987483,2401,Logistic Regression
Gng8,0.10728418617535802,2402,Logistic Regression
Myrf,0.10727510552607536,2403,Logistic Regression
Fasl,0.10722784562223993,2404,Logistic Regression
Gabrb1,0.10720304662473076,2405,Logistic Regression
Lama1,0.10711530666502893,2406,Logistic Regression
Gucy2g,0.10707903077053264,2407,Logistic Regression
Noa1,0.1068933952694588,2408,Logistic Regression
Sult5a1,0.10683738161418002,2409,Logistic Regression
Medag,0.10648725555056227,2410,Logistic Regression
Ppp1r36,0.10647797419073192,2411,Logistic Regression
Gpc5,0.10632776943020694,2412,Logistic Regression
Plppr3,0.10588967828699081,2413,Logistic Regression
Gm13470,0.10567878122794343,2414,Logistic Regression
Arhgef40,0.10556528507760186,2415,Logistic Regression
Dlx6os1,0.10543435506339438,2416,Logistic Regression
Slain1,0.10534774528082967,2417,Logistic Regression
Bbox1,0.10530612366814386,2418,Logistic Regression
Fam166b,0.10495766957077751,2419,Logistic Regression
Metrn,0.1048836821598584,2420,Logistic Regression
Lrrc23,0.10488328459451667,2421,Logistic Regression
Pou3f1,0.10485240055139748,2422,Logistic Regression
Tmem72,0.10478447285748395,2423,Logistic Regression
Hpca,0.10464164336892344,2424,Logistic Regression
Spata24,0.10459453802193668,2425,Logistic Regression
Cdhr3,0.10434401479571134,2426,Logistic Regression
Gm973,0.10433723891792417,2427,Logistic Regression
Gm44257,0.10433483574514602,2428,Logistic Regression
1700040L02Rik,0.10433242732566571,2429,Logistic Regression
Krt8,0.10431907553612653,2430,Logistic Regression
Gm26525,0.1042009410663199,2431,Logistic Regression
Gjb1,0.10413112408723543,2432,Logistic Regression
Cfap77,0.10411755786683709,2433,Logistic Regression
Hepacam2,0.10401747276764282,2434,Logistic Regression
Cfap45,0.10394022528071808,2435,Logistic Regression
Ccdc33,0.10391508539151778,2436,Logistic Regression
Acsl6,0.10381376917445266,2437,Logistic Regression
Gpr37,0.10377385338161159,2438,Logistic Regression
Rnf182,0.10374023460387506,2439,Logistic Regression
Epn3,0.10363725551836635,2440,Logistic Regression
Morn2,0.1034031984403108,2441,Logistic Regression
Hmmr,0.10320593592073765,2442,Logistic Regression
Slc14a2,0.10304204464473929,2443,Logistic Regression
Cth,0.10287286398026933,2444,Logistic Regression
Slc4a2,0.10275890006616659,2445,Logistic Regression
Tmem38a,0.10261334462898224,2446,Logistic Regression
Ffar2,0.10258927702822498,2447,Logistic Regression
Dydc2,0.10236178682790133,2448,Logistic Regression
Scd3,0.10229458194882726,2449,Logistic Regression
Gfpt2,0.10229410152468857,2450,Logistic Regression
Kcna2,0.10229265264112108,2451,Logistic Regression
Lgi4,0.10223006304254033,2452,Logistic Regression
Tmem27,0.10219421436771285,2453,Logistic Regression
Ccdc146,0.10195349845876703,2454,Logistic Regression
Nat8,0.10192519810075305,2455,Logistic Regression
Trpc4,0.10183243851586918,2456,Logistic Regression
Ak8,0.10178515835836223,2457,Logistic Regression
Tnfaip6,0.10172450358743518,2458,Logistic Regression
Hepacam,0.10145481893562236,2459,Logistic Regression
Plet1,0.10121058138428637,2460,Logistic Regression
Nlrc3,0.1011177263995683,2461,Logistic Regression
Syt4,0.1010790820001983,2462,Logistic Regression
Tmem151a,0.1010183711730802,2463,Logistic Regression
Ppargc1a,0.10093876214098112,2464,Logistic Regression
Clic3,0.1009177855981643,2465,Logistic Regression
A230009B12Rik,0.10090178258641871,2466,Logistic Regression
Spag17,0.10082001153347693,2467,Logistic Regression
Saa1,0.10069646216777278,2468,Logistic Regression
Fermt3,0.10060729217256631,2469,Logistic Regression
Rpl3l,0.10059764663954186,2470,Logistic Regression
Tsku,0.10052856470539161,2471,Logistic Regression
9830107B12Rik,0.10050393504521742,2472,Logistic Regression
Kcna1,0.09991252924205482,2473,Logistic Regression
Ap2a1,0.09935092808356241,2474,Logistic Regression
Tmem40,0.09923485997051557,2475,Logistic Regression
Paqr8,0.09878710346359984,2476,Logistic Regression
Paip2b,0.0987800540305045,2477,Logistic Regression
Ppp2r2b,0.09870745843346436,2478,Logistic Regression
Dcx,0.09832664359096108,2479,Logistic Regression
Nell2,0.09832153352584393,2480,Logistic Regression
Lrrc74b,0.09797295880559746,2481,Logistic Regression
Pcdh10,0.09792158600594232,2482,Logistic Regression
Pde4c,0.09780042405134422,2483,Logistic Regression
Plk1,0.09750431829276573,2484,Logistic Regression
Fzd9,0.09739115251844993,2485,Logistic Regression
Chchd6,0.0973474678423856,2486,Logistic Regression
Sox10,0.0969976505036266,2487,Logistic Regression
Josd2,0.09698692003332327,2488,Logistic Regression
Gjc3,0.09684238392328956,2489,Logistic Regression
Sp9,0.09659295915167677,2490,Logistic Regression
Dkk2,0.09640334167089201,2491,Logistic Regression
Slc2a4,0.09638205821618775,2492,Logistic Regression
Bcl11b,0.09635543591472488,2493,Logistic Regression
Gm13075,0.09633927076815839,2494,Logistic Regression
Dnah14,0.09631460853071253,2495,Logistic Regression
Rsph10b,0.09625588694940648,2496,Logistic Regression
Emx2,0.09612421352669853,2497,Logistic Regression
Ano4,0.09601776519184696,2498,Logistic Regression
AI854517,0.09596740924082739,2499,Logistic Regression
Faim2,0.09580580370920405,2500,Logistic Regression
Crb3,0.0956560341410666,2501,Logistic Regression
Clspn,0.09561147194526337,2502,Logistic Regression
Fhit,0.0956092742758761,2503,Logistic Regression
Gata6,0.0954679888711004,2504,Logistic Regression
Tmem80,0.095370258870915,2505,Logistic Regression
Nim1k,0.09524596168095598,2506,Logistic Regression
Cmah,0.09504227787956536,2507,Logistic Regression
Tubb4a,0.09482163971189908,2508,Logistic Regression
Efcab1,0.09481136378789473,2509,Logistic Regression
Dner,0.09429808491246498,2510,Logistic Regression
Klri2,0.09428641800338798,2511,Logistic Regression
1700028P14Rik,0.09417905150864324,2512,Logistic Regression
Ccdc108,0.09394715294162764,2513,Logistic Regression
Plekhb1,0.09389695415665407,2514,Logistic Regression
Ubxn11,0.09387156061086047,2515,Logistic Regression
Sult1c2,0.0937806751322528,2516,Logistic Regression
Shisa4,0.09362128572598868,2517,Logistic Regression
Dscaml1,0.09315674310561635,2518,Logistic Regression
Saa2,0.09302218949185916,2519,Logistic Regression
Prr29,0.09291455164019852,2520,Logistic Regression
Msc,0.09290580296837889,2521,Logistic Regression
Elmod1,0.09290439584208036,2522,Logistic Regression
Nipa1,0.09288704069507732,2523,Logistic Regression
Cd160,0.09271813443116433,2524,Logistic Regression
Hotairm1,0.09268683179873506,2525,Logistic Regression
Nr2e1,0.092396666856857,2526,Logistic Regression
Thumpd3,0.09219048271091373,2527,Logistic Regression
Cd209d,0.0917882635750647,2528,Logistic Regression
Dhrs9,0.09163340899407704,2529,Logistic Regression
Mapk15,0.09157324555759598,2530,Logistic Regression
Olig2,0.09151422196858408,2531,Logistic Regression
Dlx5,0.09134079373751054,2532,Logistic Regression
Tmem171,0.09113633346004842,2533,Logistic Regression
Map7,0.09102853071972639,2534,Logistic Regression
Sept3,0.09095602992853839,2535,Logistic Regression
Gzmm,0.09041154526265309,2536,Logistic Regression
Orm1,0.08979218254203135,2537,Logistic Regression
Kndc1,0.08972759725847125,2538,Logistic Regression
Neil3,0.08964645646005047,2539,Logistic Regression
Pcbp4,0.08916455958660621,2540,Logistic Regression
Tulp3,0.08880286029188418,2541,Logistic Regression
Cited1,0.08874099641393791,2542,Logistic Regression
Lamb3,0.08852181120166308,2543,Logistic Regression
Ypel2,0.08847966606746202,2544,Logistic Regression
Gm19585,0.08832790280511459,2545,Logistic Regression
Cdca2,0.08807289488187535,2546,Logistic Regression
Ado,0.0879671963328707,2547,Logistic Regression
Fam19a1,0.08784466502927422,2548,Logistic Regression
Col11a1,0.08780532119011039,2549,Logistic Regression
Fam83d,0.0876280581846367,2550,Logistic Regression
Zmynd10,0.08762280169471211,2551,Logistic Regression
Rad54l,0.08761841395061921,2552,Logistic Regression
Pcgf2,0.08757333012984317,2553,Logistic Regression
Nkain2,0.08739041953928663,2554,Logistic Regression
Ppp2r2c,0.08722062274700758,2555,Logistic Regression
Nol3,0.08721295353387605,2556,Logistic Regression
A330069E16Rik,0.0871589323982654,2557,Logistic Regression
6820408C15Rik,0.08663066857525209,2558,Logistic Regression
Zfp536,0.08655023232369487,2559,Logistic Regression
Blk,0.08630386051438414,2560,Logistic Regression
Iqub,0.08623262445374583,2561,Logistic Regression
Cd109,0.08616309181700352,2562,Logistic Regression
Pak7,0.08592684644617139,2563,Logistic Regression
Olig1,0.08592384869539273,2564,Logistic Regression
Hydin,0.08590499517598553,2565,Logistic Regression
Mis18bp1,0.08551114304930092,2566,Logistic Regression
Frmd8,0.08549289198587377,2567,Logistic Regression
Fanci,0.08546712897629455,2568,Logistic Regression
Prox1os,0.08546161966667151,2569,Logistic Regression
Kcnb2,0.08537141708985678,2570,Logistic Regression
Pdcd1,0.08519689129583988,2571,Logistic Regression
Rasal1,0.08509621854168009,2572,Logistic Regression
Esco2,0.08505943165049627,2573,Logistic Regression
Wdr66,0.08458114530339651,2574,Logistic Regression
FRMPD2,0.08453641423834296,2575,Logistic Regression
Wisp2,0.084416088704709,2576,Logistic Regression
Lrrn4cl,0.0843762939707676,2577,Logistic Regression
Fam64a,0.08393276337784208,2578,Logistic Regression
Aldh1a3,0.083745219622365,2579,Logistic Regression
Bhmt,0.08365837591989563,2580,Logistic Regression
Ccdc121,0.08345874786642046,2581,Logistic Regression
Chac1,0.08342020038752218,2582,Logistic Regression
Klrb1f,0.08294873201210758,2583,Logistic Regression
Casc5,0.08266385178895935,2584,Logistic Regression
Gm29508,0.08239186427114562,2585,Logistic Regression
Gabbr2,0.08221415507745011,2586,Logistic Regression
Lrrc46,0.08189245149260158,2587,Logistic Regression
Spata33,0.08183693966354198,2588,Logistic Regression
3830403N18Rik,0.08167415437047695,2589,Logistic Regression
Dnajb13,0.08159502504992344,2590,Logistic Regression
Dnah9,0.08137346779648102,2591,Logistic Regression
Tc2n,0.08126306732920666,2592,Logistic Regression
Plekhh1,0.08084733764428914,2593,Logistic Regression
Nrn1,0.08080550197484598,2594,Logistic Regression
Iqcg,0.08075654055842199,2595,Logistic Regression
Rab33a,0.08010851455820815,2596,Logistic Regression
Ryr2,0.08005096495598545,2597,Logistic Regression
Sag,0.07991310145410563,2598,Logistic Regression
Il13ra2,0.07985711763506255,2599,Logistic Regression
Als2,0.07978369049675185,2600,Logistic Regression
Piezo2,0.07968449930561756,2601,Logistic Regression
Epb41l3,0.07947881559802114,2602,Logistic Regression
Btnl9,0.07931261010999786,2603,Logistic Regression
Clca3a1,0.07911027064708484,2604,Logistic Regression
Samd3,0.07888036495885448,2605,Logistic Regression
Polr3e,0.07886125854861518,2606,Logistic Regression
Daw1,0.0785209938244219,2607,Logistic Regression
Ermn,0.07757833599064967,2608,Logistic Regression
Dnah5,0.07747714812828899,2609,Logistic Regression
D630024D03Rik,0.07746563590755899,2610,Logistic Regression
Fxyd2,0.07728315820943833,2611,Logistic Regression
Efnb3,0.07703420157211706,2612,Logistic Regression
Zp3,0.07687464899169168,2613,Logistic Regression
Myo16,0.07677508503018399,2614,Logistic Regression
Cldn3,0.07652448570191679,2615,Logistic Regression
Saxo2,0.07640999328534163,2616,Logistic Regression
Gm20383,0.07632066402096749,2617,Logistic Regression
BC094916,0.07601384658487241,2618,Logistic Regression
Gm17455,0.07591309966005191,2619,Logistic Regression
Slc6a12,0.07583077653760409,2620,Logistic Regression
Kif11,0.075819373160033,2621,Logistic Regression
Pls1,0.07557982458486757,2622,Logistic Regression
Plpp4,0.07550567541556635,2623,Logistic Regression
Nog,0.07542685242514416,2624,Logistic Regression
Dnajc5b,0.07517834727908677,2625,Logistic Regression
Gm5547,0.07513536188832812,2626,Logistic Regression
Tekt4,0.07498105227535223,2627,Logistic Regression
Eomes,0.07488649630288545,2628,Logistic Regression
Fcnb,0.0747698906136033,2629,Logistic Regression
Otx2os1,0.07469830499462288,2630,Logistic Regression
Crmp1,0.074601483971144,2631,Logistic Regression
Wdr78,0.07423235777549307,2632,Logistic Regression
Mapk8ip1,0.07396604540097748,2633,Logistic Regression
Car9,0.07389852615007883,2634,Logistic Regression
Terf2ip,0.0738539788758842,2635,Logistic Regression
Thbs4,0.07379126481419623,2636,Logistic Regression
Gm43536,0.07378474618305092,2637,Logistic Regression
Sfrp2,0.07370202686762112,2638,Logistic Regression
Cyp2j12,0.07369021135902222,2639,Logistic Regression
Nfe2l3,0.0736322824376815,2640,Logistic Regression
Larp6,0.0735520069748629,2641,Logistic Regression
Bdnf,0.07335585483722115,2642,Logistic Regression
Gm14051,0.07318968129682286,2643,Logistic Regression
Lrrc36,0.07309469896177931,2644,Logistic Regression
Pla2g2d,0.07266575764696928,2645,Logistic Regression
Gm26867,0.07266512761243211,2646,Logistic Regression
Morn3,0.07249011249031372,2647,Logistic Regression
Nkx2-1,0.07240097822436194,2648,Logistic Regression
Stoml3,0.07227902079529551,2649,Logistic Regression
Fa2h,0.07224115898861354,2650,Logistic Regression
Uox,0.07196132391271075,2651,Logistic Regression
Stmn4,0.0718170123429459,2652,Logistic Regression
Col9a2,0.07161314132092897,2653,Logistic Regression
Gad1,0.0715258799924566,2654,Logistic Regression
Prss56,0.07137159056850449,2655,Logistic Regression
Sp8,0.07132802088719394,2656,Logistic Regression
Tmem125,0.0709293360766727,2657,Logistic Regression
Upb1,0.07070720947865866,2658,Logistic Regression
Itgbl1,0.07046015853555629,2659,Logistic Regression
Cd226,0.0704046265395322,2660,Logistic Regression
Casq1,0.07024249876618202,2661,Logistic Regression
Elovl2,0.07016408699637561,2662,Logistic Regression
Vnn3,0.07007269191826439,2663,Logistic Regression
Acot5,0.06978661921992187,2664,Logistic Regression
Map1a,0.06947403486830428,2665,Logistic Regression
Wnt3,0.06944314718173812,2666,Logistic Regression
Stmnd1,0.06924200261349181,2667,Logistic Regression
Maats1,0.06905354823556184,2668,Logistic Regression
Vnn1,0.06903524085464094,2669,Logistic Regression
Rpl39l,0.0689801212823743,2670,Logistic Regression
Armc4,0.06892732398886388,2671,Logistic Regression
Tespa1,0.06891031602482116,2672,Logistic Regression
Ccdc78,0.0687073759768847,2673,Logistic Regression
Olr1,0.06841717161615062,2674,Logistic Regression
Cd209b,0.06832703727337264,2675,Logistic Regression
Rprm,0.06831531276505637,2676,Logistic Regression
Cd209c,0.06828864679996134,2677,Logistic Regression
Fank1,0.0679944281054072,2678,Logistic Regression
Sez6,0.06732331986334888,2679,Logistic Regression
Drc1,0.06727926312536026,2680,Logistic Regression
Gm16006,0.06727112059302642,2681,Logistic Regression
Smco3,0.06692804336964796,2682,Logistic Regression
Rbp2,0.06659213087283831,2683,Logistic Regression
Wdr63,0.06639006872160255,2684,Logistic Regression
Rnf138rt1,0.06627469731519833,2685,Logistic Regression
Gata3,0.06596564640704104,2686,Logistic Regression
Gm13536,0.06595381921213991,2687,Logistic Regression
Arhgef25,0.06567148218109764,2688,Logistic Regression
Serpind1,0.06549868409497688,2689,Logistic Regression
Ptgfr,0.06540163807531409,2690,Logistic Regression
Gabrr2,0.06519406656664022,2691,Logistic Regression
Shank1,0.06474238100526836,2692,Logistic Regression
Dcstamp,0.06445259098855828,2693,Logistic Regression
Scn7a,0.06370619442370126,2694,Logistic Regression
Lrrc4b,0.0636981617276816,2695,Logistic Regression
Calb2,0.06367993636910303,2696,Logistic Regression
Slc24a2,0.0634351395556645,2697,Logistic Regression
Pbld2,0.06331411815204639,2698,Logistic Regression
Cldn14,0.06330094587208862,2699,Logistic Regression
Itk,0.06316813426142966,2700,Logistic Regression
Defb9,0.0626096718462955,2701,Logistic Regression
Ffar4,0.06210667288198939,2702,Logistic Regression
Ccdc40,0.06195287399641554,2703,Logistic Regression
Hist1h1b,0.06122337399627296,2704,Logistic Regression
Gm10827,0.06106579628183073,2705,Logistic Regression
Ms4a4d,0.06096002631904867,2706,Logistic Regression
Marc1,0.06085001917178401,2707,Logistic Regression
Grin2b,0.06074598082543932,2708,Logistic Regression
Ucma,0.06058587663623667,2709,Logistic Regression
Gal3st1,0.06039559822011613,2710,Logistic Regression
Zfp365,0.06004038860635506,2711,Logistic Regression
St18,0.06003500009873638,2712,Logistic Regression
Btc,0.059781742761458735,2713,Logistic Regression
Lrrtm3,0.059710943769960355,2714,Logistic Regression
B230312C02Rik,0.05969964874335418,2715,Logistic Regression
RP23-291B1.2,0.059665761322597245,2716,Logistic Regression
Ccr9,0.05956149898145919,2717,Logistic Regression
Pvalb,0.059388353418001236,2718,Logistic Regression
Stfa1,0.05936898100568415,2719,Logistic Regression
Ascl1,0.059301171936393476,2720,Logistic Regression
Mb,0.05898047816707546,2721,Logistic Regression
Myb,0.05871207511776396,2722,Logistic Regression
Ccdc81,0.058651872810951244,2723,Logistic Regression
AI593442,0.0586491387254594,2724,Logistic Regression
Fam216b,0.05855277379814864,2725,Logistic Regression
Cd6,0.0582790889856405,2726,Logistic Regression
Mog,0.05800217206774994,2727,Logistic Regression
Gm3550,0.057982799185769075,2728,Logistic Regression
Tjp3,0.05767542921325082,2729,Logistic Regression
a,0.05758334217176549,2730,Logistic Regression
D7Ertd443e,0.057367756481324084,2731,Logistic Regression
Gm11681,0.05644775368007325,2732,Logistic Regression
Tmem59l,0.056386481910929265,2733,Logistic Regression
Bbof1,0.05627019158732162,2734,Logistic Regression
Cd96,0.05620237974594061,2735,Logistic Regression
Svopl,0.05619899697362364,2736,Logistic Regression
Adamts20,0.05619603153147277,2737,Logistic Regression
Dlk1,0.056001324049181865,2738,Logistic Regression
Erich3,0.05569190227949684,2739,Logistic Regression
Tfap2a,0.05566839502384187,2740,Logistic Regression
Pon1,0.05565448270811478,2741,Logistic Regression
Tbx21,0.05550842085393348,2742,Logistic Regression
Nppc,0.055396659275685635,2743,Logistic Regression
Tnfrsf4,0.055350570062225976,2744,Logistic Regression
Icos,0.055184804509399984,2745,Logistic Regression
Retnla,0.055124539994432176,2746,Logistic Regression
BC021614,0.055086922015415464,2747,Logistic Regression
2010005H15Rik,0.05508138037565087,2748,Logistic Regression
Gm26909,0.05506224072699985,2749,Logistic Regression
Fam129c,0.05505516432089275,2750,Logistic Regression
Dlec1,0.05495037773685375,2751,Logistic Regression
Pparg,0.05489922456286915,2752,Logistic Regression
Uckl1os,0.05489429180394066,2753,Logistic Regression
Rmi2,0.054697374516177906,2754,Logistic Regression
Cfap53,0.05454532201783541,2755,Logistic Regression
Dthd1,0.05410686973877096,2756,Logistic Regression
Arhgdig,0.05399565469269651,2757,Logistic Regression
Hsf2bp,0.05393590487097177,2758,Logistic Regression
Grap2,0.05387008619772654,2759,Logistic Regression
Platr17,0.05375893683984918,2760,Logistic Regression
A930017K11Rik,0.05374715373781389,2761,Logistic Regression
Glra1,0.05366874439185275,2762,Logistic Regression
Cfap157,0.05366414597933362,2763,Logistic Regression
Svep1,0.05364742501442908,2764,Logistic Regression
Cst6,0.053621256499974575,2765,Logistic Regression
Cntn2,0.053590715766419,2766,Logistic Regression
Lyzl4,0.05356288457601266,2767,Logistic Regression
Opcml,0.053267174903700476,2768,Logistic Regression
Ska1,0.05321124971422573,2769,Logistic Regression
Actn2,0.053093134259526005,2770,Logistic Regression
Calb1,0.05305621009519883,2771,Logistic Regression
Fam92b,0.05297408114244659,2772,Logistic Regression
Gpr62,0.052652470867064885,2773,Logistic Regression
Bricd5,0.051713618863885404,2774,Logistic Regression
Cdh4,0.05088517145901545,2775,Logistic Regression
Prf1,0.0502385035438983,2776,Logistic Regression
Miat,0.05005690439952149,2777,Logistic Regression
Adam12,0.0495690541477591,2778,Logistic Regression
Tctex1d1,0.04951510595537066,2779,Logistic Regression
Irx5,0.049015829388275235,2780,Logistic Regression
Syt10,0.048960225827312194,2781,Logistic Regression
Bhlhe22,0.04895488380808911,2782,Logistic Regression
Srpx,0.04889584164121781,2783,Logistic Regression
Mettl24,0.048846083362879385,2784,Logistic Regression
Sorcs3,0.048668660111863445,2785,Logistic Regression
Fmr1nb,0.048660009063143043,2786,Logistic Regression
Barx2,0.04812969225652076,2787,Logistic Regression
Fndc7,0.047885728546381,2788,Logistic Regression
Tnr,0.04787397894181878,2789,Logistic Regression
Lrrc71,0.047685968658275714,2790,Logistic Regression
Pde1c,0.0475664727521756,2791,Logistic Regression
Gm12144,0.047451616649788426,2792,Logistic Regression
Angptl1,0.047219402155665786,2793,Logistic Regression
Zfp474,0.046876525451733486,2794,Logistic Regression
Krtap28-13,0.04678958203112211,2795,Logistic Regression
Nol4,0.04623691102833341,2796,Logistic Regression
Gm20661,0.045662141620843054,2797,Logistic Regression
Cfap46,0.04543830148420714,2798,Logistic Regression
Arpp21,0.045320377539764964,2799,Logistic Regression
Vwa5b1,0.04514087276112884,2800,Logistic Regression
Nrsn1,0.044969734148797284,2801,Logistic Regression
BC018473,0.04489630979325202,2802,Logistic Regression
Ttc29,0.0447987506855706,2803,Logistic Regression
Sap30bpos,0.04469458190137445,2804,Logistic Regression
1700019G24Rik,0.044464436221235686,2805,Logistic Regression
Stc2,0.044215024057472,2806,Logistic Regression
Rasgrf1,0.04401776075636679,2807,Logistic Regression
Ces2g,0.04394565734567324,2808,Logistic Regression
Ackr4,0.043785106243130346,2809,Logistic Regression
Zcchc12,0.043567036197571615,2810,Logistic Regression
Ebf2,0.04330088548416684,2811,Logistic Regression
Lyz1,0.04327154483785835,2812,Logistic Regression
Dnah7a,0.04313414913310937,2813,Logistic Regression
Rhcg,0.042993700854624235,2814,Logistic Regression
Cidea,0.04285040923744167,2815,Logistic Regression
Cxcl9,0.04284244650985785,2816,Logistic Regression
Ska3,0.042734242334095784,2817,Logistic Regression
Ovgp1,0.04176302572941859,2818,Logistic Regression
Pcdhb7,0.04147563088255308,2819,Logistic Regression
Brinp2,0.041150489529194006,2820,Logistic Regression
Grik3,0.04110602141897886,2821,Logistic Regression
Rsph14,0.04110171751216542,2822,Logistic Regression
Lect1,0.04094736457419014,2823,Logistic Regression
Ak9,0.04086811801597446,2824,Logistic Regression
Retn,0.04085704765444199,2825,Logistic Regression
Lhfpl4,0.04060690524334616,2826,Logistic Regression
Epcam,0.04054931224931391,2827,Logistic Regression
A930003A15Rik,0.04045666847980609,2828,Logistic Regression
3632451O06Rik,0.04033518026328082,2829,Logistic Regression
Rufy4,0.04031672921698953,2830,Logistic Regression
Gm13391,0.040289572845552346,2831,Logistic Regression
Gm21149,0.039576153008447607,2832,Logistic Regression
4732414G09Rik,0.03945025914125788,2833,Logistic Regression
Dqx1,0.039273187753046286,2834,Logistic Regression
Fbxl13,0.03906063827451288,2835,Logistic Regression
Akap14,0.0389675863752824,2836,Logistic Regression
St8sia2,0.03890656482799573,2837,Logistic Regression
1200007C13Rik,0.03879898036181041,2838,Logistic Regression
Sct,0.038639709597339804,2839,Logistic Regression
1700063D05Rik,0.03863021272199496,2840,Logistic Regression
Ubash3a,0.0383771990656849,2841,Logistic Regression
Col6a3,0.03819876405940529,2842,Logistic Regression
Tmem232,0.03809756387372057,2843,Logistic Regression
Sult1c1,0.037959894660342525,2844,Logistic Regression
Myl1,0.037580206677265804,2845,Logistic Regression
Ntng1,0.037577604969356464,2846,Logistic Regression
Rit2,0.03750218393986563,2847,Logistic Regression
Tnfsf18,0.03726747427715076,2848,Logistic Regression
Tcte1,0.036365131270925326,2849,Logistic Regression
Ctla4,0.03559140931860848,2850,Logistic Regression
Clec18a,0.03555060589261664,2851,Logistic Regression
Urah,0.03512112324241636,2852,Logistic Regression
Dct,0.03510786573155625,2853,Logistic Regression
Krt19,0.03498906894001468,2854,Logistic Regression
Aard,0.03464819432635553,2855,Logistic Regression
Sspo,0.03461421042626793,2856,Logistic Regression
Gm44109,0.034585372546365095,2857,Logistic Regression
Pcdhb9,0.03438222664674487,2858,Logistic Regression
Chgb,0.034355668419543156,2859,Logistic Regression
Msmp,0.034116842464559066,2860,Logistic Regression
Gm16160,0.03402170970798916,2861,Logistic Regression
Gm15689,0.034008088472813246,2862,Logistic Regression
Dsp,0.03382724195597909,2863,Logistic Regression
Prph,0.033717755522785615,2864,Logistic Regression
2810442N19Rik,0.0335004028897685,2865,Logistic Regression
Pappa2,0.033405102902107915,2866,Logistic Regression
Mmp13,0.03320120745070032,2867,Logistic Regression
Defb42,0.032806064962803895,2868,Logistic Regression
Mirg,0.03255972987291893,2869,Logistic Regression
Peak1os,0.03252047520047214,2870,Logistic Regression
Cd300c,0.03248860752756223,2871,Logistic Regression
Calca,0.032392587362599985,2872,Logistic Regression
Cpne5,0.03176576129267235,2873,Logistic Regression
Xcr1,0.0313193009659095,2874,Logistic Regression
Apobec2,0.03131813065272393,2875,Logistic Regression
Rtp1,0.0312920648678697,2876,Logistic Regression
1700086L19Rik,0.031239661450634955,2877,Logistic Regression
Clec9a,0.031210639281660867,2878,Logistic Regression
Ccdc63,0.03119386193912967,2879,Logistic Regression
Xlr4c,0.03105328788946313,2880,Logistic Regression
Efcab11,0.030984601434511445,2881,Logistic Regression
Rab15,0.03085814076411242,2882,Logistic Regression
Il12a,0.03077807364631549,2883,Logistic Regression
Cyp2f2,0.03076648156049218,2884,Logistic Regression
Pde6h,0.03043657381114906,2885,Logistic Regression
Scgb1c1,0.030209087162510508,2886,Logistic Regression
Nefh,0.02999562364502052,2887,Logistic Regression
Vsig4,0.029659252827340468,2888,Logistic Regression
Ttc16,0.029537816636996866,2889,Logistic Regression
Kif4,0.029187585054015565,2890,Logistic Regression
Wdr93,0.028833490640097856,2891,Logistic Regression
Ces1d,0.028820345612669745,2892,Logistic Regression
Pcdh8,0.028758839110652284,2893,Logistic Regression
Ly6k,0.028735378356817023,2894,Logistic Regression
Gm26747,0.02771178105655857,2895,Logistic Regression
Gm17322,0.02728195314235488,2896,Logistic Regression
Brinp1,0.027227730426140396,2897,Logistic Regression
Barhl2,0.02710630413818772,2898,Logistic Regression
Krt23,0.026695134904481298,2899,Logistic Regression
Elane,0.026348397806714947,2900,Logistic Regression
Smim6,0.025810579397172056,2901,Logistic Regression
Gm26737,0.02580223884137506,2902,Logistic Regression
Aoc2,0.025697576694334513,2903,Logistic Regression
Fhod3,0.025630843376502118,2904,Logistic Regression
Pou4f1,0.02562019103900799,2905,Logistic Regression
Krt15,0.025235430226331405,2906,Logistic Regression
Gm15867,0.025234130473911796,2907,Logistic Regression
Nhlrc4,0.024908729435024708,2908,Logistic Regression
Diras2,0.024752038870849428,2909,Logistic Regression
Defb25,0.024671527918501798,2910,Logistic Regression
Hrk,0.02446337485721005,2911,Logistic Regression
Hist2h2bb,0.024408378144540006,2912,Logistic Regression
Sv2c,0.024362600449989752,2913,Logistic Regression
Cyp2e1,0.02429280098328636,2914,Logistic Regression
Prss50,0.024177020460359418,2915,Logistic Regression
C1ql1,0.024056870232611615,2916,Logistic Regression
Pcdh15,0.023908110642309938,2917,Logistic Regression
Tex26,0.023841927474204674,2918,Logistic Regression
Apoc4,0.023787205225192235,2919,Logistic Regression
Syt1,0.02375704277533717,2920,Logistic Regression
Fzd10,0.02360375785275993,2921,Logistic Regression
Gm1604a,0.02359590883010452,2922,Logistic Regression
Nup62cl,0.023595187000560156,2923,Logistic Regression
Kcnc1,0.023425881038322396,2924,Logistic Regression
Rnf112,0.023233613628358036,2925,Logistic Regression
Sema3e,0.023189647513705603,2926,Logistic Regression
RP24-492L15.6,0.023113222647034432,2927,Logistic Regression
Cda,0.02270092396830441,2928,Logistic Regression
Dapl1,0.022692988737518505,2929,Logistic Regression
Ms4a3,0.022604891176258433,2930,Logistic Regression
Igfn1,0.022554348619093872,2931,Logistic Regression
Foxb1,0.022517284319363576,2932,Logistic Regression
Klhl40,0.02230112283456827,2933,Logistic Regression
Gm29157,0.022121480728887102,2934,Logistic Regression
Npb,0.022086471734311792,2935,Logistic Regression
Fxyd3,0.02188730101619123,2936,Logistic Regression
Pole,0.02158279327486027,2937,Logistic Regression
Cck,0.02156242904291577,2938,Logistic Regression
Gm16168,0.02120655673467092,2939,Logistic Regression
Scg2,0.020961331609730544,2940,Logistic Regression
Iqch,0.020769290373804403,2941,Logistic Regression
Aldh1a7,0.020746326958086717,2942,Logistic Regression
Mmp3,0.0206384045402591,2943,Logistic Regression
Clstn2,0.020248328517655876,2944,Logistic Regression
Sult2b1,0.02016232605866886,2945,Logistic Regression
D130051D11Rik,0.020062068648071203,2946,Logistic Regression
Akr1c12,0.019878374461874557,2947,Logistic Regression
4933413G19Rik,0.019174439831879175,2948,Logistic Regression
Car3,0.01869509809065803,2949,Logistic Regression
Ehf,0.018540917767432327,2950,Logistic Regression
4930444M15Rik,0.018451370325271145,2951,Logistic Regression
Lypd2,0.018396510809335225,2952,Logistic Regression
Gm8817,0.01828740305258816,2953,Logistic Regression
Rpe65,0.018046100995995462,2954,Logistic Regression
8030474K03Rik,0.017907447696582545,2955,Logistic Regression
Ptcra,0.017858495538301305,2956,Logistic Regression
Fabp12,0.017843892743040296,2957,Logistic Regression
Slc7a13,0.017837651263914185,2958,Logistic Regression
Slc25a31,0.01762604502239541,2959,Logistic Regression
Ablim3,0.0175344231402697,2960,Logistic Regression
Onecut2,0.017376654958546157,2961,Logistic Regression
Gm16239,0.016811834770746728,2962,Logistic Regression
Tmprss5,0.016743497724098274,2963,Logistic Regression
A230065H16Rik,0.016636531666986306,2964,Logistic Regression
Tnnt3,0.016563654630161358,2965,Logistic Regression
Mpped1,0.01610678117549917,2966,Logistic Regression
D930048G16Rik,0.016016506291737818,2967,Logistic Regression
Recql4,0.01578572523309458,2968,Logistic Regression
Tcerg1l,0.01575923447463921,2969,Logistic Regression
Efcab6,0.015747052378408767,2970,Logistic Regression
4632428C04Rik,0.015098487346557875,2971,Logistic Regression
Reln,0.015091399545441876,2972,Logistic Regression
Pkd2l1,0.015029018924906962,2973,Logistic Regression
Pcdhb5,0.015016657290698305,2974,Logistic Regression
Nox4,0.01488784750059939,2975,Logistic Regression
Pcdhb10,0.014141256897121328,2976,Logistic Regression
9530059O14Rik,0.013916765760571301,2977,Logistic Regression
Gm15688,0.013657189939715783,2978,Logistic Regression
Nxph3,0.01360903466356088,2979,Logistic Regression
Rhox5,0.013476142646914612,2980,Logistic Regression
Atp6ap1l,0.013357164174759567,2981,Logistic Regression
1810063I02Rik,0.013270020772753506,2982,Logistic Regression
Gm15879,0.013093538253314257,2983,Logistic Regression
Tspan1,0.012709186122489,2984,Logistic Regression
Cldn7,0.0126881080489972,2985,Logistic Regression
Dmrtb1,0.012368282836872569,2986,Logistic Regression
Gm13713,0.01216861805176193,2987,Logistic Regression
Arf4os,0.011578801631754869,2988,Logistic Regression
3300005D01Rik,0.011396058793547945,2989,Logistic Regression
Ankrd65,0.011368402185850224,2990,Logistic Regression
Kcna7,0.011210787295404274,2991,Logistic Regression
Cyp11a1,0.011105148276032505,2992,Logistic Regression
Mroh2a,0.01042239553025304,2993,Logistic Regression
Defb10,0.010418721049567588,2994,Logistic Regression
Grm8,0.009748868299295221,2995,Logistic Regression
Madcam1,0.009549965426716874,2996,Logistic Regression
Npm2,0.009429673700429509,2997,Logistic Regression
Gm28322,0.00884168180532235,2998,Logistic Regression
Fam83a,0.008525428097798502,2999,Logistic Regression
1700124L16Rik,0.00707822959293675,3000,Logistic Regression
