gene,importance,rank,method
Spp1,0.05518552489552866,1,XGBoost
Ccl4,0.043825668656653445,2,XGBoost
Lpl,0.042974173045965,3,XGBoost
Wfdc21,0.04215060069408896,4,XGBoost
Cd72,0.041468395590746554,5,XGBoost
Ifitm6,0.04086968773781023,6,XGBoost
Hp,0.039598430900759776,7,XGBoost
S100a9,0.039153918629670444,8,XGBoost
Msr1,0.038575925137320846,9,XGBoost
S100a8,0.03840652083130678,10,XGBoost
Retnlg,0.03839617894189249,11,XGBoost
Cdkn1a,0.03792692095617119,12,XGBoost
Ccl12,0.03780387764522871,13,XGBoost
Hdc,0.037603076804632145,14,XGBoost
Fth1,0.03730465733211955,15,XGBoost
Lilrb4a,0.03698163979930487,16,XGBoost
Cd63,0.0366885982941447,17,XGBoost
Dab2,0.036192905447013014,18,XGBoost
Tubb6,0.03608125716035644,19,XGBoost
Lsp1,0.036056535129589735,20,XGBoost
Adam8,0.03594630655284803,21,XGBoost
Tnf,0.0359121142672501,22,XGBoost
Lilr4b,0.035843713346397806,23,XGBoost
Ccl3,0.035244359438381244,24,XGBoost
S100a6,0.03494011486928035,25,XGBoost
Ms4a6d,0.03476180905941262,26,XGBoost
Slpi,0.03472038235033487,27,XGBoost
Plac8,0.03471348570969556,28,XGBoost
Anxa1,0.034401716919658064,29,XGBoost
Sirpb1c,0.034238319027854715,30,XGBoost
Napsa,0.03409591726811382,31,XGBoost
C5ar1,0.033930293684283866,32,XGBoost
Ccl2,0.03392746451238023,33,XGBoost
Clec4e,0.03373923686636053,34,XGBoost
Ccl7,0.033603999724155384,35,XGBoost
Mmp8,0.03358572755325479,36,XGBoost
Mcemp1,0.03357977937850168,37,XGBoost
Il1r2,0.033424798298223715,38,XGBoost
Il1b,0.032757440457926994,39,XGBoost
Mt1,0.03250051863142818,40,XGBoost
Ctla2a,0.03237327298765007,41,XGBoost
G0s2,0.03213670097639485,42,XGBoost
Lgals1,0.03206427227603986,43,XGBoost
Cd24a,0.0318460867806062,44,XGBoost
P2ry12,0.031785781383906135,45,XGBoost
Ch25h,0.03177425253248441,46,XGBoost
Gpr84,0.03177086747494779,47,XGBoost
Lgals3,0.03168315765820237,48,XGBoost
Cxcr2,0.031586726792302636,49,XGBoost
Mmp9,0.03154084750374114,50,XGBoost
Ccr2,0.031454242313207925,51,XGBoost
Id2,0.03144641386749034,52,XGBoost
Sdc4,0.031044498493214577,53,XGBoost
Slfn1,0.03097047154223285,54,XGBoost
Mt2,0.03092887547932055,55,XGBoost
Sell,0.03081128076560893,56,XGBoost
H2-Eb1,0.03079063601414556,57,XGBoost
Plbd1,0.03078563688035205,58,XGBoost
Ly6c2,0.030772642860613503,59,XGBoost
Ms4a4c,0.030719130552540816,60,XGBoost
S100a4,0.030620962735575272,61,XGBoost
Ctsb,0.03060065222999613,62,XGBoost
Capg,0.030464242888579993,63,XGBoost
B930036N10Rik,0.030410276740951054,64,XGBoost
C3ar1,0.030361743788713643,65,XGBoost
Hspa5,0.030227727354348626,66,XGBoost
Cxcl16,0.030213129442745245,67,XGBoost
Prdx1,0.03009832054741582,68,XGBoost
Sirpb1b,0.03007865299606744,69,XGBoost
Phlda1,0.03005832309448955,70,XGBoost
Plin2,0.030021157351387384,71,XGBoost
Socs3,0.029979010788972655,72,XGBoost
Adamts1,0.029978151253434546,73,XGBoost
Sepp1,0.029939386498409826,74,XGBoost
Ftl1,0.029909627139092943,75,XGBoost
Ccl9,0.029902595419254135,76,XGBoost
Cd14,0.02969679641440512,77,XGBoost
Gda,0.029666731140268406,78,XGBoost
Pf4,0.02960755155134214,79,XGBoost
H2-Aa,0.029584673882424986,80,XGBoost
Emp1,0.029449636299161346,81,XGBoost
Selplg,0.029425388281803345,82,XGBoost
Trem3,0.029270632875628637,83,XGBoost
Ctsl,0.029176107998481155,84,XGBoost
Siglech,0.029060950410208463,85,XGBoost
Ms4a6c,0.028959897546164216,86,XGBoost
Il1rn,0.028918772912003215,87,XGBoost
Tmem252,0.02885889253731739,88,XGBoost
Fpr2,0.028845996487691695,89,XGBoost
Arg1,0.028720723047619596,90,XGBoost
Cstb,0.02868999369798342,91,XGBoost
Plat,0.02853204983201239,92,XGBoost
Dbp,0.028530260440269982,93,XGBoost
Ms4a7,0.028461121076804,94,XGBoost
Plaur,0.028375448626453057,95,XGBoost
Lst1,0.02837167390725163,96,XGBoost
Wfdc17,0.02821821440570074,97,XGBoost
Chil3,0.028210217174930517,98,XGBoost
Lyve1,0.02813640425336746,99,XGBoost
Mrc1,0.028039444282268424,100,XGBoost
Cyp4f18,0.028024094675268573,101,XGBoost
Hmox1,0.02787602503876435,102,XGBoost
H2-Ab1,0.027873727272364358,103,XGBoost
F13a1,0.02784712054709797,104,XGBoost
Rab7b,0.02776780635347091,105,XGBoost
Gadd45b,0.027674046740314498,106,XGBoost
Cd74,0.02767318297930786,107,XGBoost
Crip1,0.027664083364425582,108,XGBoost
Cytip,0.02753596323892362,109,XGBoost
Mnda,0.027530527886741065,110,XGBoost
Gadd45g,0.027371495378767947,111,XGBoost
Ifitm1,0.027216859491726548,112,XGBoost
Gmfg,0.02713182490891003,113,XGBoost
Nfkbia,0.027089037188260175,114,XGBoost
Mmp12,0.027085862503281374,115,XGBoost
Clec4d,0.027053847042610244,116,XGBoost
Gm9733,0.027041257995440098,117,XGBoost
Cd9,0.02699998899147574,118,XGBoost
Ier3,0.026892753964921357,119,XGBoost
Rnf128,0.026706970428321514,120,XGBoost
Gapdh,0.026660944096858208,121,XGBoost
F10,0.026660937801088587,122,XGBoost
Itgb7,0.026518405107847528,123,XGBoost
Rcan1,0.026495910341541085,124,XGBoost
Msrb1,0.026445330941597685,125,XGBoost
Tgfbi,0.02633251059098983,126,XGBoost
Emp3,0.02630106633692918,127,XGBoost
Clec4n,0.026201786134571088,128,XGBoost
Pld4,0.026079215184877113,129,XGBoost
Gpr34,0.026028531121703922,130,XGBoost
Tmem106a,0.025817206950284433,131,XGBoost
Slc2a5,0.025704702826760236,132,XGBoost
Hcar2,0.025640367227641393,133,XGBoost
Cd36,0.02560354966546018,134,XGBoost
Tgm2,0.025558610255080393,135,XGBoost
Klra2,0.025474714485776165,136,XGBoost
Btg2,0.0254695908675731,137,XGBoost
Trem1,0.025440078081220473,138,XGBoost
Ctsc,0.025439352402128815,139,XGBoost
mt-Nd1,0.02539937581519246,140,XGBoost
S100a11,0.025394157087371007,141,XGBoost
Ifit3,0.025296902693621365,142,XGBoost
Igf1,0.025195485897469238,143,XGBoost
Glul,0.02515668165800199,144,XGBoost
Lcn2,0.02512822412987126,145,XGBoost
Folr2,0.025128151149647678,146,XGBoost
Cxcl12,0.025117715935358317,147,XGBoost
Ackr1,0.02509721990810055,148,XGBoost
Ltb,0.025078489098418116,149,XGBoost
Gm5150,0.02506363124830726,150,XGBoost
Mif,0.025056804487348937,151,XGBoost
Crybb1,0.025042706075903635,152,XGBoost
Lrg1,0.02503957642126356,153,XGBoost
Pygl,0.025020735411774308,154,XGBoost
Mxd1,0.024915262947064195,155,XGBoost
Tlr2,0.024884096119865775,156,XGBoost
Tmem119,0.024806521413632248,157,XGBoost
Rnase6,0.024766561226670196,158,XGBoost
Glrx,0.024732455964417144,159,XGBoost
Chil1,0.02468353029475397,160,XGBoost
Clec12a,0.02462485677391919,161,XGBoost
Csf1,0.024542474947987274,162,XGBoost
Il4ra,0.024525082921550888,163,XGBoost
Itm2a,0.024380260782362016,164,XGBoost
Gpx3,0.02432958101207582,165,XGBoost
Ltb4r1,0.024274419731193278,166,XGBoost
Tuba1c,0.02425089940543756,167,XGBoost
Cndp2,0.02421149016540256,168,XGBoost
Mndal,0.024119931887197216,169,XGBoost
Dok2,0.02411866159865522,170,XGBoost
Ifi27l2a,0.02405109772033836,171,XGBoost
Kcnj8,0.023989186516158514,172,XGBoost
Il1f9,0.023973725473840683,173,XGBoost
Atf3,0.02394476981884634,174,XGBoost
Rac2,0.023917899293166057,175,XGBoost
Clec10a,0.023898983009140957,176,XGBoost
Ly6i,0.023889744676606258,177,XGBoost
H2-DMa,0.023867161880992478,178,XGBoost
Cfp,0.02380796602994642,179,XGBoost
AA467197,0.023804152137921336,180,XGBoost
Mgst1,0.023800320491075905,181,XGBoost
Cd52,0.023774095594771526,182,XGBoost
Egr1,0.023741798885475236,183,XGBoost
Itga5,0.02372724797237768,184,XGBoost
Alox5ap,0.023725865058059098,185,XGBoost
Srgn,0.023679557490265016,186,XGBoost
Tnfaip2,0.02367360581924761,187,XGBoost
Pyhin1,0.023668679730068743,188,XGBoost
Slfn4,0.023618340719167737,189,XGBoost
Sirpb1a,0.023613583757952455,190,XGBoost
Marcksl1,0.023611988567386517,191,XGBoost
AW112010,0.023579215067424223,192,XGBoost
Emb,0.023547067698782218,193,XGBoost
H2-Q10,0.02347923513251224,194,XGBoost
Tnfrsf12a,0.023461517026710007,195,XGBoost
Cd163,0.023377745469210433,196,XGBoost
Mgp,0.023347165357959287,197,XGBoost
Angpt2,0.023292089247268027,198,XGBoost
Timp1,0.023233627316592644,199,XGBoost
Sdf2l1,0.023219029284197414,200,XGBoost
Fkbp1a,0.02317080383517484,201,XGBoost
Ednrb,0.023119523753390634,202,XGBoost
Tmsb10,0.022971641142409356,203,XGBoost
Adamts9,0.022956888266738928,204,XGBoost
Cd177,0.022953894360563096,205,XGBoost
Rdh12,0.022948669860230156,206,XGBoost
Isg15,0.022915417892027296,207,XGBoost
Thbs1,0.02287642300492537,208,XGBoost
Plek,0.022867021810116284,209,XGBoost
Actb,0.022830414735519416,210,XGBoost
Ifi47,0.02279770133602884,211,XGBoost
Slc7a11,0.022794394724662253,212,XGBoost
Slc6a20a,0.02274181892556346,213,XGBoost
Klrd1,0.022733847831979365,214,XGBoost
Ms4a8a,0.022657216369433977,215,XGBoost
Ngp,0.02265204905877625,216,XGBoost
Ecm1,0.02257924710951735,217,XGBoost
AI607873,0.02252709848515704,218,XGBoost
Ms4a4b,0.022510529155978887,219,XGBoost
Gm4955,0.022482730081621126,220,XGBoost
Irf7,0.02241069519257887,221,XGBoost
Serpina3n,0.02240861140840412,222,XGBoost
Emilin2,0.022384548192325174,223,XGBoost
Lpcat2,0.022383285705866934,224,XGBoost
Pld3,0.022363052913861575,225,XGBoost
Npl,0.02235916299126146,226,XGBoost
Cxcl10,0.02235808981408729,227,XGBoost
Cfh,0.02232395876877065,228,XGBoost
H2-DMb2,0.022293126936930655,229,XGBoost
Vcam1,0.022279144719451423,230,XGBoost
Hist2h2aa1,0.022167087080534116,231,XGBoost
Apoe,0.022164417597339357,232,XGBoost
S100a10,0.022149482689580575,233,XGBoost
Fcgr4,0.022144929708084106,234,XGBoost
Ifi204,0.02213813764148865,235,XGBoost
Ear2,0.02208482389724499,236,XGBoost
Fpr1,0.022023657972405308,237,XGBoost
Sgk1,0.02198860430493865,238,XGBoost
Bcl2a1d,0.021969015711573822,239,XGBoost
Iigp1,0.021968411279937202,240,XGBoost
Bcl2a1b,0.02194645443514585,241,XGBoost
Ecscr,0.021942835221409572,242,XGBoost
Amica1,0.021924889338719403,243,XGBoost
Cbr2,0.021921576198207077,244,XGBoost
Pirb,0.021819698032186953,245,XGBoost
Ifit1,0.021816030303091007,246,XGBoost
Cxcl2,0.02178878054180283,247,XGBoost
Tgtp2,0.02173941890210716,248,XGBoost
Psmb8,0.021737149552226186,249,XGBoost
Adm,0.02171969780844618,250,XGBoost
Vtn,0.021705409257116122,251,XGBoost
Ly6g,0.021703864913126262,252,XGBoost
Lyz2,0.02168677996366567,253,XGBoost
Cp,0.021662630585728978,254,XGBoost
Cd44,0.021623251736689504,255,XGBoost
Gpr141,0.021613789477486076,256,XGBoost
Car4,0.021585989758836528,257,XGBoost
Ltc4s,0.02151879793232919,258,XGBoost
Igfbp7,0.021508926106304994,259,XGBoost
Clec4a2,0.021478750592044387,260,XGBoost
Gsr,0.021464226699873145,261,XGBoost
mt-Co1,0.021442247289175487,262,XGBoost
Hpgd,0.02141826703176604,263,XGBoost
Cybb,0.02141077614360129,264,XGBoost
Klrk1,0.02137780712416303,265,XGBoost
Ifi205,0.02134200906729867,266,XGBoost
Arg2,0.021289820953574873,267,XGBoost
Fxyd5,0.021276749540088718,268,XGBoost
Esd,0.02124603959968375,269,XGBoost
Scgb3a1,0.021241912708520005,270,XGBoost
Gm2a,0.02117703433713302,271,XGBoost
Igfbp3,0.02115360034758592,272,XGBoost
Plk2,0.021142661291159236,273,XGBoost
Ms4a6b,0.021133833270606424,274,XGBoost
Arhgap15,0.021117651614236663,275,XGBoost
Gbp2,0.02106700385013144,276,XGBoost
Ptprcap,0.021065370934604255,277,XGBoost
Cycs,0.021047394837904146,278,XGBoost
Dpep2,0.021025740661539862,279,XGBoost
Neat1,0.021018950784753028,280,XGBoost
Aprt,0.020956511041627365,281,XGBoost
Ehd4,0.02093753816786221,282,XGBoost
Ifit3b,0.020933058349693272,283,XGBoost
Ptn,0.020932302189373017,284,XGBoost
Smpdl3a,0.02092550359375459,285,XGBoost
Clec4a1,0.020899234070902935,286,XGBoost
Pydc4,0.02087242586168076,287,XGBoost
Vwf,0.020837412571654758,288,XGBoost
Junb,0.020827329483009454,289,XGBoost
Mrgpra2b,0.020782961977396795,290,XGBoost
Litaf,0.020779438131178406,291,XGBoost
Myc,0.02077458460322904,292,XGBoost
Tsc22d1,0.0207706410069549,293,XGBoost
Cd209a,0.02074202057173607,294,XGBoost
Clec4a3,0.020727714185790547,295,XGBoost
Colec12,0.020692193136485737,296,XGBoost
Ifi203,0.020686197224304315,297,XGBoost
Rnase4,0.020657518730428863,298,XGBoost
Slc15a3,0.02058564283779275,299,XGBoost
Cnn1,0.02057891156022559,300,XGBoost
Osm,0.020537859237753087,301,XGBoost
Pmp22,0.020529581571222137,302,XGBoost
Susd3,0.02051908036701896,303,XGBoost
Fgr,0.020512471077592992,304,XGBoost
Fam20c,0.02049976064141568,305,XGBoost
Adamts4,0.020440387785872656,306,XGBoost
Cited2,0.020430946298261615,307,XGBoost
Angptl4,0.020412928837226195,308,XGBoost
Pi16,0.020398682626361724,309,XGBoost
Tgfbr1,0.020397864523641673,310,XGBoost
P2ry13,0.02038773980075646,311,XGBoost
Pilra,0.0203609643622176,312,XGBoost
Sod3,0.020357768768545916,313,XGBoost
Samhd1,0.020320937647438257,314,XGBoost
Vsir,0.020263564234182314,315,XGBoost
mt-Co3,0.020238253866052776,316,XGBoost
Pln,0.020234246789016565,317,XGBoost
Csf3r,0.020226293030289992,318,XGBoost
Fcrls,0.020197836625081053,319,XGBoost
Gpr65,0.0201889995816492,320,XGBoost
Gpr171,0.020165287577440065,321,XGBoost
Cst7,0.020158151264728898,322,XGBoost
Atp5g1,0.020154152533486677,323,XGBoost
Gpr182,0.020101531457310355,324,XGBoost
Ccl24,0.020057283729618784,325,XGBoost
Gatm,0.020031685311804825,326,XGBoost
Slc6a6,0.02002954325283014,327,XGBoost
Pla1a,0.019984535742374035,328,XGBoost
Nkg7,0.019967817467390063,329,XGBoost
Gfap,0.019959190482123104,330,XGBoost
Nr4a1,0.019951202855054286,331,XGBoost
Igfbp4,0.019947357343472347,332,XGBoost
Mgl2,0.01991821523881684,333,XGBoost
Olfml3,0.019904743970568663,334,XGBoost
Rgs5,0.019868508092123326,335,XGBoost
Cd38,0.019852627096146054,336,XGBoost
Asb2,0.019847493379394888,337,XGBoost
Ramp1,0.019824626895823743,338,XGBoost
Pira2,0.019813805234718915,339,XGBoost
Igtp,0.019812485138608046,340,XGBoost
Lmna,0.019803344537481067,341,XGBoost
Cd68,0.019800566146178297,342,XGBoost
Rgs18,0.019785332135626766,343,XGBoost
Gusb,0.019776637067432004,344,XGBoost
Fos,0.01977661621261793,345,XGBoost
Marcks,0.0197552864350937,346,XGBoost
Glipr2,0.019743448326639396,347,XGBoost
Thrsp,0.01973562933595194,348,XGBoost
Dusp2,0.01973078015709141,349,XGBoost
Serpinh1,0.019723854624310817,350,XGBoost
Nfkbiz,0.01971703179150943,351,XGBoost
Irg1,0.01970309756002573,352,XGBoost
Plvap,0.019670691037720144,353,XGBoost
Igfbp6,0.019669825155894705,354,XGBoost
Coro1a,0.019653516779905175,355,XGBoost
Stmn2,0.019636165079301854,356,XGBoost
Hist1h2ap,0.019590954774925146,357,XGBoost
Glipr1,0.019564719936775173,358,XGBoost
Clec4b1,0.019561000711965,359,XGBoost
Slco1a4,0.019525571422815184,360,XGBoost
Gla,0.019525042860913437,361,XGBoost
Cd83,0.019523533405101216,362,XGBoost
Smim5,0.01947620487051361,363,XGBoost
Cst3,0.019456976631270696,364,XGBoost
Tgtp1,0.01945419197365052,365,XGBoost
Hcst,0.019407747508701764,366,XGBoost
C1qb,0.019401017562557604,367,XGBoost
Ndufa4l2,0.019398902124802355,368,XGBoost
Atp13a5,0.019384092764610908,369,XGBoost
Rgcc,0.019353785066364308,370,XGBoost
Ldhb,0.0193377120780843,371,XGBoost
Cd300lf,0.019331469447761082,372,XGBoost
Gbp4,0.01929120122073944,373,XGBoost
Itgal,0.019286972107955654,374,XGBoost
Plpp1,0.01928291461666471,375,XGBoost
Hmgcs2,0.019278310894476642,376,XGBoost
Cyr61,0.019268264882700385,377,XGBoost
Cx3cr1,0.019262486133674796,378,XGBoost
Nrp1,0.019220630893269933,379,XGBoost
Cdk2ap2,0.019214384004807898,380,XGBoost
Fn1,0.019192791452141224,381,XGBoost
Ptpn18,0.01918382584055444,382,XGBoost
Fbxl22,0.019150264139575712,383,XGBoost
Prdx5,0.0191153904292897,384,XGBoost
Ctsz,0.019083079136636285,385,XGBoost
Uap1l1,0.01907946633578293,386,XGBoost
Stk17b,0.01906730522296669,387,XGBoost
Cd33,0.019056546624739493,388,XGBoost
Ccnd2,0.01902882747160027,389,XGBoost
H2-DMb1,0.019019795849019736,390,XGBoost
Ifitm3,0.018999637203596986,391,XGBoost
P2ry14,0.018975800383123666,392,XGBoost
Il34,0.0189606450369312,393,XGBoost
Pla2g7,0.018933955279217925,394,XGBoost
Rgs1,0.018932764752976367,395,XGBoost
Frmd4a,0.018923998201615572,396,XGBoost
mt-Nd4,0.018918802693641268,397,XGBoost
Lmnb1,0.018913272784596702,398,XGBoost
Acer2,0.01891322322341375,399,XGBoost
Gm17056,0.01888987777812524,400,XGBoost
Dcn,0.018883055822778827,401,XGBoost
Cd244,0.018881645335338364,402,XGBoost
Maf,0.018879670781731903,403,XGBoost
Gsn,0.01887845266035994,404,XGBoost
Ptgs1,0.018878027823425635,405,XGBoost
Pim1,0.01885555863893604,406,XGBoost
Trim30b,0.018853855807319936,407,XGBoost
Ctsd,0.01885137368171697,408,XGBoost
C1qa,0.0188317827913357,409,XGBoost
Fscn1,0.01882790328895449,410,XGBoost
Saa3,0.018804914284686187,411,XGBoost
Zbp1,0.018804548732658924,412,XGBoost
Col4a1,0.01880375952193936,413,XGBoost
Sparcl1,0.018802537146385807,414,XGBoost
Zfos1,0.018796823284319013,415,XGBoost
Ccl5,0.018789128240718083,416,XGBoost
Fam167b,0.018762175373850866,417,XGBoost
Nupr1,0.018760569078011092,418,XGBoost
Sod2,0.0187481129339567,419,XGBoost
Epsti1,0.01869317659708715,420,XGBoost
Ifitm2,0.018684146383264225,421,XGBoost
Rsad2,0.018684123993789752,422,XGBoost
Tmem100,0.018683522585493318,423,XGBoost
Slc22a8,0.01865878725213603,424,XGBoost
Pglyrp1,0.018636303861638767,425,XGBoost
Arhgdib,0.018614316697845024,426,XGBoost
Nnat,0.01859204839687476,427,XGBoost
Fgl2,0.01858489979730003,428,XGBoost
Higd1b,0.01857832927984656,429,XGBoost
Ppfia4,0.018542991100553418,430,XGBoost
Crispld2,0.018534625364022502,431,XGBoost
Apod,0.018521534610901585,432,XGBoost
Cd300lg,0.018484504513459257,433,XGBoost
Hmgb2,0.018473309672123506,434,XGBoost
Pilrb2,0.01847071900568099,435,XGBoost
Art3,0.01847049716374755,436,XGBoost
Gkn3,0.018461844165395366,437,XGBoost
Icam1,0.018455444927086607,438,XGBoost
Gbp3,0.018427191322565397,439,XGBoost
Hilpda,0.01842668485630068,440,XGBoost
Nrip2,0.01838795562881891,441,XGBoost
Zfhx3,0.018381451639771916,442,XGBoost
8430408G22Rik,0.01834860496245451,443,XGBoost
Slc40a1,0.0183422333236607,444,XGBoost
Hspa1a,0.018324050804373163,445,XGBoost
Phf11b,0.018300557009973177,446,XGBoost
Gpr35,0.018288684017790144,447,XGBoost
Slc19a1,0.01827125965598419,448,XGBoost
Hmga1,0.018251005229291267,449,XGBoost
1600010M07Rik,0.018201982942689526,450,XGBoost
Sncg,0.01815901043034982,451,XGBoost
Gm10116,0.018147085780199242,452,XGBoost
BC051019,0.01813965189973052,453,XGBoost
Stab1,0.018116592217291748,454,XGBoost
Timp3,0.018100928261809902,455,XGBoost
Bmx,0.018099425712187135,456,XGBoost
Hspe1,0.018097819058947452,457,XGBoost
Irgm1,0.01809475024128705,458,XGBoost
Fstl1,0.018034048855334463,459,XGBoost
Ass1,0.018029144405183918,460,XGBoost
Apold1,0.018026968184921142,461,XGBoost
Cd300a,0.018020145620365965,462,XGBoost
Rgs2,0.018014116834337894,463,XGBoost
Blvrb,0.018006658551966138,464,XGBoost
Gm694,0.018001486213391073,465,XGBoost
Fcgr2b,0.017950026566868973,466,XGBoost
Hmha1,0.01794568050134559,467,XGBoost
Vim,0.01794265964167679,468,XGBoost
Lgmn,0.017901173741821236,469,XGBoost
Ninj1,0.017893800737028624,470,XGBoost
Cd86,0.017893553380274468,471,XGBoost
Fbln5,0.017858145774641256,472,XGBoost
Hacd2,0.01785687465433413,473,XGBoost
Ndufa12,0.017852900139464445,474,XGBoost
Ercc1,0.017840024613630434,475,XGBoost
Rab20,0.017826912617470363,476,XGBoost
Gm5483,0.017814619644915444,477,XGBoost
Stc1,0.017814595735484953,478,XGBoost
Myh11,0.017813748734850303,479,XGBoost
Meg3,0.017798405574573108,480,XGBoost
Vcan,0.017762902389080962,481,XGBoost
Bst1,0.017753981090706503,482,XGBoost
Abi3,0.01773841070601052,483,XGBoost
Slc38a5,0.01773763086357613,484,XGBoost
Pid1,0.017732826619965333,485,XGBoost
Akap12,0.017729228228017858,486,XGBoost
Slc39a1,0.017669485529809393,487,XGBoost
Col27a1,0.017621506038224766,488,XGBoost
Stfa2l1,0.017587475460618354,489,XGBoost
Nrp2,0.017586070775321604,490,XGBoost
Myo1g,0.017573510891928046,491,XGBoost
Tmem176b,0.017567643070929596,492,XGBoost
Ccr1,0.01754629433588371,493,XGBoost
Prr13,0.01750758182995972,494,XGBoost
Gng10,0.01750690658351771,495,XGBoost
Cox4i2,0.017492153587479645,496,XGBoost
Ctla2b,0.017476982300309325,497,XGBoost
Ccl6,0.01739170945364296,498,XGBoost
Fhl1,0.017385318124015715,499,XGBoost
Uqcrq,0.01737860900888159,500,XGBoost
Asprv1,0.017308646033267434,501,XGBoost
Srxn1,0.01729745642359996,502,XGBoost
Serping1,0.01729513934227808,503,XGBoost
AI662270,0.0172867913394582,504,XGBoost
Smim3,0.017285672380653226,505,XGBoost
Pcolce,0.01728377562084551,506,XGBoost
C1qc,0.01726551668371214,507,XGBoost
AB124611,0.01725351034630052,508,XGBoost
Cnn2,0.01723669658108527,509,XGBoost
Ifngr1,0.017232800172667588,510,XGBoost
Ptafr,0.017228011956565276,511,XGBoost
Nebl,0.017215439295989746,512,XGBoost
Map3k7cl,0.017203082904574663,513,XGBoost
Col4a2,0.017194188766024795,514,XGBoost
Plxdc2,0.017188718991263757,515,XGBoost
Ccrl2,0.01717723992680909,516,XGBoost
Edn3,0.01713359209026027,517,XGBoost
Hsp90aa1,0.017113430695728373,518,XGBoost
Tmx4,0.017103745139533506,519,XGBoost
Gm2564,0.017103711966446146,520,XGBoost
Tmem45a,0.01709767393549161,521,XGBoost
Cd82,0.01708192096291112,522,XGBoost
Bcl2a1a,0.017073849021061432,523,XGBoost
Meox1,0.01705995065331972,524,XGBoost
Per3,0.017056919408401768,525,XGBoost
Serpinb1a,0.017043838149226092,526,XGBoost
Fam105a,0.01702268488804066,527,XGBoost
Slc11a1,0.017016635690217018,528,XGBoost
Itih5,0.01700773857749609,529,XGBoost
H2-Q7,0.016957734981638294,530,XGBoost
Cd180,0.016946538925979592,531,XGBoost
Pgk1,0.01693969229812734,532,XGBoost
Camp,0.0169236700696032,533,XGBoost
Gas6,0.016920165671549234,534,XGBoost
Cmtm7,0.016919414039460717,535,XGBoost
Mal,0.016910814118852157,536,XGBoost
Bin2,0.016865087116189403,537,XGBoost
Rnd1,0.01683361172934028,538,XGBoost
Slc26a10,0.016828282462291757,539,XGBoost
Serpine1,0.016824541294481195,540,XGBoost
Rtn1,0.016823745295469577,541,XGBoost
Slc43a3,0.016810269031471484,542,XGBoost
Syngr1,0.016798364295006255,543,XGBoost
Amd1,0.016792113867591878,544,XGBoost
2900060B14Rik,0.01678607528919552,545,XGBoost
Snx2,0.016669841052541733,546,XGBoost
Tppp3,0.016667555373755784,547,XGBoost
Adgre4,0.01666112685619283,548,XGBoost
Slamf7,0.016661099082280573,549,XGBoost
Ifi30,0.01665301553750504,550,XGBoost
Mustn1,0.01663544443148744,551,XGBoost
Trib1,0.01661940756544527,552,XGBoost
Nfil3,0.01661938416255718,553,XGBoost
Ly6a,0.016611515118783334,554,XGBoost
Serpine2,0.016600725077279846,555,XGBoost
Oas3,0.0165862004923589,556,XGBoost
Aif1,0.01657025840169453,557,XGBoost
Phf11a,0.016552256727366814,558,XGBoost
Lrrc32,0.01654520089969795,559,XGBoost
Clu,0.016525371793826196,560,XGBoost
H2-Oa,0.016520691589302864,561,XGBoost
Cav1,0.016513255115167987,562,XGBoost
Sox17,0.01651083917389123,563,XGBoost
Cdk6,0.016510461195204572,564,XGBoost
Gem,0.016502872829849254,565,XGBoost
Siglece,0.016450821947211196,566,XGBoost
2310001H17Rik,0.016447950422064518,567,XGBoost
Tfrc,0.016433027239735963,568,XGBoost
Runx3,0.01642820389393765,569,XGBoost
Vwa1,0.016424912132218424,570,XGBoost
Anxa2,0.016422322691151372,571,XGBoost
Ptgis,0.016397646833236162,572,XGBoost
2200002D01Rik,0.01637695070428045,573,XGBoost
Pdgfrb,0.016360646727281693,574,XGBoost
Upp1,0.016352375481241483,575,XGBoost
Abhd12,0.016345354264475132,576,XGBoost
Slc6a13,0.01633047553815131,577,XGBoost
Ace2,0.01632624132306779,578,XGBoost
Abcc9,0.01632622088551705,579,XGBoost
Samsn1,0.016315923404251635,580,XGBoost
Ctsa,0.016307062642564454,581,XGBoost
Grrp1,0.01630618155905535,582,XGBoost
Palld,0.01630168305951373,583,XGBoost
Igfbp2,0.016297727663718096,584,XGBoost
Gstm1,0.016273774902979633,585,XGBoost
Prune2,0.016253412258390266,586,XGBoost
Oas1a,0.016247033796477628,587,XGBoost
Gsta4,0.016237657938094133,588,XGBoost
Nrros,0.016224931206087492,589,XGBoost
Ceacam10,0.016196736652940906,590,XGBoost
Sema3c,0.016187641208955512,591,XGBoost
Hrct1,0.01618670267290265,592,XGBoost
Eln,0.016164829065792974,593,XGBoost
Mall,0.0161571240973964,594,XGBoost
Pdlim1,0.016147492409968784,595,XGBoost
Ndufa4,0.016133978253739828,596,XGBoost
Eno1,0.016119049735014795,597,XGBoost
Cd200,0.016113666006177293,598,XGBoost
Traf1,0.016105609809448664,599,XGBoost
Rgs10,0.016100921519306238,600,XGBoost
Ntf3,0.016097319039336637,601,XGBoost
Adrb2,0.016056125658038826,602,XGBoost
Synpo,0.016051738001817493,603,XGBoost
Efhd2,0.01602840608269045,604,XGBoost
Hacd4,0.016013967895006673,605,XGBoost
Dnajb1,0.01599083558253532,606,XGBoost
Ramp3,0.015961484250426157,607,XGBoost
Bgn,0.015955359790285888,608,XGBoost
Cd37,0.01594457792777262,609,XGBoost
Sdpr,0.015941145817712464,610,XGBoost
Ppp1r15a,0.015933184393569333,611,XGBoost
Olfr558,0.015930623197651792,612,XGBoost
Edn1,0.01592443053085885,613,XGBoost
Fgd2,0.01590427148925734,614,XGBoost
Ccdc109b,0.015903178303833032,615,XGBoost
Degs2,0.015878573516084026,616,XGBoost
Gpsm3,0.0158735971043935,617,XGBoost
Rap2b,0.0158411446277471,618,XGBoost
Slc1a5,0.01583122075200546,619,XGBoost
Pilrb1,0.015819904018313364,620,XGBoost
Cdkn1c,0.015809917670121562,621,XGBoost
Milr1,0.015804264926276356,622,XGBoost
Gimap4,0.015800669169311568,623,XGBoost
Agpat5,0.015795573739118933,624,XGBoost
Sh3bgr,0.0157674994113017,625,XGBoost
Prss23,0.01576467742986477,626,XGBoost
Ptgds,0.015754039422528805,627,XGBoost
Tarm1,0.015746928666402888,628,XGBoost
Emcn,0.01573556128616195,629,XGBoost
Cks2,0.015700901783470625,630,XGBoost
Fxyd1,0.01569815699568701,631,XGBoost
Lmod1,0.01567200305901928,632,XGBoost
Fcgr1,0.015646523356193917,633,XGBoost
Il1r1,0.015632420303760965,634,XGBoost
Cd93,0.015614642279244735,635,XGBoost
Sorbs2,0.015599196754169245,636,XGBoost
Ly6c1,0.015590234678878077,637,XGBoost
Prtn3,0.015581508857529628,638,XGBoost
Cdc42ep3,0.015579368663115926,639,XGBoost
Gngt2,0.015576763959098796,640,XGBoost
Oas1g,0.015574876660421217,641,XGBoost
Tuba1a,0.015572057446292267,642,XGBoost
Tubb2a,0.01556639042639663,643,XGBoost
Pdlim3,0.015553565454428635,644,XGBoost
Mthfd2,0.015552328321959302,645,XGBoost
Tagln,0.015541437345043294,646,XGBoost
C4b,0.0155397704859524,647,XGBoost
Cdk19,0.015535959472159841,648,XGBoost
Actn1,0.015505405823636803,649,XGBoost
Zfp36l2,0.015504025281565952,650,XGBoost
Usp2,0.015498531074066136,651,XGBoost
Tmem176a,0.015492234490822989,652,XGBoost
Gper1,0.015477272983147423,653,XGBoost
Mfsd2a,0.01547405916624123,654,XGBoost
Clec5a,0.015460691278600839,655,XGBoost
Cdh13,0.015457206825481627,656,XGBoost
Cd79b,0.015448577081819959,657,XGBoost
Upk1b,0.01544558835469826,658,XGBoost
Errfi1,0.015440850107260094,659,XGBoost
Uchl1,0.01542969266956592,660,XGBoost
Lair1,0.015421307774215695,661,XGBoost
Perp,0.015412620673506435,662,XGBoost
Phf11d,0.015412198982018774,663,XGBoost
Mgll,0.015396740779514483,664,XGBoost
Acta2,0.015326989756491676,665,XGBoost
Slc16a3,0.015303910499439183,666,XGBoost
Ptpro,0.015296755143535293,667,XGBoost
Dgat2,0.015289957171927502,668,XGBoost
RP23-6I17.1,0.015277270577316347,669,XGBoost
Ly86,0.015276070416792228,670,XGBoost
Pdpn,0.01527017161368403,671,XGBoost
Ncf4,0.015247052762988093,672,XGBoost
Pdgfa,0.0152444071591579,673,XGBoost
Ncf2,0.015239950440433822,674,XGBoost
Nbl1,0.015206599169952989,675,XGBoost
Nexn,0.015197136378056135,676,XGBoost
Nr2f2,0.015190820670586221,677,XGBoost
Hsd11b1,0.015188596435364595,678,XGBoost
Gimap3,0.015179242459213944,679,XGBoost
Tgfb3,0.015161983783696164,680,XGBoost
Tm4sf1,0.015151791996317221,681,XGBoost
Mfap2,0.015136725008227339,682,XGBoost
Metrnl,0.015131636491449857,683,XGBoost
Atp1b1,0.0151305688832816,684,XGBoost
Ptprr,0.015118886327453146,685,XGBoost
Tnfaip8l2,0.015116587010406697,686,XGBoost
Scimp,0.01511376261490952,687,XGBoost
Pou2f2,0.0150871108402403,688,XGBoost
Trf,0.015086147282710976,689,XGBoost
Tgfb2,0.015069336805758742,690,XGBoost
Mylk,0.015067358652851639,691,XGBoost
Ptprc,0.015064708903952735,692,XGBoost
Ccl19,0.01505843301022288,693,XGBoost
Mmp14,0.015049645175610695,694,XGBoost
Plp2,0.015033667077008603,695,XGBoost
Atpif1,0.015021917207605318,696,XGBoost
Cox7c,0.015016076209515153,697,XGBoost
Fcna,0.014986756296326098,698,XGBoost
Odc1,0.014982197638513857,699,XGBoost
Asph,0.014976474042900843,700,XGBoost
Egfl8,0.014972779920120563,701,XGBoost
Usp50,0.01496951871231693,702,XGBoost
Uqcr11,0.014966545798810878,703,XGBoost
Ptpn22,0.01495682482018285,704,XGBoost
Adap2,0.014955725492901355,705,XGBoost
Axl,0.014923360532883635,706,XGBoost
Ccdc3,0.01492147657941028,707,XGBoost
Polr2l,0.01491691615005474,708,XGBoost
Man2b1,0.01490770427072073,709,XGBoost
6330403K07Rik,0.01488683726307459,710,XGBoost
Lbh,0.014881590599978456,711,XGBoost
Rasgrp2,0.014874262238083755,712,XGBoost
Prkcdbp,0.01486953987412686,713,XGBoost
Tbc1d10c,0.014826854515868902,714,XGBoost
Spint2,0.014820537887486114,715,XGBoost
Fabp5,0.014791278996314118,716,XGBoost
Kdr,0.014789817160778564,717,XGBoost
Cd84,0.014775085738304713,718,XGBoost
Hey1,0.01473188048378374,719,XGBoost
Gpr20,0.01472063975363732,720,XGBoost
Chka,0.01471197079861895,721,XGBoost
Ang,0.014706666954068833,722,XGBoost
Cd69,0.014699035281813244,723,XGBoost
Hbegf,0.014692781956958511,724,XGBoost
Plpp3,0.014690744242512247,725,XGBoost
AU021092,0.014684320237553707,726,XGBoost
Grn,0.0146746366316243,727,XGBoost
Celf2,0.014673626530630299,728,XGBoost
Col3a1,0.014666982076745263,729,XGBoost
Fam43a,0.014664626727025705,730,XGBoost
Runx1,0.01464720623073468,731,XGBoost
Cox7b,0.014634305888282309,732,XGBoost
Ptgs2,0.014629324585701103,733,XGBoost
Mafb,0.014628579867547465,734,XGBoost
Gpx8,0.014604515171267577,735,XGBoost
Adssl1,0.014591874150678608,736,XGBoost
Pag1,0.01458221635387333,737,XGBoost
Dse,0.01458040583893209,738,XGBoost
Hexb,0.014575597116078153,739,XGBoost
Limd2,0.014573557042833675,740,XGBoost
Gpd1,0.014559202778450627,741,XGBoost
Ptp4a3,0.014558117460021931,742,XGBoost
Abhd2,0.014554369026757129,743,XGBoost
2010107E04Rik,0.014535151615973765,744,XGBoost
Stmn1,0.014531029221547052,745,XGBoost
Plscr2,0.014514972337801555,746,XGBoost
Ptprb,0.014512814382827472,747,XGBoost
Taldo1,0.01450448113183981,748,XGBoost
Agt,0.014465439159636094,749,XGBoost
Hist4h4,0.014461040985808478,750,XGBoost
Mertk,0.014457511543936034,751,XGBoost
Hmcn1,0.014433650538503448,752,XGBoost
Csf2ra,0.014414756080497741,753,XGBoost
Alpl,0.014411132282621909,754,XGBoost
Nfe2,0.014409502320787521,755,XGBoost
Col1a2,0.014408020588509509,756,XGBoost
C3,0.014401397768290367,757,XGBoost
Sox4,0.014395516164603541,758,XGBoost
Tpm2,0.014380837614183763,759,XGBoost
Hbb-bs,0.014377951534182034,760,XGBoost
Myo5a,0.014369473394182708,761,XGBoost
Ltf,0.014359847269235006,762,XGBoost
Rbpms2,0.01430582043020359,763,XGBoost
Slc16a11,0.014305138971578386,764,XGBoost
Rdh10,0.014301182519802603,765,XGBoost
Gbp5,0.014294095585736561,766,XGBoost
Gm6377,0.014293921854879562,767,XGBoost
Adam33,0.01429298037358709,768,XGBoost
Ltbp4,0.014287449840794865,769,XGBoost
Acp5,0.014278938709039624,770,XGBoost
Ifit2,0.014273383307307248,771,XGBoost
Cebpb,0.014271526159601934,772,XGBoost
Usp18,0.014270096509347154,773,XGBoost
Dbi,0.014264280292900259,774,XGBoost
Cpne8,0.014251899983529475,775,XGBoost
Speg,0.01423111036138504,776,XGBoost
Cks1b,0.014230968336789794,777,XGBoost
Lck,0.014226197269119471,778,XGBoost
Clec14a,0.014222720343744657,779,XGBoost
Nudt4,0.014204363729154486,780,XGBoost
Gm13861,0.01419339929103115,781,XGBoost
Cox5b,0.014191210889638432,782,XGBoost
Lrrc25,0.014182322527226973,783,XGBoost
Tubb4b,0.014174042321982175,784,XGBoost
Ttr,0.014150803824100522,785,XGBoost
Cpe,0.014146990528966952,786,XGBoost
Cd59a,0.014145105945939823,787,XGBoost
Hspb2,0.014143548905554675,788,XGBoost
Slc7a1,0.014134108173710979,789,XGBoost
Dmkn,0.014123847219680538,790,XGBoost
Nfia,0.014116080548420052,791,XGBoost
Unc119,0.014106315302116182,792,XGBoost
Gdf15,0.014099890339080871,793,XGBoost
Scrg1,0.01409084528651254,794,XGBoost
Slc16a1,0.014088408497065691,795,XGBoost
St3gal4,0.014072709784533333,796,XGBoost
Id1,0.014067878599547215,797,XGBoost
Cd300ld,0.014048318451266133,798,XGBoost
Lhfp,0.014047964705868742,799,XGBoost
Atp5l,0.014042256237307352,800,XGBoost
Slc2a3,0.014033653298332956,801,XGBoost
Sept7,0.01400716196809923,802,XGBoost
Gadd45a,0.013997630330545815,803,XGBoost
Slc4a10,0.013993271147137344,804,XGBoost
Isg20,0.01398448300893014,805,XGBoost
Aldh1a1,0.013984197535331287,806,XGBoost
Rgs4,0.013976732353764405,807,XGBoost
Stap1,0.013974368071752083,808,XGBoost
AI839979,0.013944563265938506,809,XGBoost
Rhoh,0.01391523465647502,810,XGBoost
Csf1r,0.013893782964411213,811,XGBoost
Adgre1,0.013890880154959546,812,XGBoost
Myl6,0.013888972046214408,813,XGBoost
Il33,0.013888116345685788,814,XGBoost
Serpinf1,0.013884738134987562,815,XGBoost
Edem1,0.01387999713152703,816,XGBoost
Crim1,0.013876318425451091,817,XGBoost
Atp1a2,0.013872043242791423,818,XGBoost
Cald1,0.013845803433579256,819,XGBoost
Cadm1,0.013842506724492358,820,XGBoost
Col8a1,0.013841016541430926,821,XGBoost
Myl9,0.01383507624460598,822,XGBoost
Vmp1,0.01383324871298856,823,XGBoost
Gna15,0.013832367171272108,824,XGBoost
Ndufc1,0.013832118986418283,825,XGBoost
Dpysl3,0.013828165428492413,826,XGBoost
Slc1a1,0.013824878384034763,827,XGBoost
Ccnd1,0.013814097997631091,828,XGBoost
Bcas3,0.013803168669532335,829,XGBoost
Ifitm10,0.013799766658511065,830,XGBoost
Cox6c,0.01379954849740148,831,XGBoost
Gm13889,0.013777574918910959,832,XGBoost
Cd2,0.013767512200143927,833,XGBoost
Usmg5,0.013763296003656222,834,XGBoost
Map1b,0.013763104686768253,835,XGBoost
Rad54b,0.013759127631782423,836,XGBoost
Mfge8,0.013749745569080055,837,XGBoost
Dok3,0.013747987960098934,838,XGBoost
Hspa1b,0.013744097033952126,839,XGBoost
Slamf9,0.013741762281637432,840,XGBoost
Ptger4,0.013737332669096198,841,XGBoost
Gja1,0.01371616214126497,842,XGBoost
Tesc,0.013702289716892508,843,XGBoost
Hs3st1,0.013700148121839109,844,XGBoost
Rarres2,0.013697243749649788,845,XGBoost
Il10ra,0.01369547110295272,846,XGBoost
Asns,0.0136654991587251,847,XGBoost
Spint1,0.01366068288440306,848,XGBoost
Ebf1,0.013638872983656099,849,XGBoost
Prdx6,0.013631365293624131,850,XGBoost
Tinagl1,0.013630454407881035,851,XGBoost
Gucy1b3,0.013629592920139747,852,XGBoost
Sept1,0.013628065869554352,853,XGBoost
Gm12002,0.013626244190120804,854,XGBoost
Adap2os,0.013626194773575902,855,XGBoost
Atp5o,0.013607842426606022,856,XGBoost
Nid1,0.013596998992525889,857,XGBoost
Sema4a,0.013591815610805646,858,XGBoost
Sept4,0.01358610071130865,859,XGBoost
Eno3,0.013583190074204908,860,XGBoost
Slc25a4,0.013581591473350325,861,XGBoost
5430416O09Rik,0.013553132522638718,862,XGBoost
Aspn,0.01354794495060172,863,XGBoost
Tshz2,0.013538720291702116,864,XGBoost
Ndufb2,0.013538212895267004,865,XGBoost
Ppp1r14a,0.013536663356563186,866,XGBoost
Rbp1,0.013531998983333507,867,XGBoost
Agpat9,0.013514294581646477,868,XGBoost
Pllp,0.013505186119599675,869,XGBoost
Notch2,0.013504088162654259,870,XGBoost
Gpc3,0.01350354302260893,871,XGBoost
Gm14548,0.013494006652628239,872,XGBoost
Golm1,0.01348819991346678,873,XGBoost
Prelp,0.013464778473567756,874,XGBoost
Ccl8,0.013459112051317817,875,XGBoost
Slc38a11,0.013458020108973708,876,XGBoost
Mia,0.013457916112867806,877,XGBoost
Ndrg1,0.013455632944261029,878,XGBoost
Flna,0.013453634273700015,879,XGBoost
Grina,0.013453058993416372,880,XGBoost
Creg1,0.013448785428432867,881,XGBoost
Fgfbp1,0.013444637736238317,882,XGBoost
Cd48,0.013436783614476477,883,XGBoost
Pdcd4,0.013435254351594445,884,XGBoost
Ddc,0.013412417598501147,885,XGBoost
Slc1a2,0.013410998482976964,886,XGBoost
Map4k1,0.01341060429920494,887,XGBoost
Gpihbp1,0.013385247831293839,888,XGBoost
Gde1,0.013376038745535588,889,XGBoost
Slfn2,0.013373689409894505,890,XGBoost
Csrp1,0.01336496510168187,891,XGBoost
Lum,0.013343397434520234,892,XGBoost
Atp5e,0.013338477033117831,893,XGBoost
Gria2,0.013336580683827207,894,XGBoost
S100a16,0.013319402487093726,895,XGBoost
Rasl11a,0.013313254076595407,896,XGBoost
Pebp1,0.013309891426471942,897,XGBoost
Lcp1,0.013309120519994793,898,XGBoost
Cd302,0.013307847071322567,899,XGBoost
Gzmb,0.013297295992710833,900,XGBoost
Net1,0.013294932050863375,901,XGBoost
Trp53i11,0.013269014940726484,902,XGBoost
Thy1,0.013261290749823915,903,XGBoost
Col13a1,0.013252257998070284,904,XGBoost
Dpysl2,0.013246770601343268,905,XGBoost
Kcnn4,0.013240778160484724,906,XGBoost
Des,0.013237507169806307,907,XGBoost
Dhx58os,0.013223405641539784,908,XGBoost
Cthrc1,0.013213676011995978,909,XGBoost
Riiad1,0.013205725456398672,910,XGBoost
S100b,0.013196990022677418,911,XGBoost
Kcnk13,0.01318960565340513,912,XGBoost
Dynlrb2,0.013174768475258324,913,XGBoost
Gal3st4,0.013163267652710284,914,XGBoost
Tgif1,0.013159300452064392,915,XGBoost
Itgam,0.013154612238973839,916,XGBoost
Hk3,0.013154294116813908,917,XGBoost
Cxcr4,0.013152722697944028,918,XGBoost
Gja4,0.013126240522792992,919,XGBoost
Rhoj,0.013124971800578158,920,XGBoost
Ddah1,0.013120628489690284,921,XGBoost
H2-Ob,0.013104610289977904,922,XGBoost
Gm26522,0.013093014031061766,923,XGBoost
Cers2,0.013087494156633815,924,XGBoost
Lat2,0.013087299021406812,925,XGBoost
Serpini1,0.013079604576750775,926,XGBoost
Postn,0.013076933886976302,927,XGBoost
Ptrf,0.013050920101210922,928,XGBoost
Ttyh2,0.013048736292465685,929,XGBoost
Dbn1,0.013045693522144035,930,XGBoost
Ece1,0.013025363263638718,931,XGBoost
Oaf,0.013019439506037572,932,XGBoost
Enah,0.012999329809975674,933,XGBoost
Gstm7,0.012997761427376374,934,XGBoost
Rasd1,0.012996395761433287,935,XGBoost
Slc37a2,0.012993168860193662,936,XGBoost
Ccr5,0.012985389958597101,937,XGBoost
Cd200r1,0.012956503313031411,938,XGBoost
Pkp3,0.012953622792611528,939,XGBoost
Cryba4,0.012945950336346138,940,XGBoost
Dstn,0.012942186274758318,941,XGBoost
Atp2b4,0.012933260344917744,942,XGBoost
Cd274,0.012924430968088598,943,XGBoost
Cygb,0.012920846149819492,944,XGBoost
Casq2,0.012892752821562312,945,XGBoost
Snx20,0.012884504773380082,946,XGBoost
Tmem173,0.012881932047086021,947,XGBoost
Fabp7,0.01287728255835063,948,XGBoost
Gm12840,0.01286064131882498,949,XGBoost
Fbln2,0.012853748378366205,950,XGBoost
Il1a,0.012842919600651979,951,XGBoost
Dusp5,0.012821971982084424,952,XGBoost
Kctd12,0.012821261487629035,953,XGBoost
Hk2,0.012809192399907767,954,XGBoost
Spn,0.012800163621344356,955,XGBoost
Laptm5,0.012797153385074991,956,XGBoost
Cd7,0.012792788361019469,957,XGBoost
Tanc2,0.012784587838921096,958,XGBoost
Kcnj13,0.012776390818097129,959,XGBoost
Hebp1,0.012774577559087093,960,XGBoost
Sphk1,0.012757698603542244,961,XGBoost
Col18a1,0.012755122449046965,962,XGBoost
Cd209f,0.012753245985027131,963,XGBoost
Tmem212,0.01274777310746165,964,XGBoost
Sdc1,0.012743665392811288,965,XGBoost
Slc1a3,0.012742257114267196,966,XGBoost
Fam49b,0.012739640697199794,967,XGBoost
Ehd2,0.012733201365102116,968,XGBoost
Basp1,0.01273056640841615,969,XGBoost
Dusp6,0.012711121788866185,970,XGBoost
Nr4a2,0.012708260208486002,971,XGBoost
Rtn4,0.012689259063577433,972,XGBoost
Xdh,0.012682240585953129,973,XGBoost
Foxq1,0.012676626767656159,974,XGBoost
Mdk,0.01267517376856392,975,XGBoost
Bnip3,0.012654293843324395,976,XGBoost
Treml4,0.012653004903659056,977,XGBoost
Tep1,0.01264368833739522,978,XGBoost
Tubb2b,0.012643382170059968,979,XGBoost
Nov,0.012643020083284578,980,XGBoost
Gjb6,0.012637935838686946,981,XGBoost
Cfb,0.012633214356809093,982,XGBoost
Cyba,0.012632010738924589,983,XGBoost
Zfp691,0.012627684227026089,984,XGBoost
Ggt1,0.012622087984019592,985,XGBoost
Gsto1,0.012609306202306434,986,XGBoost
Tbx3os1,0.01260589501685362,987,XGBoost
Tpm1,0.012602786852314996,988,XGBoost
Fbln1,0.012600917376123004,989,XGBoost
Tma16,0.012599081327081903,990,XGBoost
Ndnf,0.01259793697999221,991,XGBoost
Enpp2,0.012589632867136222,992,XGBoost
Naaa,0.012589331333329554,993,XGBoost
Plac9b,0.012588877346823589,994,XGBoost
Aldoc,0.012586482178676306,995,XGBoost
Cfap126,0.012582786453551478,996,XGBoost
Ntm,0.01257918029104397,997,XGBoost
Hist1h2bc,0.012566246473322032,998,XGBoost
Rnd3,0.012564926095579288,999,XGBoost
Tmem38b,0.012561470494905387,1000,XGBoost
Zic1,0.012551128127680751,1001,XGBoost
Dusp23,0.012549759354949444,1002,XGBoost
Cped1,0.012544978836344178,1003,XGBoost
Romo1,0.012539805122302489,1004,XGBoost
Nostrin,0.012529304405617987,1005,XGBoost
Lmo4,0.012526951649201706,1006,XGBoost
Wnt5a,0.012522498370065284,1007,XGBoost
Mrgpra2a,0.012518330828318281,1008,XGBoost
Kcne4,0.012500930010420802,1009,XGBoost
Cd3g,0.012498099593386085,1010,XGBoost
Thbd,0.012489020823898873,1011,XGBoost
1110017D15Rik,0.012483967769466373,1012,XGBoost
Enpp1,0.012478463476856286,1013,XGBoost
Snhg18,0.01247743662282077,1014,XGBoost
Rgs7bp,0.012475038095258736,1015,XGBoost
Sema3g,0.012474807066133771,1016,XGBoost
H2-Q6,0.012466126517737363,1017,XGBoost
Emilin1,0.012464197689419648,1018,XGBoost
Spi1,0.012464079756351294,1019,XGBoost
Ephx3,0.012451419449031128,1020,XGBoost
Ccdc153,0.012450172688541827,1021,XGBoost
St5,0.012450084722233596,1022,XGBoost
Hmgn2,0.01244406846742421,1023,XGBoost
Gm9946,0.0124381877586308,1024,XGBoost
Cmip,0.012428609382328266,1025,XGBoost
Prnp,0.012423789494489508,1026,XGBoost
Pi15,0.012416450379849151,1027,XGBoost
Apln,0.012413107957428874,1028,XGBoost
Bmp7,0.012411555467745672,1029,XGBoost
Sdc2,0.012394604794653825,1030,XGBoost
Hist1h3e,0.01239042463497468,1031,XGBoost
Smad7,0.012388391406270613,1032,XGBoost
Ckb,0.012374809527618696,1033,XGBoost
Polk,0.012373097336371921,1034,XGBoost
Pth1r,0.01236459715410322,1035,XGBoost
Pdlim4,0.012356355211578147,1036,XGBoost
AF251705,0.012351824533381087,1037,XGBoost
Gpr132,0.012340673589574757,1038,XGBoost
Rsph1,0.012329699922962192,1039,XGBoost
Gpx4,0.012319855185299503,1040,XGBoost
Cmpk2,0.012302530605250519,1041,XGBoost
1810011O10Rik,0.012301255371242837,1042,XGBoost
Lag3,0.012299374380412289,1043,XGBoost
Ctsw,0.012297858891900736,1044,XGBoost
Ace,0.012287682946061116,1045,XGBoost
Tslp,0.012276090356796459,1046,XGBoost
4930523C07Rik,0.012255896142346522,1047,XGBoost
Wtip,0.012250371873953997,1048,XGBoost
Phgdh,0.012249680285073531,1049,XGBoost
Ctgf,0.012241461948091363,1050,XGBoost
Fam183b,0.012236616007009876,1051,XGBoost
Hexa,0.012233158357943374,1052,XGBoost
Lrp1,0.012214071508371628,1053,XGBoost
Pgf,0.01220795742151238,1054,XGBoost
Unc93b1,0.012206072285286241,1055,XGBoost
Ccl11,0.012203469002827733,1056,XGBoost
Psat1,0.012201241331737656,1057,XGBoost
Crlf1,0.01219738931892259,1058,XGBoost
Pbxip1,0.012192048232052236,1059,XGBoost
Fam101b,0.012190276280209208,1060,XGBoost
Efemp1,0.01218908667650209,1061,XGBoost
Pde4d,0.012182301128168328,1062,XGBoost
Mdh1,0.012170401352266545,1063,XGBoost
Sh2d1b1,0.012163386211940524,1064,XGBoost
Lypd1,0.012155234331484141,1065,XGBoost
Synm,0.01215055600219368,1066,XGBoost
Afp,0.012149670993693615,1067,XGBoost
Rcan2,0.012148265987097152,1068,XGBoost
Marveld1,0.012142570485159,1069,XGBoost
Aebp1,0.012137025142305682,1070,XGBoost
Rmst,0.01213547964497173,1071,XGBoost
Mob2,0.012130876966355153,1072,XGBoost
Parm1,0.012126290203656642,1073,XGBoost
Cyyr1,0.012124927951724053,1074,XGBoost
Ly9,0.012115303547724152,1075,XGBoost
B4galnt1,0.012107371405474606,1076,XGBoost
Kdm6b,0.012085740974287907,1077,XGBoost
Tifab,0.012068931882682562,1078,XGBoost
Tnfrsf18,0.0120640490151628,1079,XGBoost
Pmaip1,0.012062601413136273,1080,XGBoost
Cd3d,0.01205677336456918,1081,XGBoost
Rassf4,0.012053290967523868,1082,XGBoost
Igf2,0.012041015523921235,1083,XGBoost
Calm3,0.012006993270374678,1084,XGBoost
Eps8,0.012004545906008897,1085,XGBoost
Adrbk2,0.01200312507730566,1086,XGBoost
Rgs16,0.011998021721006088,1087,XGBoost
S100a1,0.01196930628003894,1088,XGBoost
Csrp2,0.011967044275131962,1089,XGBoost
Il7r,0.011964329753462044,1090,XGBoost
Pde3a,0.01194658753829091,1091,XGBoost
Ppp1r12b,0.011945625334280858,1092,XGBoost
Plscr1,0.011934865749856383,1093,XGBoost
Car13,0.01191858921848876,1094,XGBoost
Pcsk1n,0.011902652226602917,1095,XGBoost
Pycard,0.011895475363525103,1096,XGBoost
F3,0.011892908056702707,1097,XGBoost
Mlf1,0.011881042624415127,1098,XGBoost
Wnt5b,0.0118758808740394,1099,XGBoost
Itgb2,0.01187293711890891,1100,XGBoost
Atp5k,0.011872664835996485,1101,XGBoost
Tnfsf9,0.011861321314376106,1102,XGBoost
Steap1,0.011857138400485334,1103,XGBoost
Cotl1,0.011851332879263913,1104,XGBoost
Galnt6,0.011843542993725205,1105,XGBoost
Fam26f,0.011841312350643892,1106,XGBoost
Car2,0.011840995151603072,1107,XGBoost
Fam13a,0.011839062764046539,1108,XGBoost
Lpar1,0.011838806431936555,1109,XGBoost
Bhlhe41,0.011832896450830292,1110,XGBoost
Ndufa13,0.011822939759417105,1111,XGBoost
Adamtsl1,0.011822758592145344,1112,XGBoost
Ddit4l,0.011815135735554956,1113,XGBoost
Adk,0.011812616211429235,1114,XGBoost
Procr,0.01180749529529005,1115,XGBoost
Idh2,0.01180044043354258,1116,XGBoost
Rasl12,0.011794754925760247,1117,XGBoost
Lrba,0.011790194278363461,1118,XGBoost
Timp2,0.011787197751467565,1119,XGBoost
Pik3r1,0.011781532812602875,1120,XGBoost
Apobec1,0.011777860991891044,1121,XGBoost
Atp5h,0.011763326215856301,1122,XGBoost
Hspb1,0.011760308898335445,1123,XGBoost
Pantr1,0.011758429077201099,1124,XGBoost
Sap30,0.011756929224918939,1125,XGBoost
Tpd52l1,0.011752131006996803,1126,XGBoost
Hes1,0.0117492560953203,1127,XGBoost
Cox8a,0.01174345041681467,1128,XGBoost
Nfix,0.011728458582848671,1129,XGBoost
Igfbp5,0.0117282545202458,1130,XGBoost
Ikzf1,0.011724180803575403,1131,XGBoost
Slamf8,0.011723314107899074,1132,XGBoost
Hspa2,0.011716018002671677,1133,XGBoost
Olfm1,0.011713875254776098,1134,XGBoost
Filip1l,0.011712571239452371,1135,XGBoost
Car8,0.011683087382449006,1136,XGBoost
Lmo7,0.011676695683423652,1137,XGBoost
Emp2,0.011672768041376111,1138,XGBoost
Cysltr1,0.011669045286039488,1139,XGBoost
Tnfsf8,0.01166542780391242,1140,XGBoost
Gm5127,0.011664467521079143,1141,XGBoost
Trem2,0.011659462277206125,1142,XGBoost
Efcab10,0.01164947784135609,1143,XGBoost
Cyp7b1,0.011644705715292315,1144,XGBoost
S1pr3,0.01162578624031724,1145,XGBoost
Notch3,0.01162455493481508,1146,XGBoost
Rbp7,0.011617909427120649,1147,XGBoost
P2ry6,0.01161283908704705,1148,XGBoost
Cystm1,0.011612059588596513,1149,XGBoost
Cox6a2,0.011606983416340599,1150,XGBoost
Hopx,0.011602759516462528,1151,XGBoost
Fabp4,0.011594246806633141,1152,XGBoost
Gm11627,0.011591088883639893,1153,XGBoost
Qpct,0.011578436594036054,1154,XGBoost
Sh3bgrl,0.011575168793605727,1155,XGBoost
Aoah,0.011560675219102992,1156,XGBoost
Bmp4,0.01155375581940959,1157,XGBoost
Pde1a,0.011539145222206075,1158,XGBoost
Oasl1,0.011534587313201658,1159,XGBoost
1700016K19Rik,0.011522829755338273,1160,XGBoost
Rem1,0.011519796659850258,1161,XGBoost
Pdlim2,0.011517231223083289,1162,XGBoost
Tubb3,0.01151513306552327,1163,XGBoost
Jag1,0.01150990474912161,1164,XGBoost
Folr1,0.011497776983870464,1165,XGBoost
Sat1,0.011494048018695423,1166,XGBoost
Ogn,0.011493021499812902,1167,XGBoost
Kcnab1,0.011491757392762696,1168,XGBoost
Klre1,0.01148955999814395,1169,XGBoost
Prlr,0.01148564393835901,1170,XGBoost
Pkib,0.011484340343385161,1171,XGBoost
Cd27,0.011483351469690322,1172,XGBoost
Mcam,0.01147365554533035,1173,XGBoost
Ano1,0.011460370679340519,1174,XGBoost
Zeb2,0.011451065416565475,1175,XGBoost
Ncf1,0.011433894214013553,1176,XGBoost
Npy1r,0.011427419827944088,1177,XGBoost
Tnip3,0.011413853209945937,1178,XGBoost
Ccl17,0.011413760273739387,1179,XGBoost
Enpep,0.011411245750787884,1180,XGBoost
Hapln2,0.011407670094625367,1181,XGBoost
Lfng,0.011407457061428716,1182,XGBoost
F630028O10Rik,0.011394267728367019,1183,XGBoost
Cdkn2b,0.011392077293392242,1184,XGBoost
Mmrn2,0.011381189140084232,1185,XGBoost
Osgin1,0.011379545676598069,1186,XGBoost
Adpgk,0.011368236442912875,1187,XGBoost
Slc13a4,0.01136771021850474,1188,XGBoost
Cryab,0.011362946662397311,1189,XGBoost
Lxn,0.011356028942110779,1190,XGBoost
Mlc1,0.011341948860119388,1191,XGBoost
Sall3,0.011333232594699346,1192,XGBoost
Inpp5d,0.011332873607467767,1193,XGBoost
Bcl11a,0.01132805165439902,1194,XGBoost
Rbm47,0.01132454990951172,1195,XGBoost
Kazald1,0.011323639127860321,1196,XGBoost
Pfkp,0.01130488482943481,1197,XGBoost
Islr,0.011303382387611688,1198,XGBoost
Amigo2,0.011300351668283033,1199,XGBoost
Idh3a,0.011297704886929475,1200,XGBoost
Ptges,0.011292851117939899,1201,XGBoost
Eps8l2,0.011282480018886909,1202,XGBoost
Coq7,0.011275312844693549,1203,XGBoost
Rcn3,0.011274057184596408,1204,XGBoost
Nrarp,0.011244525282829885,1205,XGBoost
Gm13822,0.011243848710467361,1206,XGBoost
Nkain4,0.011243694303333204,1207,XGBoost
Col1a1,0.011240191130787655,1208,XGBoost
Ndn,0.011238622273960514,1209,XGBoost
Meig1,0.01123851162527649,1210,XGBoost
Car14,0.01122974872771579,1211,XGBoost
Fhl2,0.011228441287922624,1212,XGBoost
1700047M11Rik,0.011221840337540246,1213,XGBoost
Skap1,0.011221486250427756,1214,XGBoost
Kmo,0.011215393800905025,1215,XGBoost
Rbm24,0.0112119933395298,1216,XGBoost
Ntn4,0.011208702316807458,1217,XGBoost
Atp1b2,0.011196731072852543,1218,XGBoost
Mmp19,0.01119379336441022,1219,XGBoost
Tmem88,0.011191070148993898,1220,XGBoost
Selenbp1,0.011184333530336646,1221,XGBoost
Tmem37,0.011183027888708752,1222,XGBoost
Kl,0.011182033110017559,1223,XGBoost
C1qtnf2,0.011163555535307101,1224,XGBoost
Gclm,0.011160494587645398,1225,XGBoost
Lbp,0.011149939069027613,1226,XGBoost
A2m,0.011143088686737804,1227,XGBoost
Msx1,0.011126680989939379,1228,XGBoost
Kctd1,0.011121616694765414,1229,XGBoost
Col9a3,0.011114107986838446,1230,XGBoost
Tagap,0.011112259811169896,1231,XGBoost
Enkur,0.011110788627260157,1232,XGBoost
Hist1h1c,0.011105436822496425,1233,XGBoost
Irx3,0.011103378899965282,1234,XGBoost
Oat,0.011100341454217537,1235,XGBoost
Ifi27,0.011096108738396978,1236,XGBoost
Atcayos,0.011088580979335122,1237,XGBoost
Mrvi1,0.011088134743445627,1238,XGBoost
Tns1,0.011087989274773244,1239,XGBoost
Rnf13,0.011082430297046093,1240,XGBoost
Ifi44,0.011068242520934482,1241,XGBoost
Gm26802,0.01106568034810045,1242,XGBoost
Atp5g3,0.011062369548647567,1243,XGBoost
Nxpe5,0.01106175684962015,1244,XGBoost
Rab3il1,0.011060814411747206,1245,XGBoost
Cmbl,0.01105832785125079,1246,XGBoost
Filip1,0.01105825181426677,1247,XGBoost
Tecr,0.011053952932842889,1248,XGBoost
Vegfc,0.0110476130287927,1249,XGBoost
Gm5424,0.011042317309782664,1250,XGBoost
Rftn1,0.01103500709363302,1251,XGBoost
Cntfr,0.01103397241702245,1252,XGBoost
Heyl,0.01102855947967858,1253,XGBoost
Hck,0.011026987122746763,1254,XGBoost
Gm3764,0.011026161569464172,1255,XGBoost
Tspan15,0.01102517093339872,1256,XGBoost
Pla2g16,0.011014246760045109,1257,XGBoost
Gm37800,0.011012732738999758,1258,XGBoost
Bin1,0.011006747429806377,1259,XGBoost
Fxyd6,0.011001273265119375,1260,XGBoost
Ppp1r12a,0.011001103494269695,1261,XGBoost
C1qtnf9,0.01099998839586515,1262,XGBoost
Ngfrap1,0.010995774647822662,1263,XGBoost
Arl5c,0.010991186046874893,1264,XGBoost
Spry2,0.010990822603308161,1265,XGBoost
Slc38a1,0.010981012123303555,1266,XGBoost
Pde4b,0.010974761053699092,1267,XGBoost
Gpr183,0.010962632162210969,1268,XGBoost
C2,0.010959522079655122,1269,XGBoost
Itga8,0.010947741012231612,1270,XGBoost
Aqp4,0.010940232620015925,1271,XGBoost
1500015O10Rik,0.01094018174276365,1272,XGBoost
Inhba,0.010937743149239017,1273,XGBoost
Tfec,0.010933499533633076,1274,XGBoost
Insc,0.010932569031944277,1275,XGBoost
Bcl2,0.010917520037176677,1276,XGBoost
1500009L16Rik,0.010913893029971738,1277,XGBoost
Grb14,0.010910803428456265,1278,XGBoost
Alcam,0.01090664439019405,1279,XGBoost
H2afj,0.010900215198475446,1280,XGBoost
Txk,0.010895543412313228,1281,XGBoost
Cxcl1,0.010892590404132582,1282,XGBoost
Klk6,0.010892371255450973,1283,XGBoost
Fam107a,0.010887150561188748,1284,XGBoost
Slc22a17,0.01088584533996396,1285,XGBoost
Id4,0.010881905305335591,1286,XGBoost
Hmgn3,0.010878061274176346,1287,XGBoost
Serpinb6b,0.01087089468851019,1288,XGBoost
Gm4951,0.010867612573208455,1289,XGBoost
Itih3,0.01086443967464134,1290,XGBoost
Mecom,0.010862776314111963,1291,XGBoost
Lat,0.010859687339031464,1292,XGBoost
Htra1,0.0108585300113102,1293,XGBoost
Scamp2,0.010856593817445656,1294,XGBoost
Akr1b8,0.01083432532675485,1295,XGBoost
Lmcd1,0.010822647682066066,1296,XGBoost
Actg2,0.010818805728932058,1297,XGBoost
Gas7,0.010806761364000656,1298,XGBoost
Ptpn6,0.010793233368241112,1299,XGBoost
Degs1,0.010792547497315834,1300,XGBoost
Batf3,0.010791973518823883,1301,XGBoost
Mrps6,0.010784817212769937,1302,XGBoost
Spon1,0.010784779426078037,1303,XGBoost
Cxcl14,0.010781257044095032,1304,XGBoost
Slco3a1,0.01077354192288947,1305,XGBoost
4430402I18Rik,0.010772448548634184,1306,XGBoost
Il18,0.010767440404775156,1307,XGBoost
Tspan7,0.01076540041587507,1308,XGBoost
Bcr,0.01076504291721027,1309,XGBoost
Etnppl,0.01076172036645574,1310,XGBoost
Kctd14,0.010760954317642258,1311,XGBoost
Msmo1,0.010759341798685942,1312,XGBoost
Fez1,0.010752862585546419,1313,XGBoost
Ggt5,0.010741867494044693,1314,XGBoost
Arhgap30,0.010740486087297068,1315,XGBoost
Pdlim7,0.010734555535625337,1316,XGBoost
Ndufa11,0.01073070052705858,1317,XGBoost
Lin7a,0.010722363930815746,1318,XGBoost
Odf3b,0.010700136317194658,1319,XGBoost
2810417H13Rik,0.010683454908609991,1320,XGBoost
Zcchc18,0.01067673463636276,1321,XGBoost
Sostdc1,0.010669583393438995,1322,XGBoost
Serpina3g,0.010666834595240203,1323,XGBoost
Nav2,0.010666749406982565,1324,XGBoost
Thyn1,0.01065903737414351,1325,XGBoost
Siglecg,0.010656774480893035,1326,XGBoost
Blnk,0.010655004812900338,1327,XGBoost
Cmtm5,0.010653645374813323,1328,XGBoost
Dmd,0.01065165694694585,1329,XGBoost
Havcr2,0.010650533098336518,1330,XGBoost
Serpinb8,0.010647949547740095,1331,XGBoost
Sfxn5,0.010637714934230628,1332,XGBoost
Htr2b,0.010627348174685275,1333,XGBoost
Uba2,0.010623749128590201,1334,XGBoost
Vstm4,0.01062258331001489,1335,XGBoost
Hemk1,0.010622241615957645,1336,XGBoost
Cd248,0.010619769476830318,1337,XGBoost
Gm14964,0.010617614577816598,1338,XGBoost
Tspan3,0.010617117172816765,1339,XGBoost
Loxl2,0.01060626639766302,1340,XGBoost
Pydc3,0.010592636538321171,1341,XGBoost
Rasl10b,0.010592581410356416,1342,XGBoost
Pdgfra,0.010590156526606033,1343,XGBoost
Fbxl5,0.01058854533467975,1344,XGBoost
Phactr3,0.010585487216864208,1345,XGBoost
Col15a1,0.010579999871391969,1346,XGBoost
Myof,0.01056774136388053,1347,XGBoost
Slmap,0.010559164965687217,1348,XGBoost
Padi4,0.01055806398394429,1349,XGBoost
1700007K13Rik,0.010550994498006333,1350,XGBoost
Mcm5,0.0105455839950313,1351,XGBoost
Timp4,0.010544977645530073,1352,XGBoost
Ntpcr,0.01053955608737835,1353,XGBoost
Myct1,0.010535006724969724,1354,XGBoost
Plekho1,0.010524032033526469,1355,XGBoost
Apoo,0.010523746737603168,1356,XGBoost
Matn2,0.01050305649358509,1357,XGBoost
Tnfaip3,0.010497399738488622,1358,XGBoost
Grem2,0.010496348119883429,1359,XGBoost
Mapk13,0.010480944040909754,1360,XGBoost
Ltbp1,0.01047578773227025,1361,XGBoost
Camk2g,0.010464966526524623,1362,XGBoost
Rock1,0.010464952613079313,1363,XGBoost
Il11,0.010459322448415641,1364,XGBoost
Uqcr10,0.010451981536088282,1365,XGBoost
Fmo1,0.010450308631064237,1366,XGBoost
Fbxo2,0.010448451466562984,1367,XGBoost
Il6,0.010433238911810371,1368,XGBoost
1700012B09Rik,0.010432370832677241,1369,XGBoost
Slc6a1,0.010426229552883536,1370,XGBoost
Cog7,0.01042188330715718,1371,XGBoost
Il2rb,0.010407540348051908,1372,XGBoost
Mir143hg,0.010406484036686495,1373,XGBoost
Chst1,0.0103986408526848,1374,XGBoost
Jam3,0.010392402910284104,1375,XGBoost
Btbd17,0.010376660168056927,1376,XGBoost
Crispld1,0.010368992836117114,1377,XGBoost
Gstp1,0.010364833382399083,1378,XGBoost
Ackr3,0.010360446376086132,1379,XGBoost
Hvcn1,0.010358322196525112,1380,XGBoost
Ncam1,0.010357232193328047,1381,XGBoost
Slc9a9,0.010356671962729241,1382,XGBoost
Sema4b,0.010351453913372808,1383,XGBoost
Zak,0.010343667690102965,1384,XGBoost
Tomm7,0.010327463147105944,1385,XGBoost
Bicc1,0.010325090061813095,1386,XGBoost
Tnpo3,0.01032308449477942,1387,XGBoost
Aoc3,0.010313352334133885,1388,XGBoost
Pifo,0.010307548105591433,1389,XGBoost
Itgax,0.010307152985759445,1390,XGBoost
Tctex1d4,0.010303295618306627,1391,XGBoost
Tbx18,0.010301711317919161,1392,XGBoost
Mgst2,0.010299192300537625,1393,XGBoost
Apbb1ip,0.010297242250385308,1394,XGBoost
Hgsnat,0.010282861072093745,1395,XGBoost
Dclk1,0.010270727743462498,1396,XGBoost
Fyb,0.010267764549349728,1397,XGBoost
Tmem86a,0.010256451281180646,1398,XGBoost
Vegfa,0.010255013835173344,1399,XGBoost
Tmbim1,0.010239064354372192,1400,XGBoost
Ly6h,0.010212522509375254,1401,XGBoost
Ankrd37,0.010208674659518545,1402,XGBoost
Tmem123,0.010206036034464518,1403,XGBoost
RP23-81F19.2,0.010205592482449427,1404,XGBoost
Bmp2k,0.010201872826685308,1405,XGBoost
Slc30a10,0.0101970771766032,1406,XGBoost
Evl,0.010188942376724967,1407,XGBoost
Ank2,0.010188007645937249,1408,XGBoost
Phldb2,0.010184647708253983,1409,XGBoost
Nfkbid,0.010163115330623607,1410,XGBoost
Fam46a,0.01015604066094436,1411,XGBoost
Tekt1,0.010154081053719283,1412,XGBoost
Gstm5,0.010149173804058617,1413,XGBoost
Fcgr3,0.01014157849232347,1414,XGBoost
Prdm16,0.010137863362815525,1415,XGBoost
Gm20406,0.010126346851718511,1416,XGBoost
Pde5a,0.010126304925216408,1417,XGBoost
Pam,0.010124006721400567,1418,XGBoost
Cela1,0.010123170741203618,1419,XGBoost
Cdk1,0.010122545228193384,1420,XGBoost
Runx1t1,0.010112112738077127,1421,XGBoost
Hsph1,0.010110770177771861,1422,XGBoost
Kcnmb1,0.010104914539905361,1423,XGBoost
Col6a1,0.010100714360366681,1424,XGBoost
Gpr37l1,0.010097347430936487,1425,XGBoost
Pdzd2,0.010074265444868133,1426,XGBoost
Plce1,0.01006786098051888,1427,XGBoost
1700001C02Rik,0.010065755533682292,1428,XGBoost
Scg5,0.010056161958751982,1429,XGBoost
Timd4,0.010046182050376936,1430,XGBoost
Phkg1,0.010044416825556268,1431,XGBoost
Mx1,0.010040256966472646,1432,XGBoost
C1qtnf7,0.010037106863800297,1433,XGBoost
Hba-a1,0.010029247321377494,1434,XGBoost
Tiparp,0.01002288297470675,1435,XGBoost
Ezr,0.010010874722137771,1436,XGBoost
Ednra,0.010010035383247209,1437,XGBoost
Kcnk1,0.010007166651745943,1438,XGBoost
Gfra2,0.01000475763094482,1439,XGBoost
Ptp4a1,0.009977099238605862,1440,XGBoost
Tcea3,0.009974369179879681,1441,XGBoost
Serpinb9,0.009956016039977323,1442,XGBoost
Tyrobp,0.00994621052291557,1443,XGBoost
Gm21975,0.009939598855578189,1444,XGBoost
Arl6ip1,0.00992970006298532,1445,XGBoost
Gm9780,0.009918229261862258,1446,XGBoost
Cml1,0.00991391074058129,1447,XGBoost
Grin2c,0.009908822656997083,1448,XGBoost
Fam213a,0.009906200049864658,1449,XGBoost
Ascc1,0.009904743833222339,1450,XGBoost
Ptpre,0.00990019788764446,1451,XGBoost
Gucy1a3,0.009899950273603412,1452,XGBoost
Defb11,0.009898030452482432,1453,XGBoost
Gzma,0.00989173724300345,1454,XGBoost
Steap4,0.00988922114674791,1455,XGBoost
Ppp1r3g,0.009886052574941788,1456,XGBoost
Kcna5,0.009885723437890714,1457,XGBoost
Wfdc2,0.009880512294864864,1458,XGBoost
Mical2,0.009875477433073699,1459,XGBoost
Kcnk2,0.0098725719825182,1460,XGBoost
Pacrg,0.009870534735439555,1461,XGBoost
Cd300lb,0.009861535368682499,1462,XGBoost
Acox3,0.009858772525949482,1463,XGBoost
Socs2,0.009856723788821221,1464,XGBoost
Vsig2,0.009852934835980622,1465,XGBoost
Sirpa,0.009852432654487485,1466,XGBoost
Pcp4,0.009845968931860861,1467,XGBoost
Tsc22d4,0.009844786793206176,1468,XGBoost
Insig1,0.009839442500738184,1469,XGBoost
Clasp2,0.009838338329938138,1470,XGBoost
Esm1,0.009836001836915556,1471,XGBoost
Scg3,0.009832167534138861,1472,XGBoost
Trim9,0.009831857184364173,1473,XGBoost
Bphl,0.00982947726347806,1474,XGBoost
Carhsp1,0.009827898431283254,1475,XGBoost
Cxcr6,0.009814548278967663,1476,XGBoost
Gstt1,0.00979212968656841,1477,XGBoost
Dmp1,0.009782694398005201,1478,XGBoost
Vav1,0.00978143589762746,1479,XGBoost
Mxra8,0.009777872200126273,1480,XGBoost
A530064D06Rik,0.009775411375312792,1481,XGBoost
Tnik,0.00977265061868611,1482,XGBoost
Adora3,0.009770522005122068,1483,XGBoost
Chst2,0.009765098130187413,1484,XGBoost
Foxj1,0.00976391079588211,1485,XGBoost
Krt18,0.009746792036756668,1486,XGBoost
Slc6a11,0.009741423009363353,1487,XGBoost
Klrb1b,0.009735011393104316,1488,XGBoost
Slc25a18,0.009733593218589277,1489,XGBoost
Epb41,0.009728870564987394,1490,XGBoost
Slc7a10,0.009728726228314579,1491,XGBoost
Rsph9,0.009723971667568228,1492,XGBoost
Igsf6,0.009716878618718016,1493,XGBoost
Fmo2,0.009711884651901575,1494,XGBoost
Car5a,0.0096926397667116,1495,XGBoost
Prrx1,0.009682687396345684,1496,XGBoost
Lilra5,0.009672784841674636,1497,XGBoost
Mro,0.009672339612124365,1498,XGBoost
Slc9a3r1,0.009656477524003159,1499,XGBoost
Omg,0.009652597120869907,1500,XGBoost
Lcat,0.009647998963176035,1501,XGBoost
Gamt,0.009646145812492018,1502,XGBoost
Ndufa1,0.00964450235378916,1503,XGBoost
Sox18,0.009644238283768482,1504,XGBoost
1700026L06Rik,0.00963432084970183,1505,XGBoost
Sulf1,0.00963271744000131,1506,XGBoost
Klrb1c,0.009615950527675554,1507,XGBoost
Hpse,0.009614611919257334,1508,XGBoost
Etv1,0.009608355164176173,1509,XGBoost
Zeb2os,0.00960222238116329,1510,XGBoost
Bex2,0.009600552108909716,1511,XGBoost
Slc48a1,0.009599736269424472,1512,XGBoost
Cdc42ep2,0.00958681519599748,1513,XGBoost
Hdac11,0.009574253293080776,1514,XGBoost
Flrt2,0.009568448163411139,1515,XGBoost
Slc16a8,0.009567484011401704,1516,XGBoost
Irf8,0.009560089625778551,1517,XGBoost
Gpnmb,0.009559519862366563,1518,XGBoost
Olfml2a,0.009557849462394666,1519,XGBoost
Wdr86,0.009557733262218723,1520,XGBoost
Lsamp,0.009543417454922034,1521,XGBoost
Clic6,0.009538540152168358,1522,XGBoost
Cpq,0.00953658953421669,1523,XGBoost
Tbc1d4,0.009530855279113445,1524,XGBoost
Sgk3,0.00952245158522525,1525,XGBoost
Calml4,0.00950263225095387,1526,XGBoost
Fgf1,0.009496167317840488,1527,XGBoost
Itgb2l,0.009494072288453278,1528,XGBoost
Rnf149,0.009491682948455236,1529,XGBoost
F5,0.009481722156151234,1530,XGBoost
Meis2,0.009480437095639106,1531,XGBoost
Nr2f1,0.009477484361564517,1532,XGBoost
Ctdspl,0.009460593492210128,1533,XGBoost
Susd5,0.00944988723278178,1534,XGBoost
Cldn10,0.009448814237751171,1535,XGBoost
Gimap7,0.009447544487823601,1536,XGBoost
Ntrk2,0.009447485367003424,1537,XGBoost
Slc38a2,0.009442406833189384,1538,XGBoost
Cebpe,0.009441880383991354,1539,XGBoost
Sox9,0.009441481363428329,1540,XGBoost
Fdps,0.009438822834045638,1541,XGBoost
Zc2hc1a,0.009438526079876993,1542,XGBoost
Slc5a6,0.009435164584912071,1543,XGBoost
Clec1a,0.009433646200401075,1544,XGBoost
Tlr7,0.00943247877800409,1545,XGBoost
Gm26870,0.00942923239181114,1546,XGBoost
Lrrc51,0.009426229360852799,1547,XGBoost
Tbx2,0.009418846297508788,1548,XGBoost
Itga7,0.009409535411705713,1549,XGBoost
Capsl,0.009384068197839136,1550,XGBoost
Apoc1,0.009382017754082123,1551,XGBoost
Rdh5,0.009372714069149605,1552,XGBoost
Slc4a3,0.009368214572061162,1553,XGBoost
H1f0,0.009363062035746605,1554,XGBoost
Slc16a6,0.00935941041854648,1555,XGBoost
Rgs17,0.009347931895524278,1556,XGBoost
Rspo3,0.009342703661113257,1557,XGBoost
Tril,0.009336342791378852,1558,XGBoost
Slc6a9,0.00933473088892745,1559,XGBoost
Ppp1r1b,0.009331489364557213,1560,XGBoost
Hpgds,0.009319560892989232,1561,XGBoost
Loxl1,0.009318404122207634,1562,XGBoost
Auts2,0.009315803048999127,1563,XGBoost
Rhov,0.009314968607408195,1564,XGBoost
Cyth4,0.009306404385219333,1565,XGBoost
Fgfr3,0.009293590330195445,1566,XGBoost
Eva1a,0.009292509780007122,1567,XGBoost
Otud1,0.009287940756624178,1568,XGBoost
Ntsr2,0.00928535067352305,1569,XGBoost
Nsg1,0.00928100778137651,1570,XGBoost
Limd1,0.009267593413983286,1571,XGBoost
Tagln3,0.00926751689840504,1572,XGBoost
Cdhr4,0.009255657659106012,1573,XGBoost
Acsbg1,0.009251267271378233,1574,XGBoost
Gng2,0.009250696058178718,1575,XGBoost
Gprc5c,0.009243020366492672,1576,XGBoost
Ndufv3,0.009237971393764722,1577,XGBoost
Cspg5,0.00923169523627828,1578,XGBoost
P2rx7,0.009229618717086767,1579,XGBoost
Mmd2,0.009226214358454636,1580,XGBoost
Sla,0.009211687634072074,1581,XGBoost
Tmem52,0.009210535783171261,1582,XGBoost
Lgi1,0.009208259274774555,1583,XGBoost
Mpeg1,0.009200456828878326,1584,XGBoost
Adora2b,0.009199114416280647,1585,XGBoost
Lmo1,0.009196821308417508,1586,XGBoost
1700007G11Rik,0.009194132376196722,1587,XGBoost
Pfn2,0.009186654317442642,1588,XGBoost
Zic4,0.009176954714866957,1589,XGBoost
Rras2,0.009175242473679582,1590,XGBoost
Ly6d,0.009172117018844819,1591,XGBoost
Scd2,0.009169701673600834,1592,XGBoost
Cd79a,0.009161303275635387,1593,XGBoost
Pcdh17,0.009149428260338825,1594,XGBoost
Rrm2,0.00914489545760062,1595,XGBoost
Tmod1,0.0091437088786781,1596,XGBoost
Tbxa2r,0.009134553780031906,1597,XGBoost
Flt3,0.009134146933530348,1598,XGBoost
Nlrp3,0.009128105898150485,1599,XGBoost
Kcne2,0.009115139390577905,1600,XGBoost
Inmt,0.009114775472155397,1601,XGBoost
Dcdc2a,0.009099901073983159,1602,XGBoost
Aqp1,0.009099832039664227,1603,XGBoost
Bmp2,0.009096270319002913,1604,XGBoost
Gm1673,0.00909349422709853,1605,XGBoost
Ctss,0.009090833891426677,1606,XGBoost
Atf5,0.009085111938896443,1607,XGBoost
Ica1l,0.009083786598106587,1608,XGBoost
Tmeff2,0.009082143811620067,1609,XGBoost
Rel,0.009079472325707032,1610,XGBoost
Dkk3,0.009072467433511347,1611,XGBoost
Slc46a1,0.009068258779743597,1612,XGBoost
Pax6,0.009067647511257966,1613,XGBoost
Sqle,0.009051980011746456,1614,XGBoost
Fabp3,0.009046087059176462,1615,XGBoost
Chchd10,0.009040857129110796,1616,XGBoost
Slc15a2,0.00904036375741573,1617,XGBoost
Paqr6,0.00903789269997397,1618,XGBoost
Cspg4,0.009037032903700773,1619,XGBoost
Cfap161,0.009032075658994863,1620,XGBoost
Tst,0.009024792652688646,1621,XGBoost
Mrap,0.009023568224706766,1622,XGBoost
Tmem178,0.009017505353196254,1623,XGBoost
Syngr2,0.009016192393091945,1624,XGBoost
Sema3b,0.009012799163100257,1625,XGBoost
2700038G22Rik,0.00901136197035699,1626,XGBoost
Fam101a,0.00900298738650177,1627,XGBoost
Tnfrsf9,0.008996959639219123,1628,XGBoost
Arl3,0.008996437841239982,1629,XGBoost
Gpr18,0.008993357650148673,1630,XGBoost
Nme5,0.008991882872359292,1631,XGBoost
Dnah12,0.008991076634356854,1632,XGBoost
Col8a2,0.008986465197477754,1633,XGBoost
Slc4a4,0.008985993394014978,1634,XGBoost
Opalin,0.008985469166082578,1635,XGBoost
Cd80,0.008981021717841854,1636,XGBoost
Mest,0.008979458028348226,1637,XGBoost
Fgfr1,0.008972552331359025,1638,XGBoost
Gm17750,0.008964268686228245,1639,XGBoost
Cd3e,0.008963631921634643,1640,XGBoost
Tmem47,0.008962834513377876,1641,XGBoost
Tmem107,0.00896235052039428,1642,XGBoost
Rpap3,0.008961541853543165,1643,XGBoost
Islr2,0.008954569775926367,1644,XGBoost
2410004P03Rik,0.008946939332333797,1645,XGBoost
Ptprd,0.008944358881435095,1646,XGBoost
Sec11c,0.008943973607425458,1647,XGBoost
Cox6b2,0.008941612326588556,1648,XGBoost
Vill,0.008940441217995383,1649,XGBoost
Slc39a12,0.008934900494226383,1650,XGBoost
Anln,0.00892860442233206,1651,XGBoost
Atp2a2,0.0089283953204338,1652,XGBoost
Luzp2,0.00892485802074269,1653,XGBoost
Evi2a,0.00892394364679489,1654,XGBoost
Rnf152,0.008923132589737641,1655,XGBoost
Ccdc113,0.008920874102368921,1656,XGBoost
Mpped2,0.00891647224787803,1657,XGBoost
Clec3b,0.00891019791430226,1658,XGBoost
Gjb2,0.00890770619273286,1659,XGBoost
4930486L24Rik,0.008883796543390575,1660,XGBoost
Mt3,0.008883543456142165,1661,XGBoost
Ctxn1,0.008882406216330154,1662,XGBoost
Gnao1,0.008878715528697841,1663,XGBoost
Cox8b,0.008876001851446037,1664,XGBoost
Smim4,0.00887342927951887,1665,XGBoost
Hist1h4h,0.0088637009721728,1666,XGBoost
Pde3b,0.008853803230883407,1667,XGBoost
Sh2d1a,0.008845085792738999,1668,XGBoost
Hhatl,0.008831858647472043,1669,XGBoost
Ywhaq,0.008823148404140167,1670,XGBoost
Mns1,0.008821192147656151,1671,XGBoost
Hapln1,0.008813585567652325,1672,XGBoost
Xcl1,0.008807118947759998,1673,XGBoost
Gpm6b,0.008802101568326191,1674,XGBoost
Fcer1g,0.008800899813635096,1675,XGBoost
Ngf,0.008797487308652277,1676,XGBoost
Rab32,0.008788414277596801,1677,XGBoost
Ptprz1,0.008775177227315517,1678,XGBoost
Cenpa,0.008764408576391903,1679,XGBoost
Fam181b,0.008757635344068813,1680,XGBoost
Gm10714,0.008744532217369474,1681,XGBoost
Acot7,0.008735581910829108,1682,XGBoost
Kdelr3,0.008720770774207518,1683,XGBoost
Ttll7,0.008708021202198024,1684,XGBoost
4930402H24Rik,0.008706665238727719,1685,XGBoost
Ddr1,0.00870374190153182,1686,XGBoost
Sox2,0.00869606586347378,1687,XGBoost
Ttyh1,0.008681813276540405,1688,XGBoost
Itpk1,0.00868148474780849,1689,XGBoost
Htra3,0.008681145350307127,1690,XGBoost
Rbms3,0.008679179010512753,1691,XGBoost
Sulf2,0.008672089015141299,1692,XGBoost
Fam171b,0.00866481754743912,1693,XGBoost
Ckap4,0.008662785470564047,1694,XGBoost
Ppil6,0.008658565068325857,1695,XGBoost
Bcan,0.008642014766986058,1696,XGBoost
Nsg2,0.00863856869250045,1697,XGBoost
Rbpms,0.008631109218115787,1698,XGBoost
Nqo1,0.008628939208444578,1699,XGBoost
Spag6l,0.008621263088946616,1700,XGBoost
Cfap52,0.008619553615340463,1701,XGBoost
Smtn,0.008614936212540608,1702,XGBoost
Crygn,0.008614095921073024,1703,XGBoost
Adh1,0.00861170322361818,1704,XGBoost
Clmp,0.0086092399780398,1705,XGBoost
Gm867,0.008608922012926732,1706,XGBoost
Mbp,0.008603991587618464,1707,XGBoost
Cfap54,0.008603424170383919,1708,XGBoost
Ociad2,0.008598378495986932,1709,XGBoost
Iqca,0.008592321581171063,1710,XGBoost
Serpinb10,0.008583533738328162,1711,XGBoost
Top2a,0.008580378861762628,1712,XGBoost
Casp1,0.008580240205337559,1713,XGBoost
Morn5,0.00858008925596299,1714,XGBoost
C1s1,0.008574746350243101,1715,XGBoost
Ndrg2,0.008567917795803208,1716,XGBoost
Asf1b,0.008565385030988111,1717,XGBoost
Clec2i,0.008560310346605234,1718,XGBoost
Tlcd1,0.008547221778095485,1719,XGBoost
Psph,0.008544199989304979,1720,XGBoost
Gm11744,0.008537909177107181,1721,XGBoost
Ralgds,0.008528104644208665,1722,XGBoost
Ncr1,0.008520287998860896,1723,XGBoost
Gabbr1,0.008518618202193733,1724,XGBoost
Dtna,0.008516834738509215,1725,XGBoost
Tacstd2,0.008515850575161658,1726,XGBoost
Gpm6a,0.008513097969152589,1727,XGBoost
Dbx2,0.00851056861559866,1728,XGBoost
Slc12a2,0.00850434789185031,1729,XGBoost
Slc1a4,0.008496397667403977,1730,XGBoost
Amer2,0.008494360951870485,1731,XGBoost
Fjx1,0.00848387899451943,1732,XGBoost
Wwc1,0.008482018538003722,1733,XGBoost
Skint3,0.008475516612223406,1734,XGBoost
Lpp,0.008474767486501977,1735,XGBoost
Phyhipl,0.008474354980397678,1736,XGBoost
Phlda3,0.008473323691829267,1737,XGBoost
Prr32,0.008470643903969606,1738,XGBoost
Rgs20,0.008467090770820937,1739,XGBoost
Ift43,0.008464891761074641,1740,XGBoost
P2ry10,0.00844802422897654,1741,XGBoost
Ajuba,0.008438946765838777,1742,XGBoost
Rorb,0.00842547240563719,1743,XGBoost
Inhbb,0.008422645700728391,1744,XGBoost
Gpld1,0.008417293835411007,1745,XGBoost
Angptl2,0.00841497977264999,1746,XGBoost
Scara3,0.008414211857773739,1747,XGBoost
4833445I07Rik,0.008396809532735265,1748,XGBoost
Tmem237,0.008386807444699187,1749,XGBoost
Slc47a1,0.008384539646281948,1750,XGBoost
Pla2g15,0.008370667922038838,1751,XGBoost
Agpat4,0.008367919266491372,1752,XGBoost
Adh5,0.00836603341209566,1753,XGBoost
Slc26a2,0.008361638866961571,1754,XGBoost
Gm17501,0.00835750519373863,1755,XGBoost
Sdcbp2,0.0083554405196081,1756,XGBoost
Bdh2,0.008355125743334081,1757,XGBoost
Gas1,0.008347272287319341,1758,XGBoost
Tbxas1,0.008346026489277788,1759,XGBoost
F7,0.008335929338638278,1760,XGBoost
4833407H14Rik,0.008325490936144287,1761,XGBoost
Dusp14,0.008325381821483341,1762,XGBoost
Hacd1,0.008323419962006287,1763,XGBoost
Arl4c,0.008321666031332121,1764,XGBoost
Kcnk3,0.008317441022968549,1765,XGBoost
Cul4b,0.008312454090315825,1766,XGBoost
Aldh1a2,0.008307763761963634,1767,XGBoost
Ppp1r36,0.008306951711731741,1768,XGBoost
Endod1,0.008305743031783398,1769,XGBoost
1700088E04Rik,0.008302873283348562,1770,XGBoost
Ecm2,0.00830182084746864,1771,XGBoost
Fmod,0.0082949560138255,1772,XGBoost
Slc22a4,0.008292860320285603,1773,XGBoost
Csf2rb,0.008290047632524885,1774,XGBoost
Slit2,0.008277347729404385,1775,XGBoost
Snhg11,0.008276152014272679,1776,XGBoost
Camk2n1,0.008275975645046103,1777,XGBoost
Prok2,0.008273482814407897,1778,XGBoost
Sh2d2a,0.008264590228885803,1779,XGBoost
Fam180a,0.008255397105568175,1780,XGBoost
Map7d2,0.008246781268361647,1781,XGBoost
Phyh,0.008243398939022754,1782,XGBoost
Hspb6,0.008241059154722084,1783,XGBoost
Snrpn,0.00823371187120118,1784,XGBoost
Abhd3,0.008232232660731614,1785,XGBoost
Cdca8,0.008229943226757784,1786,XGBoost
1190005I06Rik,0.008226610240494073,1787,XGBoost
Gm8369,0.008226443291567551,1788,XGBoost
Negr1,0.008219003896625516,1789,XGBoost
Lrrc48,0.008217223872227295,1790,XGBoost
Lpxn,0.008209491210142868,1791,XGBoost
Grm3,0.008207099794183903,1792,XGBoost
Arsg,0.008207057731142586,1793,XGBoost
Ccl22,0.008197418942958574,1794,XGBoost
Myom1,0.00819401327438217,1795,XGBoost
Enho,0.008192805630220984,1796,XGBoost
Ptch1,0.008189961544375223,1797,XGBoost
Irf5,0.008189432067587283,1798,XGBoost
Tmeff1,0.008188720100678674,1799,XGBoost
Nrxn1,0.0081886229655873,1800,XGBoost
Cisd1,0.008181362141370555,1801,XGBoost
Daglb,0.008175313457008412,1802,XGBoost
Cxcr3,0.008170361628494034,1803,XGBoost
A730049H05Rik,0.008169935962123662,1804,XGBoost
Hint2,0.00816675660015396,1805,XGBoost
Cab39l,0.008166684591885314,1806,XGBoost
Gm12216,0.008157026908264952,1807,XGBoost
Vat1l,0.008148396658773715,1808,XGBoost
Acsl3,0.008145782883176021,1809,XGBoost
Ak1,0.008137240813637581,1810,XGBoost
Cyp1b1,0.008136955308722597,1811,XGBoost
Omd,0.00813548841331807,1812,XGBoost
Gprc5b,0.008135052324979469,1813,XGBoost
Mrc2,0.008128647943914116,1814,XGBoost
Cmss1,0.008126770463351387,1815,XGBoost
Klk8,0.008122930427668774,1816,XGBoost
Sox11,0.008117544400875155,1817,XGBoost
Aplp1,0.008115297905421374,1818,XGBoost
Col6a2,0.008110492397706627,1819,XGBoost
Cit,0.008091525273997325,1820,XGBoost
Mir124-2hg,0.008081779013909116,1821,XGBoost
Pygb,0.008078591551706227,1822,XGBoost
Spa17,0.008077771614370297,1823,XGBoost
Asb4,0.008074162648531223,1824,XGBoost
Foxs1,0.008073524810875053,1825,XGBoost
Fzd2,0.008069106665119882,1826,XGBoost
Mylip,0.008066417349134623,1827,XGBoost
Bace2,0.008055598138957024,1828,XGBoost
Stk39,0.008047429216202339,1829,XGBoost
Mcee,0.008038154923155013,1830,XGBoost
Car12,0.008035313567427874,1831,XGBoost
Vcl,0.008025188005670114,1832,XGBoost
Fbln7,0.00802136213856616,1833,XGBoost
Tuba4a,0.008009634659100292,1834,XGBoost
Dnali1,0.008004532131364048,1835,XGBoost
Hepacam,0.008001417697698453,1836,XGBoost
Rapsn,0.008001244260077426,1837,XGBoost
Cox20,0.007996516491995688,1838,XGBoost
Clmn,0.007990204175933234,1839,XGBoost
Adamts2,0.00798657106816993,1840,XGBoost
Selp,0.007965638975501583,1841,XGBoost
Pcolce2,0.00795666226932355,1842,XGBoost
Ppp1r1a,0.007954638889094421,1843,XGBoost
Alx1,0.00795204052133404,1844,XGBoost
Ppp1r16b,0.007950209356210063,1845,XGBoost
Ccdc80,0.007949363924303052,1846,XGBoost
Lrp4,0.007947137408218386,1847,XGBoost
Foxc2,0.007945071336012058,1848,XGBoost
Cd28,0.007940308043452115,1849,XGBoost
Frzb,0.007936967765843518,1850,XGBoost
Plp1,0.007933680480647014,1851,XGBoost
Lhx2,0.007932868539644136,1852,XGBoost
Nos1,0.00793222965917492,1853,XGBoost
Stra6,0.007932178116419568,1854,XGBoost
Syt11,0.007930666522612628,1855,XGBoost
Tcf15,0.007925023026980497,1856,XGBoost
Bambi,0.007917368312233242,1857,XGBoost
Trpm3,0.00791287674578473,1858,XGBoost
Cd53,0.007910859554629604,1859,XGBoost
Mid1ip1,0.007910253733294192,1860,XGBoost
Pex5l,0.007898177401086032,1861,XGBoost
Rrad,0.007896259841935583,1862,XGBoost
Il4i1,0.00789404426814497,1863,XGBoost
C5ar2,0.007884915509768223,1864,XGBoost
Trim2,0.007881092398544906,1865,XGBoost
Cetn4,0.007870622642259965,1866,XGBoost
Cyp4f15,0.007869571219610268,1867,XGBoost
Nt5dc2,0.007869397575355555,1868,XGBoost
Sgip1,0.007865898427989704,1869,XGBoost
Gm10138,0.007865716194483128,1870,XGBoost
Cdh11,0.007865168726709603,1871,XGBoost
Cyp2j9,0.007864422412678769,1872,XGBoost
Cadm4,0.007859481835120674,1873,XGBoost
Sntn,0.007857162676569805,1874,XGBoost
Fam81a,0.007846897116948852,1875,XGBoost
Snai1,0.007844547021084291,1876,XGBoost
G6pdx,0.007827147849800311,1877,XGBoost
Fam46b,0.007825513419281022,1878,XGBoost
Tspan2,0.007825393438767208,1879,XGBoost
Tceal3,0.00782431337515568,1880,XGBoost
Enpp5,0.007823238407135957,1881,XGBoost
Nfasc,0.007816833759523273,1882,XGBoost
Fcor,0.007805164958500972,1883,XGBoost
Fam71a,0.007802315508707512,1884,XGBoost
Acaa2,0.007801872534216804,1885,XGBoost
Birc5,0.007798653316260759,1886,XGBoost
Tgfb1i1,0.007794550942804014,1887,XGBoost
Map2,0.007794460325838798,1888,XGBoost
Rnf7,0.007787162788138487,1889,XGBoost
Hrsp12,0.007785508720253342,1890,XGBoost
1700001L19Rik,0.007781976534060815,1891,XGBoost
1110004E09Rik,0.007772752242376923,1892,XGBoost
Alox12,0.007767330995044851,1893,XGBoost
Slc27a1,0.007761957772536631,1894,XGBoost
2900052N01Rik,0.0077611978215647425,1895,XGBoost
Ctnnd2,0.007754372991587399,1896,XGBoost
Igsf11,0.007752840167233852,1897,XGBoost
Asrgl1,0.0077502261790875875,1898,XGBoost
Slc2a4,0.007747574006467551,1899,XGBoost
Nxnl2,0.007745282513928961,1900,XGBoost
P2rx1,0.007738473274903895,1901,XGBoost
Hba-a2,0.007736275929861456,1902,XGBoost
Ptprf,0.007731890771020119,1903,XGBoost
Cemip,0.0077310352626803035,1904,XGBoost
Appl2,0.007729706294868345,1905,XGBoost
Kif21a,0.007724749013565636,1906,XGBoost
Smim1,0.007724603383730233,1907,XGBoost
Ehd3,0.007717506937946659,1908,XGBoost
Arhgef7,0.007716240324319994,1909,XGBoost
Sfxn1,0.007709849370587986,1910,XGBoost
Cap2,0.007691668937008005,1911,XGBoost
Rsph4a,0.007686389181189355,1912,XGBoost
Gpc6,0.007683556690834793,1913,XGBoost
Ada,0.007680360998321864,1914,XGBoost
3300002A11Rik,0.007655773012446788,1915,XGBoost
Smim22,0.007652606883898704,1916,XGBoost
Pcdh9,0.0076391421703893205,1917,XGBoost
Mboat2,0.007625235297378481,1918,XGBoost
Cdk15,0.007618652991523993,1919,XGBoost
Gm29538,0.007617504810121356,1920,XGBoost
Lrrc10b,0.007607912847200101,1921,XGBoost
Cfap100,0.007579248309646798,1922,XGBoost
Kif1a,0.007567284483108633,1923,XGBoost
Hes5,0.007557668330791587,1924,XGBoost
Ifng,0.007548062853052701,1925,XGBoost
Nrxn2,0.007546975841236049,1926,XGBoost
Klrc1,0.007534962715384294,1927,XGBoost
A930007I19Rik,0.007534699773578891,1928,XGBoost
Mobp,0.00752633877336557,1929,XGBoost
Synpr,0.007525735124914251,1930,XGBoost
Cfl2,0.007525626896682527,1931,XGBoost
Slc2a12,0.007514048143583834,1932,XGBoost
Cldn11,0.007495991917384443,1933,XGBoost
Acot1,0.0074919388352293614,1934,XGBoost
Mfap4,0.007489955430152803,1935,XGBoost
Pcsk2,0.007481484757208781,1936,XGBoost
Acad8,0.00747015236431552,1937,XGBoost
Tnfrsf23,0.00746957489116532,1938,XGBoost
Entpd2,0.007467137678883771,1939,XGBoost
Fam111a,0.007465975799611775,1940,XGBoost
Cfap206,0.0074527915209119285,1941,XGBoost
Nap1l5,0.007445729825276789,1942,XGBoost
Bex4,0.007440498935289703,1943,XGBoost
Srpk1,0.007437449996370559,1944,XGBoost
Hey2,0.007422626489829221,1945,XGBoost
Raet1d,0.007416771408339779,1946,XGBoost
Polr3h,0.00741657926257925,1947,XGBoost
Aspa,0.007415077563581995,1948,XGBoost
Itih2,0.007413548541573459,1949,XGBoost
Efcab1,0.007394607447616694,1950,XGBoost
Bok,0.007378202943788625,1951,XGBoost
Cacnb3,0.007376897055255924,1952,XGBoost
Lrrc23,0.007374762918008257,1953,XGBoost
Pigz,0.007371696888199521,1954,XGBoost
Lox,0.007368522809078888,1955,XGBoost
Wscd1,0.007360006818239689,1956,XGBoost
Itgad,0.007355094080759344,1957,XGBoost
Nrbp2,0.007350559730542146,1958,XGBoost
Pih1d2,0.007350245821320555,1959,XGBoost
Pdgfrl,0.00734608614022911,1960,XGBoost
Dbndd2,0.007343465434552238,1961,XGBoost
Creb5,0.007343138702878814,1962,XGBoost
Plppr4,0.007341361385848896,1963,XGBoost
Hist2h4,0.007336691390352275,1964,XGBoost
1700024G13Rik,0.007334642583293556,1965,XGBoost
Cnp,0.007332004125628448,1966,XGBoost
Zmynd15,0.007323176327423809,1967,XGBoost
Spef2,0.007322018023897317,1968,XGBoost
Pygm,0.007318917809287901,1969,XGBoost
Tmem255b,0.007314661771364134,1970,XGBoost
Ccpg1os,0.007314106026633224,1971,XGBoost
Dtl,0.00730762128846612,1972,XGBoost
Lix1,0.007304783840142917,1973,XGBoost
Ubash3b,0.007296833147751381,1974,XGBoost
Cd8b1,0.007291941569330445,1975,XGBoost
Arrdc2,0.007281057831844272,1976,XGBoost
Plekhh3,0.007273684223228524,1977,XGBoost
Dpcd,0.007267541670375139,1978,XGBoost
Cdh2,0.007265153482564877,1979,XGBoost
Efhd1,0.00725937591532954,1980,XGBoost
Tmod2,0.007244770302812831,1981,XGBoost
Kif1b,0.00723630165909396,1982,XGBoost
Ncan,0.007232018379392523,1983,XGBoost
Frmpd1os,0.007226264470751419,1984,XGBoost
Cbs,0.00722428187858415,1985,XGBoost
Cd55,0.007219422249521156,1986,XGBoost
Fam166b,0.00721816745546417,1987,XGBoost
Ms4a1,0.007209223731422978,1988,XGBoost
Pmm1,0.007207360658640446,1989,XGBoost
Prodh,0.007205751167621391,1990,XGBoost
Pxmp2,0.007199902106900541,1991,XGBoost
Ak7,0.0071987244462713386,1992,XGBoost
S1pr5,0.00719841169051282,1993,XGBoost
Pde10a,0.00719805767919177,1994,XGBoost
Kcnn2,0.007190021265338317,1995,XGBoost
Egr2,0.007185814126057516,1996,XGBoost
1700028P14Rik,0.007184374740525935,1997,XGBoost
Samd4,0.007180656002717116,1998,XGBoost
Spc25,0.0071805719412040125,1999,XGBoost
Idi1,0.00717976503126095,2000,XGBoost
Mapt,0.007173119695343179,2001,XGBoost
Hmgb3,0.007167138941172962,2002,XGBoost
Gm973,0.007148369503702216,2003,XGBoost
Prr18,0.007147237047031942,2004,XGBoost
Ccdc34,0.007146187961270639,2005,XGBoost
Ctsk,0.007140230083630815,2006,XGBoost
Ifit1bl1,0.007138014213310449,2007,XGBoost
Hist3h2ba,0.007135378073890383,2008,XGBoost
Trim59,0.007132829419321317,2009,XGBoost
Pcbp3,0.007129983236989082,2010,XGBoost
Bdh1,0.007120450911463015,2011,XGBoost
Spef1,0.007093366549557644,2012,XGBoost
Socs1,0.0070931954090063054,2013,XGBoost
Arrdc3,0.007071899289625206,2014,XGBoost
Sez6l2,0.007059302865910705,2015,XGBoost
Elavl3,0.007039784357837742,2016,XGBoost
Phlpp1,0.0070376794648908374,2017,XGBoost
Ccdc167,0.007032010709892688,2018,XGBoost
AI464131,0.007031708875334604,2019,XGBoost
Sept8,0.0070119033486694266,2020,XGBoost
Pdzph1,0.006997891547995489,2021,XGBoost
Sirt2,0.006995862703541237,2022,XGBoost
Ptchd4,0.006983697293800392,2023,XGBoost
Hcls1,0.006971236425526331,2024,XGBoost
Mnd1,0.006968382870246893,2025,XGBoost
Fam132a,0.006965063838594862,2026,XGBoost
Slc39a4,0.006955296901368783,2027,XGBoost
Epdr1,0.006950617004747642,2028,XGBoost
Brinp3,0.0069479634853705,2029,XGBoost
Dync2li1,0.006945759087267869,2030,XGBoost
E130114P18Rik,0.006945429547641746,2031,XGBoost
Ssu2,0.0069408773788865044,2032,XGBoost
Spata24,0.006938962375459682,2033,XGBoost
Il1rap,0.006917885057136163,2034,XGBoost
Fhad1,0.006908368836105653,2035,XGBoost
Snx15,0.0069027031923732845,2036,XGBoost
Dusp26,0.006901315385962549,2037,XGBoost
Cpm,0.006896531198870589,2038,XGBoost
Arrb2,0.0068953110733064775,2039,XGBoost
Sox8,0.006888881500010623,2040,XGBoost
4933434E20Rik,0.006885876167838871,2041,XGBoost
Pcyt2,0.00688522160049061,2042,XGBoost
Acsl6,0.006878968590951842,2043,XGBoost
Arxes2,0.006869674646900328,2044,XGBoost
Gpr37,0.0068651528867056805,2045,XGBoost
Pak1,0.006862365222055036,2046,XGBoost
Gm15440,0.006856669636806984,2047,XGBoost
Qdpr,0.006855508392359149,2048,XGBoost
Drc7,0.006839709029064379,2049,XGBoost
Crot,0.0068384390668506595,2050,XGBoost
Tbx1,0.0068378225131008425,2051,XGBoost
Gabrb1,0.0068278727511011765,2052,XGBoost
9330159F19Rik,0.00682314615280427,2053,XGBoost
Rasl11b,0.0068183184423387415,2054,XGBoost
Tmem229a,0.00681800242635496,2055,XGBoost
Il21r,0.0068157560456746005,2056,XGBoost
Siglec1,0.006806451382273998,2057,XGBoost
Cdo1,0.006800678928819434,2058,XGBoost
Ppp2r3a,0.006800472910465121,2059,XGBoost
Glrb,0.0067881747495277716,2060,XGBoost
Rlbp1,0.006779457327682581,2061,XGBoost
Pola2,0.006775067101190234,2062,XGBoost
Gpc5,0.006771450248335337,2063,XGBoost
Fnbp1,0.006764278780894517,2064,XGBoost
Acaca,0.006761764797907016,2065,XGBoost
Pip5k1b,0.006752235037303201,2066,XGBoost
Fibin,0.006751660788374354,2067,XGBoost
Pou3f3,0.006750244607657547,2068,XGBoost
Tmem63a,0.0067471331282831955,2069,XGBoost
Col12a1,0.006738017055501975,2070,XGBoost
Tppp,0.006737235618233278,2071,XGBoost
Kirrel2,0.006735455794393799,2072,XGBoost
Aifm3,0.006730471454723366,2073,XGBoost
Egln3,0.006728396691619251,2074,XGBoost
Lrp1b,0.00672540725293712,2075,XGBoost
Tcap,0.006723477133803117,2076,XGBoost
Aldh1l1,0.006722412680624908,2077,XGBoost
Ppp1r32,0.006697728897657847,2078,XGBoost
Deb1,0.006688441930273734,2079,XGBoost
Slc22a6,0.006685707356758845,2080,XGBoost
Bbox1,0.006682617251097766,2081,XGBoost
CR974586.5,0.006678209255238874,2082,XGBoost
Ppfibp2,0.006673996071681848,2083,XGBoost
Nrcam,0.00667026730000661,2084,XGBoost
Ngef,0.006664658730588072,2085,XGBoost
Olfml1,0.006660528457428658,2086,XGBoost
Tgm1,0.006659575499727594,2087,XGBoost
Mtch1,0.00665656432336327,2088,XGBoost
Kcnj10,0.0066559235977735,2089,XGBoost
Mmp2,0.006639372527732536,2090,XGBoost
Shisa4,0.0066349249722929835,2091,XGBoost
Ttyh3,0.006633509363869648,2092,XGBoost
Plcd4,0.006614326527473535,2093,XGBoost
A330048O09Rik,0.0066108221497071335,2094,XGBoost
Adgrg6,0.006602956388566758,2095,XGBoost
Plcl1,0.006596485752888678,2096,XGBoost
Cfap36,0.006582788490534494,2097,XGBoost
Hbb-bt,0.006578060599834977,2098,XGBoost
Foxg1,0.0065622143926139425,2099,XGBoost
Cyp26b1,0.00655590895335031,2100,XGBoost
Steap2,0.006555294092072534,2101,XGBoost
Fam177a,0.0065536289202712305,2102,XGBoost
Fut9,0.0065447698317066235,2103,XGBoost
Prkcz,0.00652074051732834,2104,XGBoost
Otx2,0.006512053988344516,2105,XGBoost
Trp53bp2,0.006507927156913185,2106,XGBoost
Mapk15,0.00649378752782388,2107,XGBoost
Igsf8,0.006491995501864567,2108,XGBoost
Dhrs9,0.006490890020513945,2109,XGBoost
Mras,0.006490013530289317,2110,XGBoost
Slc44a1,0.006488689962668038,2111,XGBoost
Ccdc146,0.006482328684871981,2112,XGBoost
Fbxo36,0.0064816971000309,2113,XGBoost
Enpp6,0.006477201382217099,2114,XGBoost
0610011F06Rik,0.006463169159819047,2115,XGBoost
Gnai1,0.006459862331949622,2116,XGBoost
Slc4a5,0.006458876710315473,2117,XGBoost
Itgb4,0.006453072818794479,2118,XGBoost
Cyp2j6,0.006452099058652923,2119,XGBoost
Ciita,0.0064516955230048256,2120,XGBoost
Arpc1a,0.006450191223245795,2121,XGBoost
Olfr78,0.006443855708458292,2122,XGBoost
Apbb1,0.00644202632584654,2123,XGBoost
Cebpa,0.006434026940102826,2124,XGBoost
Nkx6-2,0.006433533774248696,2125,XGBoost
Shisa8,0.006425037064674968,2126,XGBoost
Grhpr,0.006420424564564194,2127,XGBoost
Sfrp4,0.006407700020061948,2128,XGBoost
Abca4,0.006401858861725844,2129,XGBoost
Bex6,0.0063965001516301636,2130,XGBoost
Nmral1,0.006394937980861095,2131,XGBoost
Tbc1d9,0.0063920919086245505,2132,XGBoost
Abhd17b,0.006391161097581507,2133,XGBoost
Tmem158,0.006387081751391284,2134,XGBoost
Sfrp5,0.006386510338160182,2135,XGBoost
Cfap45,0.006379253729176125,2136,XGBoost
Unc13d,0.006377890381518416,2137,XGBoost
Tnni1,0.006375767334696061,2138,XGBoost
Fuom,0.006375578331575481,2139,XGBoost
Epha5,0.00637393968225247,2140,XGBoost
Fdft1,0.0063736564805885205,2141,XGBoost
Adrb1,0.006371864924784085,2142,XGBoost
Arhgef26,0.006361350846475132,2143,XGBoost
Tnfaip6,0.006357273555030897,2144,XGBoost
Nodal,0.006357003344862609,2145,XGBoost
Cd8a,0.006356925214051325,2146,XGBoost
Arhgef25,0.0063532771521579,2147,XGBoost
Cox7a1,0.00634498124785366,2148,XGBoost
Slitrk2,0.006331472602368732,2149,XGBoost
Plau,0.0063300051514904,2150,XGBoost
Cpxm1,0.006321170629262542,2151,XGBoost
9830107B12Rik,0.006317109903823622,2152,XGBoost
Btla,0.006305519595504505,2153,XGBoost
Ccdc190,0.006303289998405399,2154,XGBoost
Dennd5b,0.006302644899333674,2155,XGBoost
Bfsp2,0.0063013607137126235,2156,XGBoost
Prps2,0.006295426661168022,2157,XGBoost
Stbd1,0.0062941261163650675,2158,XGBoost
Nusap1,0.006287585802179566,2159,XGBoost
Rrm2b,0.006274790523864498,2160,XGBoost
Aatk,0.006267130296664931,2161,XGBoost
Wfdc18,0.0062540271303774915,2162,XGBoost
Spock3,0.006251681557266231,2163,XGBoost
Gzmk,0.006248754796624976,2164,XGBoost
Lgi3,0.006247664010888381,2165,XGBoost
Cfap77,0.006241829185191496,2166,XGBoost
Nuf2,0.006238601038468729,2167,XGBoost
Ptx3,0.006228937564839929,2168,XGBoost
Dlgap1,0.006216942674458531,2169,XGBoost
Htr2c,0.006212706196614317,2170,XGBoost
Cyp4f14,0.006205932967027718,2171,XGBoost
Cdhr3,0.0062042942377515085,2172,XGBoost
Kcne3,0.006203920844947621,2173,XGBoost
Klf15,0.006195293080250004,2174,XGBoost
Nudt17,0.006193373815926865,2175,XGBoost
Coch,0.006193131951815479,2176,XGBoost
Dpep1,0.006188034481105082,2177,XGBoost
Anks1b,0.0061871030148219625,2178,XGBoost
Ank3,0.006179409842340242,2179,XGBoost
Clic3,0.006178751330486113,2180,XGBoost
Ankub1,0.006172758853392456,2181,XGBoost
Ugt8a,0.006170760122755118,2182,XGBoost
Fstl3,0.006166544581777603,2183,XGBoost
1700040L02Rik,0.006165010207941866,2184,XGBoost
1500009C09Rik,0.006152380633027642,2185,XGBoost
Got1l1,0.006151817056643953,2186,XGBoost
Hmgn5,0.006148336789765172,2187,XGBoost
P3h3,0.006148043251579315,2188,XGBoost
Gm26525,0.006146240586710011,2189,XGBoost
Spag17,0.006145437449669603,2190,XGBoost
Tprn,0.006131569116092079,2191,XGBoost
Cd209g,0.006128539157026074,2192,XGBoost
Ins2,0.006123766888031282,2193,XGBoost
Nts,0.006116874461444872,2194,XGBoost
Col23a1,0.006105883077246124,2195,XGBoost
Dio2,0.0061021561610165274,2196,XGBoost
Lig1,0.006100741013040188,2197,XGBoost
Cbr3,0.00609925124977034,2198,XGBoost
Rhou,0.006091596495848311,2199,XGBoost
Fcmr,0.006087583221545454,2200,XGBoost
Htr1b,0.006085962200529731,2201,XGBoost
Metrn,0.006084548869822638,2202,XGBoost
Npas3,0.006075423255792433,2203,XGBoost
Flrt3,0.006067640325251169,2204,XGBoost
Exoc3l2,0.0060647803075246,2205,XGBoost
Fermt3,0.006062228679435961,2206,XGBoost
Ncald,0.006057379909748982,2207,XGBoost
Plekhb1,0.00604677802432076,2208,XGBoost
Ccdc33,0.006038634196311771,2209,XGBoost
Plek2,0.006030782400157841,2210,XGBoost
Ndp,0.006026605476368734,2211,XGBoost
Cldn2,0.006023753316484373,2212,XGBoost
Serpinb1b,0.006023285519169392,2213,XGBoost
Abca2,0.006016262213017497,2214,XGBoost
Cd247,0.006016191962939153,2215,XGBoost
Adgrv1,0.00600706290217164,2216,XGBoost
Tnfrsf11b,0.006005433242474148,2217,XGBoost
Ooep,0.006002307800496376,2218,XGBoost
Fhit,0.006002244610537041,2219,XGBoost
Ccnb2,0.005999893466785808,2220,XGBoost
Mag,0.005981701906456942,2221,XGBoost
C730034F03Rik,0.00597600582007583,2222,XGBoost
Slc14a2,0.005973285160798598,2223,XGBoost
Gabrg1,0.005968515820507335,2224,XGBoost
Chrdl1,0.005959533835725535,2225,XGBoost
Kcna1,0.005957920108461296,2226,XGBoost
Pou3f2,0.005954329644294991,2227,XGBoost
Gm12326,0.005935553325751465,2228,XGBoost
Dcaf17,0.005933437546050615,2229,XGBoost
Zmynd10,0.005931047884070244,2230,XGBoost
Pcdh10,0.005919367301086752,2231,XGBoost
Sv2a,0.005919283817355926,2232,XGBoost
Spc24,0.00591568241598666,2233,XGBoost
Matn4,0.005915181233251671,2234,XGBoost
Csdc2,0.005906530214724137,2235,XGBoost
Olig1,0.005898698728422289,2236,XGBoost
Adcyap1r1,0.005898297043312496,2237,XGBoost
Jph4,0.005878857093335337,2238,XGBoost
Tmem40,0.005878359979692382,2239,XGBoost
Stat4,0.00585866710859796,2240,XGBoost
Svip,0.005855022988951063,2241,XGBoost
Kcnj16,0.005852093258543078,2242,XGBoost
Cntn1,0.005824142933010166,2243,XGBoost
Crym,0.005822975240277577,2244,XGBoost
Rpl3l,0.005822962972132271,2245,XGBoost
Vldlr,0.005821515569594287,2246,XGBoost
Pomc,0.005820165717479539,2247,XGBoost
Thbs3,0.005810899536257853,2248,XGBoost
Krt8,0.005805614747371204,2249,XGBoost
Clip3,0.005804337487216631,2250,XGBoost
Ephb1,0.00580196008115086,2251,XGBoost
Desi1,0.005799922697343417,2252,XGBoost
Pthlh,0.005791783476989125,2253,XGBoost
Tusc5,0.0057791654852347996,2254,XGBoost
Scara5,0.005773049211211715,2255,XGBoost
Cadm2,0.005770063874456192,2256,XGBoost
Wdr66,0.005767924655620095,2257,XGBoost
Ubxn11,0.005766616612532953,2258,XGBoost
Flnc,0.005764715167245541,2259,XGBoost
Bpgm,0.005762065719275421,2260,XGBoost
Slc29a4,0.005746536363219596,2261,XGBoost
Slc4a2,0.005745780944257618,2262,XGBoost
Sh3gl3,0.005743070548484636,2263,XGBoost
Tubb4a,0.005736666906039767,2264,XGBoost
Celf4,0.005731515820669599,2265,XGBoost
Fads2,0.005730309874842349,2266,XGBoost
Pcdh11x,0.005730260845766855,2267,XGBoost
Stxbp3,0.00572638659670388,2268,XGBoost
Ninj2,0.005726385763323184,2269,XGBoost
Cntnap2,0.005720132270947777,2270,XGBoost
Foxp2,0.005715468497953038,2271,XGBoost
6820408C15Rik,0.005711596647085052,2272,XGBoost
Morn2,0.00570645690512263,2273,XGBoost
Iqcg,0.005705871372072976,2274,XGBoost
Ppp1r3c,0.0057050071031235295,2275,XGBoost
St6galnac5,0.005697164756848057,2276,XGBoost
Ppp2r2b,0.005683828164729171,2277,XGBoost
Dcaf12l1,0.005673531398090275,2278,XGBoost
Map6d1,0.00567307204866465,2279,XGBoost
Fcrla,0.005668157167589863,2280,XGBoost
Fn3k,0.005665487803726568,2281,XGBoost
Magi2,0.005659999897979158,2282,XGBoost
Gm5,0.005657819407663836,2283,XGBoost
Tfpi2,0.005657290640758268,2284,XGBoost
Pla2g3,0.005652558812029657,2285,XGBoost
Lrrc74b,0.005649693797939251,2286,XGBoost
Alx3,0.0056435124612631326,2287,XGBoost
Klhl2,0.00563554868797929,2288,XGBoost
Ak8,0.005632595752280889,2289,XGBoost
Stmn3,0.005629974410812418,2290,XGBoost
Hcn2,0.005626637619081083,2291,XGBoost
Gm15417,0.005620221491122584,2292,XGBoost
Cdc37l1,0.005618925808530909,2293,XGBoost
Efna5,0.005609884140085959,2294,XGBoost
Tspan11,0.005605264917755112,2295,XGBoost
Tmem72,0.0055986216097719385,2296,XGBoost
Fasl,0.0055897107931145345,2297,XGBoost
Chpt1,0.005589640941203929,2298,XGBoost
Srcin1,0.005579381173977738,2299,XGBoost
Gdf10,0.005577866763385478,2300,XGBoost
Penk,0.005571739592000966,2301,XGBoost
Cdca3,0.0055697749026958265,2302,XGBoost
Sytl2,0.005568100329977856,2303,XGBoost
Slc9b2,0.005559918445286508,2304,XGBoost
Sccpdh,0.005558706730837052,2305,XGBoost
Tcf21,0.005557353751955101,2306,XGBoost
Crb3,0.00554789091955122,2307,XGBoost
Gm10561,0.005543972811503851,2308,XGBoost
Ccdc108,0.00554020873898919,2309,XGBoost
Gldc,0.005530253718335982,2310,XGBoost
Epn3,0.005526573360790327,2311,XGBoost
Paqr8,0.005522892109731786,2312,XGBoost
Map7,0.005521538803436496,2313,XGBoost
Tnc,0.00551206444256113,2314,XGBoost
Bcas1,0.005500989233372225,2315,XGBoost
Fbxo44,0.005500704015357404,2316,XGBoost
Lrrc46,0.005492564885844449,2317,XGBoost
Cdkn3,0.0054924442931978,2318,XGBoost
Clybl,0.005482702158036118,2319,XGBoost
Rgma,0.0054755739697001996,2320,XGBoost
Hspa4l,0.0054733674881809755,2321,XGBoost
Slc26a7,0.0054693550715031,2322,XGBoost
Edil3,0.005459203747896754,2323,XGBoost
Slain1,0.005458710422611741,2324,XGBoost
Vpreb3,0.005457250280338322,2325,XGBoost
Elovl6,0.005453995945537433,2326,XGBoost
Cd300e,0.005446025924584607,2327,XGBoost
Gucy2g,0.005444363648777561,2328,XGBoost
Trpc4,0.0054362182024024226,2329,XGBoost
Dab1,0.005435448181696087,2330,XGBoost
Ablim2,0.005435417696228631,2331,XGBoost
Arc,0.005429435245633073,2332,XGBoost
Asgr1,0.005423166956870503,2333,XGBoost
Serpina3f,0.005423057844271347,2334,XGBoost
Tiam2,0.005422039890235677,2335,XGBoost
Slc7a3,0.005407420846504049,2336,XGBoost
Hmgcs1,0.005397545953108192,2337,XGBoost
Npy,0.0053944923322545605,2338,XGBoost
Sult1c2,0.005394448876520092,2339,XGBoost
Dnah6,0.005385169240534126,2340,XGBoost
Tk1,0.0053807632552949295,2341,XGBoost
Bex1,0.00538049007560072,2342,XGBoost
Atp9a,0.005377591022001472,2343,XGBoost
Mzb1,0.005371598394059472,2344,XGBoost
Tmem151a,0.005361555322190994,2345,XGBoost
Spata33,0.005359068149990452,2346,XGBoost
Col5a2,0.005356994379792107,2347,XGBoost
Josd2,0.005347850267556669,2348,XGBoost
Dnah9,0.005347425522834081,2349,XGBoost
Vit,0.005341110707268331,2350,XGBoost
Tmem163,0.005337206089868393,2351,XGBoost
Hepacam2,0.005336838012326181,2352,XGBoost
Arhgef40,0.005323770089064199,2353,XGBoost
B9d1,0.00531102558233816,2354,XGBoost
Smpd3,0.005307738736558562,2355,XGBoost
Ffar2,0.005301676301659908,2356,XGBoost
Gja5,0.005301298829125051,2357,XGBoost
Rilp,0.005295403345559928,2358,XGBoost
Osr1,0.005291108210481929,2359,XGBoost
Phldb1,0.0052908966574562125,2360,XGBoost
Sfrp1,0.005284754296191457,2361,XGBoost
Nim1k,0.005282976227293061,2362,XGBoost
Gjc2,0.005265258002403941,2363,XGBoost
Ccp110,0.005263396742045716,2364,XGBoost
Ephx2,0.0052629024283030275,2365,XGBoost
Kctd13,0.0052516425105183,2366,XGBoost
Gpt,0.0052493645622038706,2367,XGBoost
Thumpd3,0.005246178007948886,2368,XGBoost
Plekhf1,0.005235867278131492,2369,XGBoost
Tmem27,0.005232195127962797,2370,XGBoost
Chchd6,0.005224287527671675,2371,XGBoost
Gjb1,0.005221409863196533,2372,XGBoost
Dner,0.005220023334790466,2373,XGBoost
Strip2,0.005208333086843346,2374,XGBoost
Ube2c,0.005201797039083978,2375,XGBoost
Kazn,0.005179467743510557,2376,XGBoost
Mpzl2,0.005168253005379779,2377,XGBoost
Mfap3l,0.005168081011363384,2378,XGBoost
Cmah,0.005152522774989664,2379,XGBoost
Gjc3,0.0051524651295455776,2380,XGBoost
Cth,0.005152333913910426,2381,XGBoost
Klrb1a,0.005147161566430705,2382,XGBoost
Abca8a,0.005146269900601153,2383,XGBoost
Rsph10b,0.005141519672350154,2384,XGBoost
Adamts5,0.0051280958519505275,2385,XGBoost
Prr29,0.005104326674088571,2386,XGBoost
Hhip,0.005101190332606673,2387,XGBoost
Fezf2,0.0051007550707596406,2388,XGBoost
Cytl1,0.00509416394480941,2389,XGBoost
Six1,0.005084274561580654,2390,XGBoost
Cpox,0.0050805694788639295,2391,XGBoost
Lrrn1,0.005071961609038739,2392,XGBoost
Rnf182,0.0050717408775635565,2393,XGBoost
Hydin,0.005069552663984811,2394,XGBoost
Pgam2,0.005062257199014147,2395,XGBoost
Snca,0.0050588754291040665,2396,XGBoost
Poc1a,0.005052514689838749,2397,XGBoost
Cep162,0.005050276080558569,2398,XGBoost
Drc1,0.005041223673768028,2399,XGBoost
Crabp2,0.0050385880895511366,2400,XGBoost
Cpxm2,0.005037005842947319,2401,XGBoost
Chek2,0.005033137594290454,2402,XGBoost
Spock1,0.0050212692258044716,2403,XGBoost
Gm17455,0.005017843993575494,2404,XGBoost
Bcat1,0.005007611172369284,2405,XGBoost
Lamb3,0.005007080912359393,2406,XGBoost
Fgfr2,0.004993874027877154,2407,XGBoost
Rtkn,0.004987650269072707,2408,XGBoost
Fam20a,0.004974936784598175,2409,XGBoost
Wdr78,0.004971904562883423,2410,XGBoost
Stmn4,0.004968291315200476,2411,XGBoost
Il2ra,0.004966229475631655,2412,XGBoost
Myrf,0.004965729493118727,2413,XGBoost
Ccdc121,0.004958988328375382,2414,XGBoost
Cxadr,0.0049549390762356526,2415,XGBoost
RP23-4H17.3,0.0049505336618819624,2416,XGBoost
Msi1,0.004945103450830832,2417,XGBoost
Pdcd1,0.004944260260941357,2418,XGBoost
Ranbp3l,0.004942488734447424,2419,XGBoost
Prc1,0.004939600456951103,2420,XGBoost
Ccdc184,0.004938629158204504,2421,XGBoost
Gm26772,0.004935015738810022,2422,XGBoost
Mog,0.004933939991388482,2423,XGBoost
Gap43,0.004929119525085038,2424,XGBoost
Wfikkn2,0.004924311006546382,2425,XGBoost
Ermn,0.004919111682465376,2426,XGBoost
Srpx2,0.004914835377080333,2427,XGBoost
Tmem38a,0.004912040798264062,2428,XGBoost
Aox3,0.004907615120402762,2429,XGBoost
Tekt4,0.004904041419965907,2430,XGBoost
Nrtn,0.004877828737493457,2431,XGBoost
Ccnb1,0.00487359428204222,2432,XGBoost
Nrg1,0.004873110044522257,2433,XGBoost
Maats1,0.004871899380814089,2434,XGBoost
Epb41l3,0.004865002702621056,2435,XGBoost
Ppargc1a,0.004859417224344784,2436,XGBoost
Tmem88b,0.004857265847160863,2437,XGBoost
Mapk4,0.004847508490211966,2438,XGBoost
Emx2,0.00484608544647143,2439,XGBoost
Lgi4,0.0048454706914858175,2440,XGBoost
Nrxn3,0.004828604437385118,2441,XGBoost
Saxo2,0.00482792054956235,2442,XGBoost
Cd160,0.004818758315997693,2443,XGBoost
Myo16,0.004811249584289879,2444,XGBoost
Kcna2,0.0047950602975794,2445,XGBoost
Fzd9,0.004790308625696664,2446,XGBoost
Moxd1,0.0047875555437693965,2447,XGBoost
Sox10,0.004774594600676062,2448,XGBoost
Gfod2,0.004760375215895742,2449,XGBoost
3830403N18Rik,0.004758553937826553,2450,XGBoost
Nat8,0.004756217473389995,2451,XGBoost
Hbb-y,0.004746754808385294,2452,XGBoost
Nr2e1,0.004743371595305691,2453,XGBoost
Dnajb2,0.004732624032806218,2454,XGBoost
Mapk8ip1,0.004725895257285708,2455,XGBoost
Ces2e,0.004719961368095782,2456,XGBoost
Agl,0.004719842126832137,2457,XGBoost
FRMPD2,0.00471472804547105,2458,XGBoost
Dnah5,0.004699857422433155,2459,XGBoost
AI854517,0.004699032724140876,2460,XGBoost
Faim2,0.004698052965049153,2461,XGBoost
Dnajb13,0.004685581663107481,2462,XGBoost
Elmod1,0.004680634200003474,2463,XGBoost
Bnc2,0.004671806451128566,2464,XGBoost
Olig2,0.004670665942901988,2465,XGBoost
Mki67,0.004670161722860997,2466,XGBoost
Tyro3,0.004651380402761333,2467,XGBoost
Tnxb,0.0046505633536128325,2468,XGBoost
Dusp15,0.004648127972277036,2469,XGBoost
Klri2,0.0046466413936559975,2470,XGBoost
Pcbp4,0.004633129437065117,2471,XGBoost
Gm29508,0.0046242286723853325,2472,XGBoost
Ap2a1,0.004621277870134017,2473,XGBoost
Tc2n,0.004615201509138745,2474,XGBoost
Aurka,0.004611723099542281,2475,XGBoost
Dydc2,0.004607956574288046,2476,XGBoost
Daw1,0.0046068455143962374,2477,XGBoost
Bcl11b,0.004604877744033717,2478,XGBoost
Lgr4,0.004604526264890009,2479,XGBoost
Fank1,0.004599941390723827,2480,XGBoost
Wdr63,0.004562141428192347,2481,XGBoost
Polr3e,0.004561812290089447,2482,XGBoost
Gm13470,0.004557309562443225,2483,XGBoost
Six3,0.004555970151312162,2484,XGBoost
Thbs2,0.00454947305780233,2485,XGBoost
Btbd16,0.004523194991671431,2486,XGBoost
Pde4c,0.004519913343870707,2487,XGBoost
Noa1,0.004504363614770908,2488,XGBoost
Aplnr,0.004486199085069317,2489,XGBoost
Gm29666,0.004480177551119998,2490,XGBoost
Gm44257,0.004480093035445566,2491,XGBoost
Zp3,0.004473508396909722,2492,XGBoost
Aurkb,0.004467060642326568,2493,XGBoost
Abi3bp,0.00445988755020989,2494,XGBoost
Nnmt,0.004454367960068434,2495,XGBoost
Efnb3,0.004434411248777411,2496,XGBoost
Gm19585,0.0044265315717452736,2497,XGBoost
Ccna2,0.004418655491177422,2498,XGBoost
Gm16006,0.0044151030333239895,2499,XGBoost
Tspan8,0.004414534427496565,2500,XGBoost
Smco3,0.004410722258935347,2501,XGBoost
Saa1,0.004390395487794144,2502,XGBoost
Prg4,0.004378459437596337,2503,XGBoost
Gm13075,0.004367852162109151,2504,XGBoost
Adamtsl3,0.0043626203842916204,2505,XGBoost
Rax,0.004361175972283066,2506,XGBoost
Pbk,0.004342640510963175,2507,XGBoost
Lpar3,0.004342103038038211,2508,XGBoost
D630024D03Rik,0.004325269961886984,2509,XGBoost
Tnfrsf13c,0.004325131868593043,2510,XGBoost
Cd209d,0.0043195606603067555,2511,XGBoost
Acot5,0.004315354521505477,2512,XGBoost
Prox1,0.004313322583361538,2513,XGBoost
Armc4,0.004308325382842514,2514,XGBoost
Cenpf,0.004299656185622399,2515,XGBoost
Kndc1,0.004293592177130441,2516,XGBoost
Prrx2,0.004288957456459936,2517,XGBoost
Hotairm1,0.0042792447281674644,2518,XGBoost
Mfap5,0.004247582843949564,2519,XGBoost
Smoc2,0.004239150644472888,2520,XGBoost
Iqub,0.004235703373667428,2521,XGBoost
Npr3,0.004224180333856167,2522,XGBoost
Gm20186,0.004208511331523281,2523,XGBoost
Stfa1,0.0041978065072419005,2524,XGBoost
Klrb1f,0.004195761146325616,2525,XGBoost
Bhmt,0.004192955635097074,2526,XGBoost
Lrrc36,0.0041922937196434825,2527,XGBoost
Pik3c2b,0.00418639763738734,2528,XGBoost
Otx2os1,0.0041773853061351715,2529,XGBoost
Gm26867,0.004176134761071948,2530,XGBoost
Rbp4,0.004166973543899157,2531,XGBoost
Larp6,0.004154945437462073,2532,XGBoost
Crtac1,0.004149069127529448,2533,XGBoost
Pla2g2d,0.004148028176769342,2534,XGBoost
Ptpdc1,0.004145491263225767,2535,XGBoost
Map1a,0.004141079136031579,2536,XGBoost
Stoml3,0.004132050911186912,2537,XGBoost
Msc,0.004097460757888388,2538,XGBoost
Pak7,0.004094306103241572,2539,XGBoost
Colec11,0.004092524709914292,2540,XGBoost
Rnf138rt1,0.004085128040401413,2541,XGBoost
Tespa1,0.004076578605928798,2542,XGBoost
Gzmm,0.004071807064836688,2543,XGBoost
Fxyd2,0.004065851470722447,2544,XGBoost
Gm5547,0.004055175211307348,2545,XGBoost
Stmnd1,0.004054465378525302,2546,XGBoost
Igfbpl1,0.004048555987692812,2547,XGBoost
Gng8,0.004044075082131182,2548,XGBoost
Morn3,0.004041822614772903,2549,XGBoost
Ado,0.004029753187917246,2550,XGBoost
Samd3,0.004022934454393746,2551,XGBoost
Medag,0.004015565324421214,2552,XGBoost
Fa2h,0.004006167407967622,2553,XGBoost
Plk4,0.003995736385516189,2554,XGBoost
Alas2,0.003991279214124628,2555,XGBoost
Zfp536,0.003981553112380131,2556,XGBoost
Cdc20,0.003976546804044961,2557,XGBoost
Ckap2l,0.003972057729475008,2558,XGBoost
Cd226,0.003959395363127251,2559,XGBoost
Nrn1,0.003957145890687795,2560,XGBoost
Ypel2,0.00395269960970379,2561,XGBoost
Plet1,0.003950973141343001,2562,XGBoost
Rpl39l,0.003934495770169561,2563,XGBoost
Plppr3,0.003926905754100303,2564,XGBoost
Uox,0.0038900483139234316,2565,XGBoost
A230009B12Rik,0.0038851532958265223,2566,XGBoost
Ccdc40,0.0038791682761890947,2567,XGBoost
Nlrc3,0.0038767814256696446,2568,XGBoost
Tmem171,0.0038702238278942817,2569,XGBoost
Pak3,0.003868896836231482,2570,XGBoost
Cd109,0.0038640236082158287,2571,XGBoost
Elovl2,0.0038610122249381606,2572,XGBoost
Ptgdr,0.003851701593442654,2573,XGBoost
Cyp4b1,0.003848133477736358,2574,XGBoost
Orm1,0.0038252531028448262,2575,XGBoost
Nipa1,0.003823964887474498,2576,XGBoost
Spib,0.003822159194179955,2577,XGBoost
Dkk2,0.003819644157271151,2578,XGBoost
Gm14051,0.0038146400832924188,2579,XGBoost
Vnn3,0.0038070142581283295,2580,XGBoost
Gm20383,0.003803512890876127,2581,XGBoost
Lrrc4b,0.0037844870453458126,2582,XGBoost
Frmd8,0.003779426620293833,2583,XGBoost
Lama1,0.0037760638829590007,2584,XGBoost
Gabbr2,0.0037665029994656722,2585,XGBoost
Gfpt2,0.0037591982438527306,2586,XGBoost
Eomes,0.003750557574775334,2587,XGBoost
Gpr62,0.0037492172898039226,2588,XGBoost
Ptprn,0.003745271575003457,2589,XGBoost
Ppp2r2c,0.0037403435484448656,2590,XGBoost
Sept3,0.0037136210812990155,2591,XGBoost
Tsku,0.0037028924763201736,2592,XGBoost
Platr17,0.0037027794108808283,2593,XGBoost
Pou3f1,0.0037027713729127364,2594,XGBoost
Tulp3,0.0036928343764627567,2595,XGBoost
Sult5a1,0.0036908997947832215,2596,XGBoost
Paip2b,0.0036854729143461053,2597,XGBoost
Fam216b,0.0036777698645759924,2598,XGBoost
Dnah14,0.003676281396528391,2599,XGBoost
Ctxn3,0.003664773258689768,2600,XGBoost
Saa2,0.0036638987762654474,2601,XGBoost
Nol3,0.003663169708296378,2602,XGBoost
Rad54l,0.0036613617359136296,2603,XGBoost
Upb1,0.00364616416089963,2604,XGBoost
Tmem125,0.0036338937881725784,2605,XGBoost
Gata3,0.0036278546917254996,2606,XGBoost
Rab33a,0.003627852005440463,2607,XGBoost
Gal3st1,0.0036180264391122833,2608,XGBoost
Slc24a2,0.0036127596540383063,2609,XGBoost
Plpp4,0.003610684137173048,2610,XGBoost
Slc35g1,0.003602656411889987,2611,XGBoost
Cldn3,0.003597915422492338,2612,XGBoost
Shcbp1,0.0035975595134131095,2613,XGBoost
Rbp2,0.00359541621411965,2614,XGBoost
D7Ertd443e,0.0035897575863385834,2615,XGBoost
Lyzl4,0.0035895657009051537,2616,XGBoost
Tmem80,0.0035829322200910045,2617,XGBoost
Cyp2j12,0.003572595720315862,2618,XGBoost
Wnt3,0.003569566797900677,2619,XGBoost
Mb,0.0035498260152951673,2620,XGBoost
Car9,0.003531609883467905,2621,XGBoost
Nkain2,0.0035066424904930758,2622,XGBoost
Fam92b,0.003505536845688745,2623,XGBoost
Erich3,0.003497447677657732,2624,XGBoost
BC021614,0.0034947941038271824,2625,XGBoost
Prox1os,0.003493937917513704,2626,XGBoost
Cd209b,0.003487566859150926,2627,XGBoost
Scd3,0.0034636028750964637,2628,XGBoost
Ccdc81,0.003458026775566473,2629,XGBoost
Myb,0.0034464734797706033,2630,XGBoost
Pls1,0.0034312588247738243,2631,XGBoost
Fmr1nb,0.0034135837012831743,2632,XGBoost
Dscaml1,0.0034040836036695033,2633,XGBoost
Aldh1a3,0.003393297759536426,2634,XGBoost
Ccdc78,0.003388536664568059,2635,XGBoost
Cd19,0.0033782686157017338,2636,XGBoost
Tctex1d1,0.0033700214488274357,2637,XGBoost
Cd209c,0.0033693896245886785,2638,XGBoost
Kcnk5,0.003355188472186527,2639,XGBoost
Fam19a1,0.0033503292215618227,2640,XGBoost
Cfap53,0.003349192910871534,2641,XGBoost
Plekhh1,0.003337545847760435,2642,XGBoost
Grap2,0.0033246896552836416,2643,XGBoost
Plk1,0.0033176141137977143,2644,XGBoost
Arhgdig,0.0033141988746997167,2645,XGBoost
Icos,0.003307713934677538,2646,XGBoost
Mis18bp1,0.003304284413253677,2647,XGBoost
Fcnb,0.003291482320740906,2648,XGBoost
Ryr2,0.003260777517936464,2649,XGBoost
Ano4,0.0032365429971232033,2650,XGBoost
Itk,0.0032354282859493465,2651,XGBoost
RP23-291B1.2,0.003233752401019919,2652,XGBoost
Marc1,0.003229687082827155,2653,XGBoost
Clspn,0.0032287331028898205,2654,XGBoost
Ffar4,0.003223766986555741,2655,XGBoost
Adamts20,0.0032169240831712523,2656,XGBoost
Pvalb,0.003215225620024057,2657,XGBoost
Dlec1,0.003208587082523212,2658,XGBoost
Scn7a,0.003206124593126228,2659,XGBoost
Stc2,0.0032006276426664406,2660,XGBoost
Sag,0.003185940969235266,2661,XGBoost
Wnt6,0.0031750317391370905,2662,XGBoost
Fam83d,0.0031621231527929096,2663,XGBoost
Hpca,0.003160154392873826,2664,XGBoost
Cntn2,0.003153342897021346,2665,XGBoost
Col25a1,0.0031514143192190474,2666,XGBoost
BC094916,0.003145570794727858,2667,XGBoost
2010005H15Rik,0.0031362496641167375,2668,XGBoost
Cfap157,0.0031344242654773665,2669,XGBoost
Calb1,0.00312576193074431,2670,XGBoost
Glra1,0.003120222524363597,2671,XGBoost
Hmmr,0.0031186953081607975,2672,XGBoost
Nell2,0.0031048480952884814,2673,XGBoost
Gm43536,0.0030972122633443973,2674,XGBoost
Neil3,0.003086436954046977,2675,XGBoost
Olr1,0.0030861785544339057,2676,XGBoost
Cd6,0.0030853891695984295,2677,XGBoost
Sfrp2,0.003085077695056239,2678,XGBoost
Retn,0.0030834120220312594,2679,XGBoost
Nfe2l3,0.0030658110291019555,2680,XGBoost
1700019G24Rik,0.0030516443705414574,2681,XGBoost
Dthd1,0.0030480144677710965,2682,XGBoost
Terf2ip,0.0030224593211204153,2683,XGBoost
Bbof1,0.0030210119177039017,2684,XGBoost
Pcgf2,0.0030201200323955813,2685,XGBoost
Cd96,0.0030191041937943884,2686,XGBoost
Defb9,0.0030134708218340317,2687,XGBoost
Als2,0.0030072942519883137,2688,XGBoost
Vwa5b1,0.0030058534890161377,2689,XGBoost
Dcstamp,0.002993511782477449,2690,XGBoost
Dlx1,0.002972864843808625,2691,XGBoost
Gata6,0.002972428047506834,2692,XGBoost
Tjp3,0.0029664679844584704,2693,XGBoost
Dlx2,0.0029652491609287036,2694,XGBoost
Cfap46,0.0029561471632442815,2695,XGBoost
Syt4,0.002951225169752228,2696,XGBoost
Lrrc71,0.002949119332935346,2697,XGBoost
Chac1,0.002947104242209557,2698,XGBoost
Calb2,0.002909785897519285,2699,XGBoost
Uckl1os,0.002897597125997029,2700,XGBoost
Gabrr2,0.0028971043070270745,2701,XGBoost
A330069E16Rik,0.0028927883920305516,2702,XGBoost
Actn2,0.0028785339158698994,2703,XGBoost
Zfp474,0.002877668572044395,2704,XGBoost
Syt10,0.0028572938109515814,2705,XGBoost
Gm12144,0.002856122962411471,2706,XGBoost
Rsph14,0.0028249047994621896,2707,XGBoost
Blk,0.0028047080719540963,2708,XGBoost
Casc5,0.002801928689292079,2709,XGBoost
Rprm,0.002799871446120605,2710,XGBoost
Nog,0.0027969438849203805,2711,XGBoost
Tmem59l,0.0027968690137219034,2712,XGBoost
Tnr,0.0027668409300540243,2713,XGBoost
Gm13536,0.0027651424034837377,2714,XGBoost
Cidea,0.0027590680658093353,2715,XGBoost
Pon1,0.0027543549110747886,2716,XGBoost
Zfp365,0.002753475166843063,2717,XGBoost
Fam64a,0.0027218770598781655,2718,XGBoost
Dlx6os1,0.002717809906120036,2719,XGBoost
Tbx21,0.0027115728453754756,2720,XGBoost
Btnl9,0.002711319962888978,2721,XGBoost
Slc6a12,0.0027029151969906948,2722,XGBoost
St18,0.0027012854158496072,2723,XGBoost
Piezo2,0.0026967821289146207,2724,XGBoost
Cdca2,0.002689369741993016,2725,XGBoost
Tfap2a,0.0026852363391833924,2726,XGBoost
Rufy4,0.0026743015086538027,2727,XGBoost
Fanci,0.002671420221147972,2728,XGBoost
Dnah7a,0.002645906805212484,2729,XGBoost
Ucma,0.002644106246743754,2730,XGBoost
Ptgfr,0.0026301580580287667,2731,XGBoost
Dcx,0.0026233262871685186,2732,XGBoost
Ttc29,0.002622312485729167,2733,XGBoost
Gm11681,0.002615817456788412,2734,XGBoost
Kif11,0.0026156359413057376,2735,XGBoost
Grin2b,0.0026093816492052495,2736,XGBoost
Rasal1,0.0026060133414071425,2737,XGBoost
B230312C02Rik,0.002599702737204383,2738,XGBoost
Sp9,0.002595971154901364,2739,XGBoost
Cited1,0.0025767066895739073,2740,XGBoost
Lyz1,0.0025678739876105238,2741,XGBoost
Esco2,0.0025483805129762347,2742,XGBoost
Tmem232,0.002542418457455973,2743,XGBoost
Bhlhe22,0.002539815741104141,2744,XGBoost
Ak9,0.0025243414340999828,2745,XGBoost
Cldn14,0.002511132122416128,2746,XGBoost
Lrrn4cl,0.0025095978876306735,2747,XGBoost
Pparg,0.002495639688808155,2748,XGBoost
Col11a1,0.0024797570821843604,2749,XGBoost
Wisp2,0.002469883818487939,2750,XGBoost
Akap14,0.00246753895032477,2751,XGBoost
Irx5,0.002462407370294901,2752,XGBoost
Bdnf,0.0024617798354545873,2753,XGBoost
Il13ra2,0.0024345220721288616,2754,XGBoost
Ccr9,0.002426297789211473,2755,XGBoost
Nppc,0.0024250767873807335,2756,XGBoost
Barx2,0.0024203139133056914,2757,XGBoost
Gm10827,0.0024151906175432745,2758,XGBoost
Dlx5,0.002414798331844138,2759,XGBoost
Gm20661,0.002410620640444348,2760,XGBoost
Nkx2-1,0.0023829157684421808,2761,XGBoost
Myl1,0.0023811464829495196,2762,XGBoost
Thbs4,0.0023731712985502478,2763,XGBoost
Prf1,0.0023518455013025515,2764,XGBoost
Retnla,0.0023461190529127053,2765,XGBoost
Col9a2,0.002335658101423675,2766,XGBoost
Lhfpl4,0.0023280343969065503,2767,XGBoost
Casq1,0.0023112568637719978,2768,XGBoost
Crmp1,0.002293916563266113,2769,XGBoost
Kcnb2,0.002285339094583904,2770,XGBoost
Ackr4,0.002272820402412465,2771,XGBoost
Sap30bpos,0.0022555300610806067,2772,XGBoost
Pbld2,0.002249652446405412,2773,XGBoost
Shank1,0.002235176226749124,2774,XGBoost
Serpind1,0.002223745972551059,2775,XGBoost
Gm21149,0.002222225321694859,2776,XGBoost
Gm3550,0.002215829421766541,2777,XGBoost
Itgbl1,0.002212070979967403,2778,XGBoost
Fbxl13,0.0021973489901029406,2779,XGBoost
Rmi2,0.0021893031574838195,2780,XGBoost
AI593442,0.002183028274019342,2781,XGBoost
Hist1h1b,0.0021760839168318323,2782,XGBoost
Clca3a1,0.0021543397346242394,2783,XGBoost
A930017K11Rik,0.0021423927924532292,2784,XGBoost
Ms4a4d,0.002118515420489331,2785,XGBoost
Tcte1,0.0021007572085300664,2786,XGBoost
Arpp21,0.002093867848150595,2787,XGBoost
Gm15689,0.002092153326641692,2788,XGBoost
Ctla4,0.0020833727744156197,2789,XGBoost
Apobec2,0.0020782592505777494,2790,XGBoost
Ubash3a,0.0020693798615087355,2791,XGBoost
Sult1c1,0.0020527926115288674,2792,XGBoost
Zcchc12,0.0020435117208875667,2793,XGBoost
Dlk1,0.002039911949810356,2794,XGBoost
Dnajc5b,0.0020286041336073715,2795,XGBoost
Cdh4,0.002013255347019085,2796,XGBoost
Pde1c,0.0020114033110695236,2797,XGBoost
Gm44109,0.0020078978436088913,2798,XGBoost
Wdr93,0.0020045761172039094,2799,XGBoost
a,0.002002724618284502,2800,XGBoost
Prss56,0.002002708294858624,2801,XGBoost
4732414G09Rik,0.0019931916923144983,2802,XGBoost
Rit2,0.0019931236048095456,2803,XGBoost
Sp8,0.001985149293573139,2804,XGBoost
St8sia2,0.001981494025823082,2805,XGBoost
Tnfrsf4,0.0019748047217191807,2806,XGBoost
Fndc7,0.001970004801834359,2807,XGBoost
Sez6,0.0019345162841266233,2808,XGBoost
Pcdhb7,0.0019310435959198158,2809,XGBoost
Svep1,0.001924123781180429,2810,XGBoost
Cst6,0.0019188862988860193,2811,XGBoost
Vnn1,0.0019096289952711051,2812,XGBoost
Ttc16,0.0019009817624902937,2813,XGBoost
Gm26909,0.0018813502534705418,2814,XGBoost
Clec18a,0.0018780734079818825,2815,XGBoost
Peak1os,0.0018757270307239349,2816,XGBoost
Ascl1,0.0018757261496561521,2817,XGBoost
Mettl24,0.0018749162166765692,2818,XGBoost
Krtap28-13,0.001870736203981453,2819,XGBoost
2810442N19Rik,0.0018559258599936635,2820,XGBoost
Gad1,0.001855033170516072,2821,XGBoost
Ska1,0.0018251297648455538,2822,XGBoost
Lrrtm3,0.0018228842647501438,2823,XGBoost
A930003A15Rik,0.0018207705786024554,2824,XGBoost
Gm16160,0.0018098964161149219,2825,XGBoost
Epcam,0.0018066461987330592,2826,XGBoost
Ovgp1,0.0017989427090827524,2827,XGBoost
Adam12,0.001775289844426214,2828,XGBoost
Svopl,0.0017587089824235066,2829,XGBoost
Prph,0.00174896391035835,2830,XGBoost
Vsig4,0.001733262297546994,2831,XGBoost
Ebf2,0.0017300398492428688,2832,XGBoost
Gm13391,0.0017262556543761849,2833,XGBoost
Btc,0.0017258802232148819,2834,XGBoost
Fam129c,0.0017230341909735478,2835,XGBoost
Ces1d,0.0017143296391510783,2836,XGBoost
Lect1,0.00170934367010065,2837,XGBoost
RP24-492L15.6,0.0017071240063524847,2838,XGBoost
Gm1604a,0.0016690258659839586,2839,XGBoost
Scgb1c1,0.0016191085114494108,2840,XGBoost
Dqx1,0.001616277599493513,2841,XGBoost
Srpx,0.0016148063060804681,2842,XGBoost
Bricd5,0.00161455773605741,2843,XGBoost
Angptl1,0.0016141002800756405,2844,XGBoost
Opcml,0.0016111516215545525,2845,XGBoost
Miat,0.001591585272667212,2846,XGBoost
Tex26,0.0015912527115886825,2847,XGBoost
Hsf2bp,0.0015884266617384342,2848,XGBoost
Ska3,0.0015786464039956657,2849,XGBoost
Barhl2,0.0015711648981514134,2850,XGBoost
Col6a3,0.0015694368370540595,2851,XGBoost
Tnfsf18,0.0015676162470145557,2852,XGBoost
BC018473,0.0015656924132956553,2853,XGBoost
Hrk,0.0015591830700239144,2854,XGBoost
Ces2g,0.0015516919150331697,2855,XGBoost
Aard,0.001543824657107147,2856,XGBoost
Rhcg,0.0015355335530380606,2857,XGBoost
Mmp13,0.001532486088199138,2858,XGBoost
Dct,0.0015297569450457914,2859,XGBoost
Nefh,0.001518664100987944,2860,XGBoost
Krt15,0.0015167388888103993,2861,XGBoost
1700086L19Rik,0.0015161059642149523,2862,XGBoost
Nrsn1,0.0015057422153480697,2863,XGBoost
Nol4,0.0014856811629123774,2864,XGBoost
Xlr4c,0.0014852604276589805,2865,XGBoost
Sorcs3,0.0014842443880429116,2866,XGBoost
Cxcl9,0.001480612340316936,2867,XGBoost
1700063D05Rik,0.0014528487915531124,2868,XGBoost
Cd300c,0.0014507997986771917,2869,XGBoost
Ly6k,0.0014441444578819733,2870,XGBoost
Ntng1,0.0014337701451345264,2871,XGBoost
Krt23,0.0014260214646769226,2872,XGBoost
Clec9a,0.001412945198462895,2873,XGBoost
Elane,0.0014004711392538321,2874,XGBoost
3632451O06Rik,0.0013372821001769305,2875,XGBoost
Defb25,0.0013252285084006654,2876,XGBoost
Il12a,0.0013219084925266144,2877,XGBoost
Brinp2,0.0013177514795943983,2878,XGBoost
1200007C13Rik,0.0013156934296898962,2879,XGBoost
Xcr1,0.001314013378507183,2880,XGBoost
Rasgrf1,0.0013062723086863276,2881,XGBoost
Nup62cl,0.0013027814167956382,2882,XGBoost
Sspo,0.0012993225470722676,2883,XGBoost
Efcab11,0.0012973599502777956,2884,XGBoost
Gm17322,0.0012969046854806852,2885,XGBoost
Fhod3,0.001284471801147557,2886,XGBoost
Dsp,0.0012837568590142413,2887,XGBoost
Pcdhb9,0.0012750885402849294,2888,XGBoost
Rtp1,0.001266644148122277,2889,XGBoost
Calca,0.0012654646853742235,2890,XGBoost
Aoc2,0.0012634834558531535,2891,XGBoost
Sct,0.001248802014019785,2892,XGBoost
Smim6,0.001242797414888753,2893,XGBoost
Ccdc63,0.001226420955575714,2894,XGBoost
Pde6h,0.0012202687096757082,2895,XGBoost
Cck,0.0012025985524189917,2896,XGBoost
Prss50,0.0012018814380768328,2897,XGBoost
Brinp1,0.0011906890378186453,2898,XGBoost
Krt19,0.00118551296966211,2899,XGBoost
Pappa2,0.001155588916364235,2900,XGBoost
Nhlrc4,0.0011546706753824282,2901,XGBoost
Msmp,0.0011519912893071308,2902,XGBoost
Defb42,0.0011503457734187042,2903,XGBoost
Tcerg1l,0.0011460541034848885,2904,XGBoost
Sv2c,0.0011399605305754414,2905,XGBoost
Grik3,0.0011383634446126422,2906,XGBoost
Pcdh8,0.0011216928851110373,2907,XGBoost
Apoc4,0.0011168247754614331,2908,XGBoost
Urah,0.0011040318363401964,2909,XGBoost
Iqch,0.0011024152812030182,2910,XGBoost
Mirg,0.001093948277017426,2911,XGBoost
Cyp2e1,0.0010910616422341148,2912,XGBoost
Cpne5,0.001082732606762367,2913,XGBoost
Rab15,0.0010631296411873045,2914,XGBoost
Cda,0.0010600393978337306,2915,XGBoost
Gm26747,0.0010496671015476384,2916,XGBoost
Ehf,0.0010477446966546474,2917,XGBoost
Gm15867,0.0010473153403354467,2918,XGBoost
Gm16168,0.0010406512927929662,2919,XGBoost
Diras2,0.001032723657694682,2920,XGBoost
Hist2h2bb,0.0010240606954031025,2921,XGBoost
Fzd10,0.0010229756020817462,2922,XGBoost
Akr1c12,0.0010095087372699175,2923,XGBoost
Car3,0.0010018847195960138,2924,XGBoost
Chgb,0.0009868602547749646,2925,XGBoost
Sult2b1,0.0009805254440586751,2926,XGBoost
Ms4a3,0.0009756350184548434,2927,XGBoost
Npb,0.0009627552407654722,2928,XGBoost
Cyp2f2,0.0009588989898340888,2929,XGBoost
Slc7a13,0.0009456924612355212,2930,XGBoost
Igfn1,0.0009255314735720679,2931,XGBoost
Fabp12,0.0009240922231817016,2932,XGBoost
Sema3e,0.0009157165740341955,2933,XGBoost
Kif4,0.0008960017666676469,2934,XGBoost
Tnnt3,0.0008895650477080884,2935,XGBoost
Rnf112,0.0008788960084161311,2936,XGBoost
4933413G19Rik,0.0008720567018589515,2937,XGBoost
D130051D11Rik,0.0008681828759160335,2938,XGBoost
Gm16239,0.0008655407246536785,2939,XGBoost
Gm26737,0.0008580552190066172,2940,XGBoost
Gm29157,0.0008386055643714986,2941,XGBoost
C1ql1,0.0008276431078504275,2942,XGBoost
Slc25a31,0.0008239296240012964,2943,XGBoost
Pou4f1,0.0008211310739817781,2944,XGBoost
Pole,0.0008173253933945508,2945,XGBoost
Dapl1,0.0008162997863201849,2946,XGBoost
Pcdh15,0.0008109507621515508,2947,XGBoost
Mmp3,0.0008013145427304175,2948,XGBoost
Gm8817,0.0007992107456889634,2949,XGBoost
Clstn2,0.0007868484406533243,2950,XGBoost
Foxb1,0.0007865907685198687,2951,XGBoost
Fxyd3,0.0007821695576044822,2952,XGBoost
8030474K03Rik,0.0007647201559284634,2953,XGBoost
Aldh1a7,0.0007628167360182981,2954,XGBoost
4930444M15Rik,0.0007605445166090934,2955,XGBoost
Ptcra,0.0007590126702775012,2956,XGBoost
Efcab6,0.0007585524244405296,2957,XGBoost
1810063I02Rik,0.0007551016764516803,2958,XGBoost
Pkd2l1,0.0007421405856444612,2959,XGBoost
Klhl40,0.0007264002992837347,2960,XGBoost
Scg2,0.0007222600655155153,2961,XGBoost
Rpe65,0.0007053377760786184,2962,XGBoost
Mpped1,0.000698224443322313,2963,XGBoost
Kcnc1,0.0006975756808688621,2964,XGBoost
Lypd2,0.0006852062462918244,2965,XGBoost
Syt1,0.0006708574284509965,2966,XGBoost
Dmrtb1,0.0006676667025521959,2967,XGBoost
4632428C04Rik,0.0006550310836213142,2968,XGBoost
Rhox5,0.0006082672679485272,2969,XGBoost
9530059O14Rik,0.0006029688749685403,2970,XGBoost
Nxph3,0.0005949832863779709,2971,XGBoost
Onecut2,0.000588574487041453,2972,XGBoost
Atp6ap1l,0.0005828493121263162,2973,XGBoost
Madcam1,0.0005799188941856807,2974,XGBoost
Reln,0.0005767079941308504,2975,XGBoost
Ablim3,0.0005766131694154306,2976,XGBoost
Pcdhb5,0.0005705178684741917,2977,XGBoost
Gm15879,0.0005522843203264145,2978,XGBoost
A230065H16Rik,0.0005409678268981435,2979,XGBoost
Tspan1,0.0005375639188913155,2980,XGBoost
D930048G16Rik,0.0005254854530841927,2981,XGBoost
Recql4,0.0005252511588729325,2982,XGBoost
Defb10,0.0005237090592868168,2983,XGBoost
Tmprss5,0.0005223461021834816,2984,XGBoost
Pcdhb10,0.0005194996097278945,2985,XGBoost
Kcna7,0.0005079431514116343,2986,XGBoost
Ankrd65,0.0005052071305519788,2987,XGBoost
3300005D01Rik,0.0004991508735433459,2988,XGBoost
Nox4,0.00048811822182670214,2989,XGBoost
Cyp11a1,0.0004796302620820785,2990,XGBoost
Grm8,0.0004770202361238772,2991,XGBoost
Mroh2a,0.0004344043398354795,2992,XGBoost
Gm28322,0.0004287018889183859,2993,XGBoost
Gm15688,0.000423300028522829,2994,XGBoost
Arf4os,0.00042293139706758376,2995,XGBoost
Npm2,0.00041687446129382055,2996,XGBoost
Gm13713,0.00040934068679315697,2997,XGBoost
Cldn7,0.00040436238208567393,2998,XGBoost
Fam83a,0.00035158164159421537,2999,XGBoost
1700124L16Rik,0.00026409114413955954,3000,XGBoost
