gene,importance,rank,method
Spp1,0.06082996743559511,1,Random Forest
Ccl4,0.04979713768458552,2,Random Forest
Ifitm6,0.048337818179735974,3,Random Forest
Hp,0.04822457648530089,4,Random Forest
Lpl,0.04716475315270845,5,Random Forest
Wfdc21,0.04684258379737584,6,Random Forest
Lilrb4a,0.045429986644095435,7,Random Forest
Cd72,0.045029517388215486,8,Random Forest
Msr1,0.04428630131078917,9,Random Forest
S100a9,0.0437021476767236,10,Random Forest
Lilr4b,0.043115085263646304,11,Random Forest
S100a8,0.04280964836479388,12,Random Forest
Hdc,0.04252578470443336,13,Random Forest
Mcemp1,0.042310616887327374,14,Random Forest
Slpi,0.042088161326912024,15,Random Forest
Retnlg,0.04192937518973756,16,Random Forest
Cdkn1a,0.04168956737220072,17,Random Forest
Adam8,0.04162808697101645,18,Random Forest
Lsp1,0.04145125903921035,19,Random Forest
Dab2,0.041012445579106764,20,Random Forest
P2ry12,0.04066811957926937,21,Random Forest
S100a6,0.040617301118452534,22,Random Forest
Fth1,0.040586151788734266,23,Random Forest
Ms4a6d,0.04041831716901872,24,Random Forest
Tubb6,0.040357897631918924,25,Random Forest
Clec4e,0.04035016699656663,26,Random Forest
Plac8,0.04033873406029157,27,Random Forest
Il1b,0.04010147358734531,28,Random Forest
Sirpb1c,0.040061358614085524,29,Random Forest
Ccl3,0.03966937492360243,30,Random Forest
Napsa,0.03965759491310116,31,Random Forest
Il1r2,0.03951958535245612,32,Random Forest
Ccl12,0.03946301236273307,33,Random Forest
Tnf,0.038917208535390845,34,Random Forest
C5ar1,0.03889001507397921,35,Random Forest
Ccl2,0.03854245306440662,36,Random Forest
Slfn1,0.038160141802395624,37,Random Forest
Anxa1,0.03794901196980009,38,Random Forest
Lgals3,0.03787954699631163,39,Random Forest
Cd63,0.03777738115572301,40,Random Forest
Mmp8,0.037718028484739645,41,Random Forest
Ccl7,0.03706118260188897,42,Random Forest
Selplg,0.036914836723379425,43,Random Forest
Siglech,0.036785161004022085,44,Random Forest
Ccr2,0.03658524491824608,45,Random Forest
Gda,0.036413011551393135,46,Random Forest
Ms4a4c,0.03626827629877217,47,Random Forest
Plin2,0.03610712932547147,48,Random Forest
G0s2,0.03602781206548067,49,Random Forest
Sirpb1b,0.035994841434056186,50,Random Forest
Sell,0.035890446817271146,51,Random Forest
Plbd1,0.0358792602664101,52,Random Forest
Ly6c2,0.0358530301277962,53,Random Forest
Wfdc17,0.03578562307165803,54,Random Forest
Ms4a6c,0.03553560237414265,55,Random Forest
Id2,0.03546694086175718,56,Random Forest
S100a4,0.03539236044478536,57,Random Forest
Cd24a,0.035323628609388466,58,Random Forest
Capg,0.03532022239446248,59,Random Forest
Cxcr2,0.035264893794553935,60,Random Forest
Ftl1,0.034864926241873276,61,Random Forest
Mt1,0.03464423104989516,62,Random Forest
Cd14,0.03450409676726719,63,Random Forest
Gpr84,0.034496681551207366,64,Random Forest
Lgals1,0.03449305383975842,65,Random Forest
Mmp9,0.03427177661105325,66,Random Forest
Ccl9,0.03406631193796617,67,Random Forest
Trem3,0.03405651268346128,68,Random Forest
Sdc4,0.03403058192558205,69,Random Forest
Fpr2,0.033956309775927514,70,Random Forest
Ctla2a,0.033941444488924964,71,Random Forest
Gpr34,0.033847097625943755,72,Random Forest
Cyp4f18,0.03384485507269777,73,Random Forest
Plaur,0.033817942628954,74,Random Forest
Ctsb,0.033447403486043574,75,Random Forest
C3ar1,0.03344345306160648,76,Random Forest
Il1rn,0.03341885491553946,77,Random Forest
Ch25h,0.03323443964074129,78,Random Forest
Chil3,0.03315905709597552,79,Random Forest
Hspa5,0.03298106477310417,80,Random Forest
Cstb,0.0328898918459152,81,Random Forest
Prdx1,0.03288437843374649,82,Random Forest
Mt2,0.03278403503763704,83,Random Forest
B930036N10Rik,0.032780148829708367,84,Random Forest
Cxcl16,0.032778909254418585,85,Random Forest
Pf4,0.03258808721683822,86,Random Forest
F13a1,0.032553644771166526,87,Random Forest
H2-Eb1,0.03244806935835269,88,Random Forest
Ctsl,0.03240147412310396,89,Random Forest
Tmem119,0.03237783172041525,90,Random Forest
Clec4d,0.03233480799671651,91,Random Forest
Socs3,0.03230751610218623,92,Random Forest
Msrb1,0.03208677377641669,93,Random Forest
Lst1,0.03204655180349833,94,Random Forest
Pld4,0.031912243801066956,95,Random Forest
Ms4a7,0.03186748510572671,96,Random Forest
Tgfbi,0.031741319293267366,97,Random Forest
Adamts1,0.03162327711191098,98,Random Forest
Hmox1,0.03160964985466835,99,Random Forest
H2-Aa,0.031558410428476714,100,Random Forest
Crybb1,0.03152924478870582,101,Random Forest
Phlda1,0.03148470645696603,102,Random Forest
Slc2a5,0.03139013271203185,103,Random Forest
Gmfg,0.03136792730406059,104,Random Forest
Rab7b,0.031245435614134516,105,Random Forest
Trem1,0.03095745327225719,106,Random Forest
Gm9733,0.03076905656269513,107,Random Forest
Emp1,0.030639904488728338,108,Random Forest
Mrc1,0.030587273183982945,109,Random Forest
Cd74,0.030545227699757704,110,Random Forest
Clec4n,0.030544346328244286,111,Random Forest
Tmem252,0.030438218748109355,112,Random Forest
Gadd45b,0.030267467252311206,113,Random Forest
Cytip,0.030210202770536966,114,Random Forest
Mnda,0.03016047693430298,115,Random Forest
Emp3,0.03003585372363211,116,Random Forest
Gadd45g,0.0300238258740521,117,Random Forest
Arg1,0.029936237983980027,118,Random Forest
Mmp12,0.029897680014167396,119,Random Forest
F10,0.029815661711261994,120,Random Forest
Klra2,0.02980370914741653,121,Random Forest
S100a11,0.029483067627380538,122,Random Forest
Ltb4r1,0.02935056157975976,123,Random Forest
Tmem106a,0.029293832781661068,124,Random Forest
Lyve1,0.02927719403776644,125,Random Forest
Gapdh,0.029268961835424125,126,Random Forest
Itgb7,0.029247595511521392,127,Random Forest
H2-Ab1,0.029230394927375985,128,Random Forest
Ctsc,0.02905664509088473,129,Random Forest
Sepp1,0.029029286764608364,130,Random Forest
Rnf128,0.02889721133058601,131,Random Forest
Mxd1,0.02887994749473941,132,Random Forest
Lpcat2,0.02885534584264265,133,Random Forest
Gm5150,0.028801520334434564,134,Random Forest
Cfp,0.028645492541324,135,Random Forest
Ier3,0.028550794981284395,136,Random Forest
Cd52,0.028531917010912136,137,Random Forest
Pygl,0.02852851501050917,138,Random Forest
Ifitm1,0.028387370760523306,139,Random Forest
Rcan1,0.028350696616178186,140,Random Forest
Ifi27l2a,0.028194005805362066,141,Random Forest
Dbp,0.028133971695694832,142,Random Forest
Glrx,0.02801095698491793,143,Random Forest
Tgm2,0.02793175550517008,144,Random Forest
Rac2,0.02790176143300722,145,Random Forest
Ltc4s,0.02786989386090514,146,Random Forest
Alox5ap,0.027824772427700085,147,Random Forest
Nfkbia,0.02780530493587135,148,Random Forest
Cd9,0.027799271025900452,149,Random Forest
Btg2,0.027712019379290857,150,Random Forest
Plat,0.027707643280167733,151,Random Forest
Clec12a,0.027707517581842728,152,Random Forest
Srgn,0.02768093284689778,153,Random Forest
Hcar2,0.027593943518587356,154,Random Forest
Pirb,0.027517907342612682,155,Random Forest
Emilin2,0.02748053187657624,156,Random Forest
Plek,0.027473194228743534,157,Random Forest
Tnfaip2,0.027441593680102714,158,Random Forest
Lyz2,0.02732568544502795,159,Random Forest
Cd36,0.027322718631771294,160,Random Forest
Slfn4,0.02727408627437119,161,Random Forest
Cndp2,0.02714751606014606,162,Random Forest
Il1f9,0.02708679765218662,163,Random Forest
Tlr2,0.026995087288836955,164,Random Forest
Crip1,0.026926423535008622,165,Random Forest
Sirpb1a,0.02692169156373062,166,Random Forest
P2ry13,0.026900628070584624,167,Random Forest
Rnase6,0.026830967591278544,168,Random Forest
Cxcl2,0.026808231493387107,169,Random Forest
Dok2,0.026803943010809468,170,Random Forest
Cd44,0.026748585838399605,171,Random Forest
Hpgd,0.02669804744952916,172,Random Forest
Csf1,0.026683190064259413,173,Random Forest
Folr2,0.02667619059859503,174,Random Forest
Il4ra,0.026529774697888427,175,Random Forest
Igf1,0.026444501111019963,176,Random Forest
AA467197,0.026379831023192503,177,Random Forest
Itga5,0.026378945196389943,178,Random Forest
Chil1,0.026330217746337304,179,Random Forest
Ltb,0.026197787917823203,180,Random Forest
Ms4a8a,0.026138040148452984,181,Random Forest
Mif,0.026136973086865103,182,Random Forest
AI607873,0.02608583287408306,183,Random Forest
Mndal,0.0259440418023837,184,Random Forest
Gsr,0.025937587251661915,185,Random Forest
Lrg1,0.025931390916871546,186,Random Forest
Susd3,0.025851473851641764,187,Random Forest
Tgfbr1,0.025806120381285304,188,Random Forest
Fkbp1a,0.025781122514666504,189,Random Forest
Vsir,0.025728455668046418,190,Random Forest
Tuba1c,0.02565123900128123,191,Random Forest
H2-Q10,0.025595821568840445,192,Random Forest
Emb,0.0255955335208471,193,Random Forest
Marcksl1,0.025479560289782197,194,Random Forest
Fpr1,0.025454447312359754,195,Random Forest
Atf3,0.025454278843757606,196,Random Forest
Olfml3,0.025449957761861583,197,Random Forest
Fgr,0.025416872273191296,198,Random Forest
Pyhin1,0.02540958299265075,199,Random Forest
Ly6i,0.025344745622517165,200,Random Forest
Rdh12,0.025340451695904286,201,Random Forest
Arg2,0.0253328423909642,202,Random Forest
Cx3cr1,0.02529307240076989,203,Random Forest
Mgst1,0.025113544979757936,204,Random Forest
Thbs1,0.025113385038141856,205,Random Forest
H2-DMa,0.02511124739210238,206,Random Forest
Osm,0.025056279488853715,207,Random Forest
Clec10a,0.02500259886946044,208,Random Forest
mt-Nd1,0.024985463038361393,209,Random Forest
Gpx3,0.02498448323547694,210,Random Forest
Cd163,0.024967545596030306,211,Random Forest
Slc7a11,0.024863938990745623,212,Random Forest
Bcl2a1b,0.024853466616322446,213,Random Forest
Glul,0.024824376637640973,214,Random Forest
Clec4a1,0.024788079876402788,215,Random Forest
Lcn2,0.02474800591680764,216,Random Forest
Fxyd5,0.02471927542342197,217,Random Forest
Ms4a6b,0.024695317822784845,218,Random Forest
Cybb,0.024689303071143018,219,Random Forest
Gpr141,0.02465351303058182,220,Random Forest
Sgk1,0.02462905797633906,221,Random Forest
S100a10,0.024624277097731663,222,Random Forest
Fcrls,0.02459246971218365,223,Random Forest
Egr1,0.024560592604082204,224,Random Forest
Cst3,0.02449203290257972,225,Random Forest
Ptgs1,0.024422177016817533,226,Random Forest
Bcl2a1d,0.024401591846936337,227,Random Forest
Fcgr4,0.024318124634242884,228,Random Forest
Adamts9,0.024155584330099476,229,Random Forest
Itm2a,0.024143667400648758,230,Random Forest
Ecscr,0.024122519314126668,231,Random Forest
Aprt,0.024109605848648238,232,Random Forest
Ackr1,0.024100071832023257,233,Random Forest
Dpep2,0.024003428002554606,234,Random Forest
Rnase4,0.02399223185930715,235,Random Forest
Pld3,0.02394206901709804,236,Random Forest
Sdf2l1,0.023927776842950214,237,Random Forest
Ifi204,0.023871461375348582,238,Random Forest
Cd177,0.02384678929392419,239,Random Forest
Litaf,0.023818754025176848,240,Random Forest
Clec4a2,0.023775905868315378,241,Random Forest
Tnfrsf12a,0.023734269845887185,242,Random Forest
C1qb,0.02362877269847058,243,Random Forest
Pira2,0.02362230432672153,244,Random Forest
Fam20c,0.02359400685076134,245,Random Forest
Amica1,0.02359249457721705,246,Random Forest
Npl,0.02358860233637792,247,Random Forest
Pim1,0.02350885421092203,248,Random Forest
Pilra,0.02343992064755264,249,Random Forest
Arhgap15,0.02343134522515817,250,Random Forest
Cd300lf,0.023423499806155795,251,Random Forest
Ifit3,0.02339112318037692,252,Random Forest
Cxcl12,0.023388553805224404,253,Random Forest
Esd,0.023375120522475843,254,Random Forest
Ldhb,0.023308426105793013,255,Random Forest
Marcks,0.023184314879248318,256,Random Forest
Ms4a4b,0.02318265913141325,257,Random Forest
Tmsb10,0.023172454420371313,258,Random Forest
Ifi205,0.02314657523323329,259,Random Forest
Ear2,0.023133893850936584,260,Random Forest
C1qa,0.023130929453724698,261,Random Forest
Mrgpra2b,0.023072952646692554,262,Random Forest
Gm4955,0.023068893672354436,263,Random Forest
Irf7,0.02296111191607589,264,Random Forest
Timp1,0.022938876595723048,265,Random Forest
Ecm1,0.02286101874649919,266,Random Forest
Frmd4a,0.02283506540357786,267,Random Forest
Slc15a3,0.0227192856456473,268,Random Forest
Clec4a3,0.02269970383348489,269,Random Forest
Ifitm2,0.02269859478993659,270,Random Forest
Apoe,0.022651579881872764,271,Random Forest
Cbr2,0.022634043581651248,272,Random Forest
Gm2a,0.022620134842585203,273,Random Forest
Kcnj8,0.02261700728333525,274,Random Forest
Ly6g,0.022556684170275097,275,Random Forest
Igfbp7,0.02247752255568372,276,Random Forest
Isg15,0.022468426515943295,277,Random Forest
Neat1,0.022373615054187373,278,Random Forest
Maf,0.0223649585312538,279,Random Forest
Lmnb1,0.02235768360371155,280,Random Forest
Tsc22d1,0.02235505084284105,281,Random Forest
Ppfia4,0.0223274876530246,282,Random Forest
Csf3r,0.022269230940366477,283,Random Forest
Cxcl10,0.02219740408005572,284,Random Forest
Ifi203,0.022187792292474313,285,Random Forest
Hist2h2aa1,0.022149432293753865,286,Random Forest
Pydc4,0.022131799813214836,287,Random Forest
Irg1,0.022125641630226296,288,Random Forest
Cycs,0.022121283199937426,289,Random Forest
Samhd1,0.022108391511644905,290,Random Forest
Fscn1,0.022057792836027084,291,Random Forest
H2-DMb2,0.022050487589129104,292,Random Forest
Pmp22,0.02203356385882606,293,Random Forest
Cd38,0.022011821965044396,294,Random Forest
Pilrb2,0.02200926081496044,295,Random Forest
Ctsd,0.021982057760670033,296,Random Forest
Glipr2,0.021968557944313537,297,Random Forest
Coro1a,0.02194184955240841,298,Random Forest
Rgs18,0.02191909598028312,299,Random Forest
Ifitm3,0.02191497356556497,300,Random Forest
Ednrb,0.021912403858113664,301,Random Forest
Lgmn,0.021878764478196144,302,Random Forest
Ccr1,0.02187691681730475,303,Random Forest
Cd33,0.021872260901590536,304,Random Forest
Pla2g7,0.02186801983519142,305,Random Forest
Abi3,0.021854927930542518,306,Random Forest
C1qc,0.021817893381529098,307,Random Forest
AW112010,0.021781500210343432,308,Random Forest
Klrd1,0.0217224965694461,309,Random Forest
Stk17b,0.021704380703384422,310,Random Forest
Ehd4,0.02169317608191643,311,Random Forest
Ccl24,0.021691349378079205,312,Random Forest
Gla,0.021673353392954977,313,Random Forest
Vcam1,0.02166096356023151,314,Random Forest
Gusb,0.021608926641323224,315,Random Forest
Cd68,0.021604491253013218,316,Random Forest
Ngp,0.02156116187557756,317,Random Forest
Gpr65,0.02152828994323696,318,Random Forest
Cfh,0.02152507885449474,319,Random Forest
Glipr1,0.021456123284889356,320,Random Forest
Ifi47,0.021346275497635226,321,Random Forest
Myc,0.021319490555094554,322,Random Forest
Ptpn18,0.02130935907041121,323,Random Forest
Ccl6,0.021301665992160324,324,Random Forest
Hmha1,0.021280710203455084,325,Random Forest
Cp,0.021269467792601842,326,Random Forest
Smpdl3a,0.02125553393322738,327,Random Forest
Hcst,0.021253781932576366,328,Random Forest
Slc6a20a,0.02122935507410523,329,Random Forest
Trim30b,0.02122747204720217,330,Random Forest
Cdk2ap2,0.02119333881580917,331,Random Forest
Rgs2,0.02117762872858585,332,Random Forest
Ctsz,0.0211682660509729,333,Random Forest
Gpr171,0.02116315757915117,334,Random Forest
Klrk1,0.02114209050728102,335,Random Forest
Fam105a,0.021117984954442275,336,Random Forest
AB124611,0.021100339408977462,337,Random Forest
Psmb8,0.020969472764827652,338,Random Forest
Plxdc2,0.020906599817589213,339,Random Forest
Cd209a,0.020853391655991167,340,Random Forest
Pi16,0.020847909505087723,341,Random Forest
Prdx5,0.020812867347412892,342,Random Forest
Gpr35,0.02081148725347065,343,Random Forest
Itgal,0.020801450431571937,344,Random Forest
Arhgdib,0.020795406571664544,345,Random Forest
Bst1,0.02077108156510047,346,Random Forest
Col27a1,0.020761457401069047,347,Random Forest
Mgl2,0.020723263534919132,348,Random Forest
Hist1h2ap,0.020721472464906982,349,Random Forest
Tmx4,0.020707541191761453,350,Random Forest
Junb,0.020706056075955003,351,Random Forest
Rgs10,0.020703793963741314,352,Random Forest
Angpt2,0.02067192470309001,353,Random Forest
Zfhx3,0.020641873841096923,354,Random Forest
Fcgr2b,0.020491431434297092,355,Random Forest
Saa3,0.02047920653770533,356,Random Forest
Vtn,0.02046023285645816,357,Random Forest
Nfkbiz,0.020414076193529987,358,Random Forest
Actb,0.020355919975381734,359,Random Forest
Gng10,0.02035187363001513,360,Random Forest
1600010M07Rik,0.020342250843333944,361,Random Forest
mt-Co1,0.020336875509576687,362,Random Forest
Ramp1,0.02033317720616693,363,Random Forest
Ifngr1,0.020300482580249267,364,Random Forest
Serpina3n,0.02027374996129134,365,Random Forest
Fam167b,0.020239602603679248,366,Random Forest
Atp5g1,0.02023593438480189,367,Random Forest
Colec12,0.02022570071558009,368,Random Forest
Scgb3a1,0.02022264238117183,369,Random Forest
Syngr1,0.02021930691128074,370,Random Forest
Fgd2,0.020190781571301674,371,Random Forest
AI662270,0.020178436679946645,372,Random Forest
Ifit1,0.020178165911494086,373,Random Forest
Dusp2,0.020151714952543625,374,Random Forest
Cited2,0.020151002862258457,375,Random Forest
Thrsp,0.02015008764656467,376,Random Forest
Igfbp3,0.02013846078997348,377,Random Forest
Gm17056,0.02009590256000643,378,Random Forest
Serpinh1,0.02009233899332811,379,Random Forest
Ptprcap,0.020076042066997583,380,Random Forest
Plk2,0.020063395826453893,381,Random Forest
Gm5483,0.02003464754823654,382,Random Forest
Angptl4,0.020020717426718602,383,Random Forest
Hilpda,0.020017440192648187,384,Random Forest
Sod2,0.019993087076404115,385,Random Forest
Anxa2,0.019978030502081558,386,Random Forest
Fn1,0.019942778429010447,387,Random Forest
Aif1,0.019939519274216132,388,Random Forest
Tmem100,0.019898305655717305,389,Random Forest
Adamts4,0.019845985319260833,390,Random Forest
Zbp1,0.019831958787255372,391,Random Forest
Plvap,0.019785824647986783,392,Random Forest
Bin2,0.01978552416048321,393,Random Forest
Epsti1,0.019785150828620292,394,Random Forest
Abhd12,0.019782330701496598,395,Random Forest
Nr4a1,0.019751514226557475,396,Random Forest
Rgs1,0.01971032788273154,397,Random Forest
Cd37,0.01968822089032864,398,Random Forest
Asprv1,0.019686417038939488,399,Random Forest
Plpp1,0.019686226417535892,400,Random Forest
Stfa2l1,0.01966055173504455,401,Random Forest
Usp2,0.01965083257536884,402,Random Forest
Cst7,0.019628762397468396,403,Random Forest
Hexb,0.019628128584249355,404,Random Forest
Ptn,0.019627575387283255,405,Random Forest
Lair1,0.0196106680463171,406,Random Forest
Uap1l1,0.01960303849995242,407,Random Forest
Clec4b1,0.019577425495777786,408,Random Forest
Hmgb2,0.019574441126184127,409,Random Forest
Cd244,0.01949199669035616,410,Random Forest
Serpine2,0.019463036309630057,411,Random Forest
Vwf,0.019453832896699927,412,Random Forest
Ncf4,0.019449343122090693,413,Random Forest
Igfbp6,0.019399138679002666,414,Random Forest
Rab20,0.019389628956661166,415,Random Forest
Car4,0.019376044717731206,416,Random Forest
2310001H17Rik,0.019370193392042122,417,Random Forest
Cd83,0.019347611205582017,418,Random Forest
Sod3,0.019341831565035605,419,Random Forest
Cd86,0.019254537771657303,420,Random Forest
Prr13,0.019238290912742723,421,Random Forest
Asb2,0.019227150708457496,422,Random Forest
Fgl2,0.01918116251668988,423,Random Forest
Pla1a,0.019146303018036978,424,Random Forest
Zfos1,0.019145406135103567,425,Random Forest
Nkg7,0.019138966578920735,426,Random Forest
Stab1,0.019128599240010386,427,Random Forest
Nfil3,0.019096059815485077,428,Random Forest
Hmga1,0.01908186709798562,429,Random Forest
Cmtm7,0.019079947491611397,430,Random Forest
Col4a1,0.018991013235897716,431,Random Forest
Vcan,0.01897815204644428,432,Random Forest
Runx3,0.01896495826693556,433,Random Forest
Ifit3b,0.018961883274972748,434,Random Forest
Gpr182,0.018927226678350333,435,Random Forest
Cd300lg,0.018807452486693778,436,Random Forest
Csf1r,0.018760835898386452,437,Random Forest
Gm10116,0.018755332945480558,438,Random Forest
Tnfaip8l2,0.018747408600828627,439,Random Forest
Vim,0.018729948276346442,440,Random Forest
H2-DMb1,0.018711237321956214,441,Random Forest
Tarm1,0.018657002019142114,442,Random Forest
Bcl2a1a,0.018656051183494646,443,Random Forest
Trib1,0.018600814512534675,444,Random Forest
Snx2,0.018586749468772066,445,Random Forest
Nrp1,0.018567398808426953,446,Random Forest
Tmem176b,0.018560697015127886,447,Random Forest
Pilrb1,0.018548803403140714,448,Random Forest
Gbp2,0.01850978459784861,449,Random Forest
Lmna,0.01850644518559514,450,Random Forest
Ptpro,0.018503808844813893,451,Random Forest
Slco1a4,0.018494572871805084,452,Random Forest
Ctsa,0.018470555639356616,453,Random Forest
Pgk1,0.01843664302978548,454,Random Forest
Man2b1,0.018428753453258142,455,Random Forest
Hspa1a,0.018408671007367157,456,Random Forest
Ly86,0.018403949548067677,457,Random Forest
Oas3,0.018395487530292094,458,Random Forest
Icam1,0.018388810874120604,459,Random Forest
Cd300a,0.018383514344119615,460,Random Forest
Mgp,0.01837855964760477,461,Random Forest
Smim3,0.01837071959606388,462,Random Forest
Eno1,0.018348655651028955,463,Random Forest
Atp13a5,0.01828596162422894,464,Random Forest
Pid1,0.018281882446978554,465,Random Forest
Pag1,0.018256875457545563,466,Random Forest
H2-Oa,0.018154631809001384,467,Random Forest
Phf11b,0.018142086449985752,468,Random Forest
Cd180,0.01813205639551419,469,Random Forest
Adrb2,0.01812099598678212,470,Random Forest
Hacd2,0.018115378684573587,471,Random Forest
Tgtp2,0.018101010973963508,472,Random Forest
Adm,0.01810023263325174,473,Random Forest
Ndufa12,0.0180849340372098,474,Random Forest
Cyr61,0.018079758936288444,475,Random Forest
Blvrb,0.018048000660798532,476,Random Forest
Nrp2,0.01803224747393644,477,Random Forest
Hacd4,0.018028387835051393,478,Random Forest
Gatm,0.01800840189707787,479,Random Forest
Upk1b,0.01798672768931702,480,Random Forest
Slc6a6,0.017978136509296756,481,Random Forest
Ass1,0.017972131222674943,482,Random Forest
Gna15,0.017971387284412124,483,Random Forest
Ccl5,0.017963825545408017,484,Random Forest
Oas1g,0.017956380829061935,485,Random Forest
H2-Q7,0.01793455889892897,486,Random Forest
Sparcl1,0.017920539990336676,487,Random Forest
Upp1,0.017919299953727163,488,Random Forest
Ctla2b,0.017874316071152224,489,Random Forest
Cd82,0.017869056853471087,490,Random Forest
Slc11a1,0.01786000711987333,491,Random Forest
Nupr1,0.017858006114114908,492,Random Forest
Mafb,0.0178575863751474,493,Random Forest
Rhoh,0.017832150403776156,494,Random Forest
Slc40a1,0.017815735752657127,495,Random Forest
Ccrl2,0.017778431954178615,496,Random Forest
Slamf7,0.017729908306900573,497,Random Forest
Akap12,0.01772126845038481,498,Random Forest
Ninj1,0.01768291257606259,499,Random Forest
Slc16a3,0.01768182990188973,500,Random Forest
Rap2b,0.0176678175659453,501,Random Forest
Iigp1,0.017665231818024898,502,Random Forest
Metrnl,0.017623512446794665,503,Random Forest
Gpsm3,0.017619012536655328,504,Random Forest
mt-Co3,0.01761070741028856,505,Random Forest
Rnd1,0.01759698935728083,506,Random Forest
Ccdc109b,0.01757563370350659,507,Random Forest
Uqcrq,0.01757340124832987,508,Random Forest
Csf2ra,0.017549361808170908,509,Random Forest
Art3,0.01752503695751422,510,Random Forest
Ifi30,0.017519816654233793,511,Random Forest
Pou2f2,0.017503562088473163,512,Random Forest
Hist4h4,0.017484778058895416,513,Random Forest
Oas1a,0.017461567069242474,514,Random Forest
Col4a2,0.017444371872777312,515,Random Forest
2900060B14Rik,0.017395838040235628,516,Random Forest
Ccnd2,0.017394789278598378,517,Random Forest
Acer2,0.017382567986029898,518,Random Forest
Nrros,0.017374927903097245,519,Random Forest
Rsad2,0.017372029155733458,520,Random Forest
Slc22a8,0.017370955678014683,521,Random Forest
Ang,0.017367402255662672,522,Random Forest
mt-Nd4,0.01735279063806272,523,Random Forest
Pglyrp1,0.017349413090385197,524,Random Forest
Fos,0.017328242918893105,525,Random Forest
Dcn,0.01732376087201673,526,Random Forest
Gem,0.01728758333249807,527,Random Forest
Siglece,0.017271064928192647,528,Random Forest
Mertk,0.017251827850728034,529,Random Forest
Gfap,0.01723941893436255,530,Random Forest
Ercc1,0.017226198058429343,531,Random Forest
Milr1,0.017172960474753342,532,Random Forest
Igfbp4,0.017159114999937518,533,Random Forest
Hspe1,0.017157549394802272,534,Random Forest
Gsn,0.01714440156308454,535,Random Forest
Nnat,0.017128345082707493,536,Random Forest
Prtn3,0.017123631397923438,537,Random Forest
Hsp90aa1,0.016998472357701813,538,Random Forest
Smim5,0.016982283212075035,539,Random Forest
Bmx,0.016948535826725546,540,Random Forest
Il10ra,0.016931610419050634,541,Random Forest
Grn,0.016887299365820667,542,Random Forest
Srxn1,0.01688361942044413,543,Random Forest
Rgcc,0.016865434340820835,544,Random Forest
Sema4a,0.016855213947868316,545,Random Forest
Trf,0.01683938026317159,546,Random Forest
Stmn2,0.016838556772470176,547,Random Forest
Adgre4,0.01683230368154486,548,Random Forest
Ceacam10,0.016812722436356585,549,Random Forest
Samsn1,0.016793116687530994,550,Random Forest
Golm1,0.01679310405475153,551,Random Forest
Pln,0.01678456506781965,552,Random Forest
Dgat2,0.016779209374851965,553,Random Forest
Myo1g,0.016776694544238125,554,Random Forest
Clu,0.016731871218006462,555,Random Forest
Gm6377,0.016731823786509933,556,Random Forest
Clec5a,0.016728112694380428,557,Random Forest
Timp3,0.01671629076100191,558,Random Forest
Serpinb1a,0.016714668117449274,559,Random Forest
Slc43a3,0.016705978617688598,560,Random Forest
Tppp3,0.01670566318211399,561,Random Forest
Gas6,0.016678083893399955,562,Random Forest
Gkn3,0.016676194830942206,563,Random Forest
Adssl1,0.01667373140806527,564,Random Forest
Cebpb,0.016673730409343588,565,Random Forest
Slc19a1,0.01663149632462113,566,Random Forest
Celf2,0.016624195277366895,567,Random Forest
RP23-6I17.1,0.01661846313059629,568,Random Forest
Per3,0.016606612991913683,569,Random Forest
P2ry14,0.016602705311866552,570,Random Forest
Apold1,0.016579019877027437,571,Random Forest
Ptafr,0.016571526917494202,572,Random Forest
Sox4,0.016564371852653945,573,Random Forest
Ptprc,0.01654619922237549,574,Random Forest
Ncf2,0.016499626410041573,575,Random Forest
Hmgcs2,0.016497733331336136,576,Random Forest
Slfn2,0.016489729518926667,577,Random Forest
Ndufa4l2,0.01644683660117911,578,Random Forest
Lag3,0.01640440209394571,579,Random Forest
Higd1b,0.01639526562144935,580,Random Forest
Rgs5,0.016382459374482846,581,Random Forest
Cks2,0.01638023398699051,582,Random Forest
Nfe2,0.01637791574233628,583,Random Forest
Rtn1,0.016353156596974196,584,Random Forest
Fcgr1,0.016344731047154733,585,Random Forest
Gal3st4,0.01633474752871153,586,Random Forest
Meox1,0.016323059242828127,587,Random Forest
Prune2,0.016310418202407355,588,Random Forest
Efhd2,0.01630455667353545,589,Random Forest
Dnajb1,0.016283938677241126,590,Random Forest
Plp2,0.01627087793920605,591,Random Forest
Adap2,0.0162478974465818,592,Random Forest
Trem2,0.01616231100952815,593,Random Forest
Mthfd2,0.01616153340411646,594,Random Forest
Gbp3,0.016152633987925793,595,Random Forest
Phf11a,0.01613851999533908,596,Random Forest
Agpat5,0.016122808432761638,597,Random Forest
Fhl1,0.016115009008301862,598,Random Forest
Hk2,0.016087877135809114,599,Random Forest
Serpine1,0.016081518982944635,600,Random Forest
Cnn1,0.016077120652381007,601,Random Forest
Zfp36l2,0.016057527422240737,602,Random Forest
Tmem45a,0.01601695363404778,603,Random Forest
Cd93,0.01599979191159349,604,Random Forest
Traf1,0.01598224944641416,605,Random Forest
Cnn2,0.01597487006333691,606,Random Forest
Cryba4,0.015973316543439354,607,Random Forest
Tanc2,0.015942264272869537,608,Random Forest
Slc39a1,0.015934014059772614,609,Random Forest
Mgll,0.01593335838070908,610,Random Forest
C3,0.01593289147546104,611,Random Forest
Cd84,0.015929165477746227,612,Random Forest
Apod,0.015922433854252977,613,Random Forest
Tgtp1,0.015908068028621214,614,Random Forest
Cd300ld,0.01587394413130858,615,Random Forest
AI839979,0.015871510018283498,616,Random Forest
Il34,0.0158689683532747,617,Random Forest
Cav1,0.01578993390752339,618,Random Forest
Itih5,0.01578604106941658,619,Random Forest
Lcp1,0.015771879370510406,620,Random Forest
Stc1,0.01576878315601927,621,Random Forest
Tmem173,0.015760173884412195,622,Random Forest
Gm14548,0.015746493207014118,623,Random Forest
Dse,0.01568922522185389,624,Random Forest
Stap1,0.015685610300497654,625,Random Forest
Asph,0.015652327986314097,626,Random Forest
Unc93b1,0.01564454252421538,627,Random Forest
Gm694,0.015631195755752367,628,Random Forest
Camp,0.015622972064742623,629,Random Forest
Cdk6,0.015599010422733236,630,Random Forest
Ptgds,0.015561054168206821,631,Random Forest
Adgre1,0.015556596262210877,632,Random Forest
Myo5a,0.015554516494343074,633,Random Forest
Dmkn,0.015544960811044181,634,Random Forest
Scimp,0.015525386816141193,635,Random Forest
Tbc1d10c,0.015518167741857096,636,Random Forest
Dok3,0.015517592263637739,637,Random Forest
Pcolce,0.015512526934579938,638,Random Forest
Nebl,0.015505333675414262,639,Random Forest
Igtp,0.015504904693420219,640,Random Forest
Tgfb2,0.015498973645606626,641,Random Forest
Laptm5,0.015464803693356833,642,Random Forest
Plpp3,0.015460083552933834,643,Random Forest
Ace2,0.015454027109207045,644,Random Forest
Fbxl22,0.015435305132934814,645,Random Forest
Dbi,0.015417206646088564,646,Random Forest
Abcc9,0.015411737108934488,647,Random Forest
Limd2,0.01539186129809348,648,Random Forest
Grrp1,0.015370995899779458,649,Random Forest
Amd1,0.015317212151403393,650,Random Forest
Cox4i2,0.015315900534167799,651,Random Forest
Fcna,0.015313753060347966,652,Random Forest
Igfbp2,0.015305167568768424,653,Random Forest
Kcnk13,0.01530157145441378,654,Random Forest
Sox17,0.015301492042268897,655,Random Forest
Lrrc25,0.01527978294516789,656,Random Forest
Acp5,0.015277191518288461,657,Random Forest
Vmp1,0.015277151341906301,658,Random Forest
Hrct1,0.015262445340221763,659,Random Forest
Ndufa4,0.01520198054779759,660,Random Forest
Gbp4,0.015192723041468022,661,Random Forest
Kctd12,0.015192635996147305,662,Random Forest
Ifitm10,0.015185066222361265,663,Random Forest
Ptgs2,0.01518350802029659,664,Random Forest
Sorbs2,0.01517871957844112,665,Random Forest
Cd200,0.015176666206801059,666,Random Forest
Ly6a,0.015139521180445419,667,Random Forest
Edn3,0.01512714007135451,668,Random Forest
Mmp14,0.015086531639556242,669,Random Forest
Fabp5,0.015074845023867247,670,Random Forest
Ptpn22,0.015063471962363222,671,Random Forest
Degs2,0.01502872385984257,672,Random Forest
Sdpr,0.015019002415328222,673,Random Forest
Adap2os,0.014980621687392986,674,Random Forest
Gngt2,0.014979760037664179,675,Random Forest
2200002D01Rik,0.014973178276418012,676,Random Forest
Mall,0.014962991399017545,677,Random Forest
Sema3c,0.014951406173790031,678,Random Forest
BC051019,0.014946898667777554,679,Random Forest
Agpat9,0.01493473060013252,680,Random Forest
Mal,0.014923592268112173,681,Random Forest
Ppp1r15a,0.014914845892982379,682,Random Forest
Odc1,0.01491406869674462,683,Random Forest
Tuba1a,0.014911760402084277,684,Random Forest
Gimap4,0.014894663175717708,685,Random Forest
Hsd11b1,0.014888910322172528,686,Random Forest
Gstm1,0.014886784381901847,687,Random Forest
Serpinf1,0.014877055261749834,688,Random Forest
Tmem176a,0.014876914484819915,689,Random Forest
Cd48,0.014876018955342686,690,Random Forest
Gadd45a,0.01483669565633598,691,Random Forest
Cxcr4,0.0148273865991506,692,Random Forest
Cd79b,0.014823198643908285,693,Random Forest
Ramp3,0.01481096849671597,694,Random Forest
Unc119,0.01481059524660348,695,Random Forest
Gimap3,0.014809030018638704,696,Random Forest
Irgm1,0.014805200735037988,697,Random Forest
Taldo1,0.014777841575010957,698,Random Forest
Ttr,0.014777749764829196,699,Random Forest
Prdx6,0.014770674144631133,700,Random Forest
Edem1,0.014761194530174226,701,Random Forest
Cfb,0.014750347149882308,702,Random Forest
C4b,0.014733790778553007,703,Random Forest
Hexa,0.014717796172911933,704,Random Forest
Asns,0.014715859097916208,705,Random Forest
Pdgfrb,0.014708983615680793,706,Random Forest
Adam33,0.014671357079860321,707,Random Forest
Snx20,0.014663736331284614,708,Random Forest
Runx1,0.01463137550813867,709,Random Forest
Mfap2,0.014628436690677715,710,Random Forest
St3gal4,0.014626013581237291,711,Random Forest
Myh11,0.014610799457573358,712,Random Forest
Tfrc,0.014590422912542308,713,Random Forest
Fstl1,0.014564067131009379,714,Random Forest
Ptger4,0.014560562403644563,715,Random Forest
Nrip2,0.01455945324581008,716,Random Forest
Cd200r1,0.014557363363888954,717,Random Forest
Gsta4,0.014554490535418754,718,Random Forest
Slc1a5,0.014552539951540048,719,Random Forest
Ntf3,0.014543678722465533,720,Random Forest
Spint1,0.014541735583342732,721,Random Forest
Lrba,0.014531863202704698,722,Random Forest
Map4k1,0.01450315545438374,723,Random Forest
Cd69,0.01448066363326834,724,Random Forest
Cox5b,0.014467128057258267,725,Random Forest
AF251705,0.014462517650803941,726,Random Forest
Cpne8,0.014446704088118422,727,Random Forest
Cox7c,0.014446102415703543,728,Random Forest
Dusp6,0.014436251559857996,729,Random Forest
Chka,0.014409300359676226,730,Random Forest
Pdpn,0.014398501775876723,731,Random Forest
Synpo,0.014357794893718393,732,Random Forest
Hist1h3e,0.014347159054518568,733,Random Forest
Fbln5,0.014344485499903172,734,Random Forest
Meg3,0.014321517708006569,735,Random Forest
Ccl8,0.0143045578754948,736,Random Forest
Tubb2a,0.014297414685914065,737,Random Forest
Isg20,0.014281812894435688,738,Random Forest
Uchl1,0.01425583952939633,739,Random Forest
Tubb4b,0.014233452981428517,740,Random Forest
Riiad1,0.014226609190281028,741,Random Forest
P2ry6,0.01422125187214145,742,Random Forest
Basp1,0.01419272069224312,743,Random Forest
Smad7,0.014181363063647309,744,Random Forest
Grina,0.014159810974775956,745,Random Forest
Vwa1,0.01413128170233301,746,Random Forest
8430408G22Rik,0.014126497443992487,747,Random Forest
Slc2a3,0.014125318459399388,748,Random Forest
Cyba,0.014122881525350595,749,Random Forest
Ccr5,0.014122264473250287,750,Random Forest
2010107E04Rik,0.014081043786018873,751,Random Forest
Slc6a13,0.014080284612230388,752,Random Forest
Fam43a,0.014062876650898557,753,Random Forest
Cdkn1c,0.01404780473446238,754,Random Forest
Cdk19,0.013988034808564764,755,Random Forest
Fam49b,0.013978649780064458,756,Random Forest
Crispld2,0.013896736496672129,757,Random Forest
Slc26a10,0.013885847142834862,758,Random Forest
Ly6c1,0.013871162231866864,759,Random Forest
Ikzf1,0.013855894247722959,760,Random Forest
Uqcr11,0.013854550428674868,761,Random Forest
Scamp2,0.013839980553187822,762,Random Forest
Spi1,0.013833585863614049,763,Random Forest
Inpp5d,0.013819570682868274,764,Random Forest
Tgif1,0.013800225977632008,765,Random Forest
Il1a,0.01377420223053811,766,Random Forest
Hk3,0.013763829185068141,767,Random Forest
Ptp4a3,0.01376369627760516,768,Random Forest
Gdf15,0.013761560138864929,769,Random Forest
Slc38a5,0.013757480712991928,770,Random Forest
Cdc42ep3,0.01374879366455136,771,Random Forest
Fxyd1,0.013740619167917209,772,Random Forest
Sall3,0.013739518748407013,773,Random Forest
Ckb,0.013726697915423117,774,Random Forest
Atp5l,0.013713261361992262,775,Random Forest
Map3k7cl,0.0137113495576182,776,Random Forest
Slc37a2,0.013704472684246146,777,Random Forest
Sncg,0.01370112976820905,778,Random Forest
Fam183b,0.013693413621111393,779,Random Forest
Dusp5,0.013686232958536038,780,Random Forest
Cpe,0.013679057795269641,781,Random Forest
Myl6,0.01367625106781067,782,Random Forest
Lck,0.01367278830611604,783,Random Forest
Il1r1,0.013663757659146951,784,Random Forest
Cers2,0.013653449578627273,785,Random Forest
Dynlrb2,0.01364960211416426,786,Random Forest
Tmem212,0.013649367888737428,787,Random Forest
Mfsd2a,0.013644166127767315,788,Random Forest
Prkcdbp,0.013643132734532491,789,Random Forest
Itgb2,0.013633148813982332,790,Random Forest
Rab3il1,0.013617749462866638,791,Random Forest
Sept7,0.01361489134602398,792,Random Forest
Bin1,0.01361134977979713,793,Random Forest
Eps8,0.013604533781583472,794,Random Forest
Hbb-bs,0.013600692034590313,795,Random Forest
Mrgpra2a,0.013599637244482984,796,Random Forest
Phf11d,0.01359294470126882,797,Random Forest
Tifab,0.013588974195675563,798,Random Forest
Edn1,0.013582962341641143,799,Random Forest
Cotl1,0.013565944428656034,800,Random Forest
Ltf,0.013560510491672378,801,Random Forest
Creg1,0.013541891585566517,802,Random Forest
Cox7b,0.013522059528411637,803,Random Forest
Zfp691,0.013510463298535167,804,Random Forest
Cadm1,0.01349967413118688,805,Random Forest
Kdr,0.013497718730221403,806,Random Forest
Gpihbp1,0.013493922538690185,807,Random Forest
Speg,0.013487050831730494,808,Random Forest
Atp5o,0.013485769857902539,809,Random Forest
Cd302,0.013484173950665902,810,Random Forest
Pdlim1,0.013466269084792646,811,Random Forest
Pkp3,0.013456830918545673,812,Random Forest
Tep1,0.01344952783394117,813,Random Forest
Itgam,0.013443907856440151,814,Random Forest
Tm4sf1,0.013440845986755663,815,Random Forest
Atp1a2,0.01343894034249924,816,Random Forest
Atp1b1,0.013432568317490571,817,Random Forest
Hspa1b,0.013429503545231963,818,Random Forest
Emcn,0.013419904337434313,819,Random Forest
Ccdc153,0.01341709972066603,820,Random Forest
Nfia,0.013416855427573385,821,Random Forest
Rasgrp2,0.013376966311987197,822,Random Forest
Hbegf,0.01337166133846359,823,Random Forest
Plscr2,0.013360975302431235,824,Random Forest
Slc1a2,0.013352070953730203,825,Random Forest
Prss23,0.013349004959670662,826,Random Forest
Spn,0.013316152033039428,827,Random Forest
Bhlhe41,0.013298128718359534,828,Random Forest
Errfi1,0.013293119313346894,829,Random Forest
Sept1,0.013252287075929216,830,Random Forest
Blnk,0.013250381346405314,831,Random Forest
Tagap,0.01324049704666979,832,Random Forest
Hmcn1,0.013232109164605887,833,Random Forest
Postn,0.013229636034970618,834,Random Forest
Mia,0.013220070182820174,835,Random Forest
Ccnd1,0.013209759145973075,836,Random Forest
Cd2,0.013209246426108143,837,Random Forest
Hpgds,0.013205622618598808,838,Random Forest
Slamf9,0.013192340231075357,839,Random Forest
Sh2d1b1,0.013181930286097092,840,Random Forest
H2-Ob,0.013141647626991788,841,Random Forest
Oaf,0.013132843179838883,842,Random Forest
Nid1,0.013122574203757006,843,Random Forest
Sap30,0.01311729545717987,844,Random Forest
Gja1,0.013108940388798434,845,Random Forest
Serping1,0.013097073561780815,846,Random Forest
Afp,0.01309546925157366,847,Random Forest
Gsto1,0.013091986764102252,848,Random Forest
Tnfsf9,0.013075134758444601,849,Random Forest
Pebp1,0.013059896553592083,850,Random Forest
Cks1b,0.013028621874464144,851,Random Forest
Lrrc32,0.013025061196555105,852,Random Forest
Treml4,0.013010848950400358,853,Random Forest
Hey1,0.013008817231363545,854,Random Forest
F630028O10Rik,0.013007009779264311,855,Random Forest
Cmip,0.013002959662804939,856,Random Forest
Rnf13,0.012997712746729532,857,Random Forest
Tmem37,0.012996761994947627,858,Random Forest
Ptprr,0.012991127538351114,859,Random Forest
Gm2564,0.012977025429879283,860,Random Forest
Usp18,0.012963248613485141,861,Random Forest
Col13a1,0.012937599715840804,862,Random Forest
Slc25a4,0.012931021841751163,863,Random Forest
Sirpa,0.012914709267412366,864,Random Forest
Gpx8,0.012895906065596848,865,Random Forest
Gpr183,0.01288775844065136,866,Random Forest
Ndufb2,0.012879723635379666,867,Random Forest
Lat2,0.012876048683388644,868,Random Forest
Cd209f,0.012873495239974362,869,Random Forest
Gpr132,0.012845616291431446,870,Random Forest
Aldoc,0.012838136499163641,871,Random Forest
1110017D15Rik,0.012813692550182842,872,Random Forest
Usmg5,0.012800025043740792,873,Random Forest
Hopx,0.012797735389875628,874,Random Forest
Ltbp4,0.012797661002379657,875,Random Forest
Thy1,0.012794576259519781,876,Random Forest
Atpif1,0.0127886535543462,877,Random Forest
Kcnn4,0.012780652755044778,878,Random Forest
Ly9,0.01277643912134764,879,Random Forest
Gm26522,0.012775268548887997,880,Random Forest
Gzmb,0.012773637364529324,881,Random Forest
Hspb1,0.012769423320311408,882,Random Forest
Palld,0.012768260925976991,883,Random Forest
Tinagl1,0.012767236726739186,884,Random Forest
Ndufc1,0.012756084516603207,885,Random Forest
Slc1a1,0.012732864372999383,886,Random Forest
Ntpcr,0.012723631724235336,887,Random Forest
Cd274,0.012718171680882453,888,Random Forest
Tma16,0.012712065285150963,889,Random Forest
Apobec1,0.012701326240925723,890,Random Forest
Cfap126,0.012680652604347146,891,Random Forest
Ifit2,0.012674464227026755,892,Random Forest
Id1,0.01266751632595583,893,Random Forest
B4galnt1,0.012666084255894031,894,Random Forest
Cysltr1,0.01265590567084287,895,Random Forest
Enkur,0.012642474981505199,896,Random Forest
Col1a2,0.012641856008932893,897,Random Forest
Gde1,0.012636632549783247,898,Random Forest
Rassf4,0.012636141283422539,899,Random Forest
Hebp1,0.012629047941368078,900,Random Forest
Timp2,0.012624142755672448,901,Random Forest
Ddc,0.012599662982080373,902,Random Forest
Dpysl2,0.012599569566606416,903,Random Forest
Usp50,0.012596640532742672,904,Random Forest
Pmaip1,0.012589730548982677,905,Random Forest
Spint2,0.012579341497685574,906,Random Forest
Gm12840,0.012577189504995945,907,Random Forest
Ndrg1,0.012557785587462159,908,Random Forest
Axl,0.01254434946006807,909,Random Forest
Ccdc3,0.012543876857946695,910,Random Forest
Egfl8,0.012534440594447086,911,Random Forest
Slc7a1,0.012533161748884969,912,Random Forest
1700016K19Rik,0.012527359498861277,913,Random Forest
Pik3r1,0.012524315532845796,914,Random Forest
6330403K07Rik,0.012513457154760824,915,Random Forest
Ptgis,0.01250608752638356,916,Random Forest
Rsph1,0.01250424434548263,917,Random Forest
Ece1,0.012496250613296326,918,Random Forest
Cd59a,0.012488287592811868,919,Random Forest
Tfec,0.012480255636329686,920,Random Forest
Sept4,0.01247691061319289,921,Random Forest
Ptprb,0.012473895054829199,922,Random Forest
AU021092,0.012471278194548225,923,Random Forest
Enpp2,0.012467947437438585,924,Random Forest
Pdlim4,0.012463719552270778,925,Random Forest
Cox6c,0.012426319971000193,926,Random Forest
Pdlim3,0.012399854585765955,927,Random Forest
Enpp1,0.012395735061767681,928,Random Forest
Nexn,0.012390157147310642,929,Random Forest
Rtn4,0.012378854723566939,930,Random Forest
Naaa,0.012375005178133457,931,Random Forest
Mustn1,0.012356537102221631,932,Random Forest
Sh3bgr,0.012351996988248735,933,Random Forest
Cd7,0.012339314231159507,934,Random Forest
Polr2l,0.0123389898968825,935,Random Forest
Atp5e,0.01233440091510183,936,Random Forest
Cdh13,0.01233282504524034,937,Random Forest
Nudt4,0.012331503311516208,938,Random Forest
Galnt6,0.012324738465771434,939,Random Forest
Tnpo3,0.012321480445777338,940,Random Forest
Actn1,0.012300351395551561,941,Random Forest
Pdcd4,0.012298241463917605,942,Random Forest
Fbxl5,0.012296091832740228,943,Random Forest
Phgdh,0.012295499782623433,944,Random Forest
Bgn,0.012287655104912277,945,Random Forest
Meig1,0.012285900232196953,946,Random Forest
Kcnj13,0.012280675299537906,947,Random Forest
Cd3g,0.012269226742186482,948,Random Forest
Irf8,0.012253518126897414,949,Random Forest
Aoah,0.012252277919162557,950,Random Forest
Tmem86a,0.012249143958315103,951,Random Forest
Lrp1,0.012244291336491141,952,Random Forest
Sphk1,0.012240850185760035,953,Random Forest
Abhd2,0.012214564992319847,954,Random Forest
Rhoj,0.012213960981336862,955,Random Forest
Tnfrsf18,0.012213618674194404,956,Random Forest
Ncf1,0.0122077129582713,957,Random Forest
Gper1,0.012198897289349602,958,Random Forest
Psat1,0.012198655943878442,959,Random Forest
Alpl,0.01215871856364304,960,Random Forest
Mfge8,0.012141043962049545,961,Random Forest
Ptpn6,0.012136300807071497,962,Random Forest
Gm13822,0.012120263424978269,963,Random Forest
Lmod1,0.01211006271698792,964,Random Forest
5430416O09Rik,0.012097507655533248,965,Random Forest
Scrg1,0.012093107553743019,966,Random Forest
Slc1a3,0.012076492551637974,967,Random Forest
Ebf1,0.01207166499999742,968,Random Forest
Gbp5,0.012042200855246286,969,Random Forest
Slc9a9,0.012034921057683388,970,Random Forest
Net1,0.012034548342102526,971,Random Forest
Mmp19,0.012031205676387388,972,Random Forest
Nr2f2,0.012023499779547019,973,Random Forest
Tagln,0.012021294211006115,974,Random Forest
Il7r,0.012007205279351542,975,Random Forest
H2afj,0.011989469837221217,976,Random Forest
Nxpe5,0.011986491774201196,977,Random Forest
Sat1,0.01198406095111363,978,Random Forest
Efcab10,0.011966439855412606,979,Random Forest
Nbl1,0.011962245361325669,980,Random Forest
RP23-81F19.2,0.011954454809655277,981,Random Forest
Gm12002,0.011946113078875711,982,Random Forest
Gstm7,0.011942483735998256,983,Random Forest
Cthrc1,0.011940828661661415,984,Random Forest
Tnip3,0.011931817818129103,985,Random Forest
Foxq1,0.011930526070176058,986,Random Forest
Ptrf,0.011921819529583624,987,Random Forest
Adora3,0.011919848191019976,988,Random Forest
Idh2,0.011918377985520446,989,Random Forest
Il33,0.011917965099969991,990,Random Forest
Cd3d,0.011917474406161862,991,Random Forest
Arhgap30,0.01190816783716097,992,Random Forest
Dbn1,0.01189648988170394,993,Random Forest
Acox3,0.011892627490216018,994,Random Forest
Lum,0.011873983594614215,995,Random Forest
Rad54b,0.011869562094286757,996,Random Forest
Tgfb3,0.011863532560720997,997,Random Forest
Cyth4,0.011855753768751214,998,Random Forest
Havcr2,0.011849050205349545,999,Random Forest
S100b,0.0118489816932138,1000,Random Forest
Slc16a1,0.01184268410834578,1001,Random Forest
Slc16a6,0.011831934591318854,1002,Random Forest
Stmn1,0.011826722919517798,1003,Random Forest
Gpr20,0.011818700454424201,1004,Random Forest
Tshz2,0.011814569375593602,1005,Random Forest
Aldh1a1,0.01179584395779082,1006,Random Forest
Pbxip1,0.011783522153080815,1007,Random Forest
Calm3,0.01178135105165738,1008,Random Forest
Hmgn2,0.01177989923116424,1009,Random Forest
H2-Q6,0.011777621870245685,1010,Random Forest
Hvcn1,0.011772261845317506,1011,Random Forest
Hist1h2bc,0.0117698792679086,1012,Random Forest
Eln,0.011764489716416748,1013,Random Forest
Serpinb8,0.01174741620142995,1014,Random Forest
Rbp1,0.011739214383942095,1015,Random Forest
Polk,0.011738481443857288,1016,Random Forest
Lhfp,0.01173657386408417,1017,Random Forest
Pycard,0.011733506943360962,1018,Random Forest
Cd27,0.011729773278424241,1019,Random Forest
Col3a1,0.01172191101258905,1020,Random Forest
Plscr1,0.011721858003516388,1021,Random Forest
Clec14a,0.011715466447749196,1022,Random Forest
Nfix,0.011715046510858305,1023,Random Forest
Lmo4,0.011713726658241719,1024,Random Forest
Enah,0.011699590153367525,1025,Random Forest
Pdgfa,0.011690062607407348,1026,Random Forest
Gas7,0.01166401574370562,1027,Random Forest
Rftn1,0.011659062368334725,1028,Random Forest
Apbb1ip,0.011653922526704306,1029,Random Forest
Efemp1,0.01164726179786357,1030,Random Forest
Rbp7,0.011644038027339368,1031,Random Forest
Mlf1,0.01163270633091438,1032,Random Forest
Slc46a1,0.01163108016593601,1033,Random Forest
Xdh,0.011626064682902918,1034,Random Forest
Gpd1,0.011611978744967411,1035,Random Forest
Olfm1,0.011606656149491378,1036,Random Forest
Tecr,0.0115916229386235,1037,Random Forest
Slc16a11,0.011590452241712913,1038,Random Forest
Crim1,0.011578760173381343,1039,Random Forest
Acta2,0.011576446937612509,1040,Random Forest
Olfr558,0.011575825552912106,1041,Random Forest
Agt,0.011573733114962579,1042,Random Forest
Cox6a2,0.01156973420531937,1043,Random Forest
Ggt1,0.011569548174752713,1044,Random Forest
Rarres2,0.01154174672360147,1045,Random Forest
Rbpms2,0.011537076430996041,1046,Random Forest
Fcgr3,0.011520255198681505,1047,Random Forest
Pde3b,0.011505831966982523,1048,Random Forest
Ptp4a1,0.011487667305357439,1049,Random Forest
Fam26f,0.01148691855620387,1050,Random Forest
Mdh1,0.011484711921629242,1051,Random Forest
Gm20406,0.011472943629813537,1052,Random Forest
A530064D06Rik,0.011471853078591077,1053,Random Forest
Dusp23,0.01144831294064397,1054,Random Forest
Mylk,0.011445662195049194,1055,Random Forest
Htr2b,0.01143937313237353,1056,Random Forest
Kmo,0.011417867712526763,1057,Random Forest
Sdc1,0.011412695938087029,1058,Random Forest
Procr,0.011412506503636025,1059,Random Forest
Fbln1,0.011412229582978523,1060,Random Forest
Csrp1,0.011406853240313168,1061,Random Forest
Gjb6,0.01140381639139719,1062,Random Forest
Fam46a,0.011403409422920093,1063,Random Forest
Car8,0.01138406728544774,1064,Random Forest
Hck,0.011382931360670185,1065,Random Forest
Tiparp,0.011375586358131002,1066,Random Forest
Pfkp,0.011361054260125172,1067,Random Forest
Odf3b,0.011358488406592043,1068,Random Forest
Eno3,0.01134599046182106,1069,Random Forest
Gpx4,0.011334321948015882,1070,Random Forest
Dstn,0.0113329812166142,1071,Random Forest
Slc4a10,0.011329008508579238,1072,Random Forest
Apln,0.011326074314798967,1073,Random Forest
Pde4d,0.011319181045588244,1074,Random Forest
Csrp2,0.011315402346746694,1075,Random Forest
Perp,0.011311837424468143,1076,Random Forest
Tyrobp,0.011303592216098297,1077,Random Forest
Degs1,0.011296176819133962,1078,Random Forest
Romo1,0.011285361185417054,1079,Random Forest
Tesc,0.011278864879575183,1080,Random Forest
Atp5h,0.011267472614172911,1081,Random Forest
Prnp,0.011264930846969997,1082,Random Forest
1700012B09Rik,0.011253740363592845,1083,Random Forest
Ctsw,0.011250163158616249,1084,Random Forest
Slamf8,0.011246151193220382,1085,Random Forest
Ace,0.011230674695132142,1086,Random Forest
Nr4a2,0.011218097186821046,1087,Random Forest
Notch2,0.01121084110958322,1088,Random Forest
Mapk13,0.011206036778601058,1089,Random Forest
Gpc3,0.0112050610574813,1090,Random Forest
Pth1r,0.011198125497632194,1091,Random Forest
Hpse,0.011191501344433027,1092,Random Forest
Daglb,0.011186465814888519,1093,Random Forest
Alcam,0.01118144810451727,1094,Random Forest
Evl,0.011172575993827783,1095,Random Forest
Tnfsf8,0.011168926940533867,1096,Random Forest
Pla2g15,0.011167226027029846,1097,Random Forest
Pllp,0.011163439776666785,1098,Random Forest
Carhsp1,0.011161709870468732,1099,Random Forest
Sh3bgrl,0.011126016583625777,1100,Random Forest
Lmo7,0.011125132615215933,1101,Random Forest
Ctss,0.011090353916222677,1102,Random Forest
Kdm6b,0.011089835147628306,1103,Random Forest
Cmpk2,0.011088553790875462,1104,Random Forest
Ccl19,0.011087202832909933,1105,Random Forest
Mlc1,0.011086388282335427,1106,Random Forest
Nfkbid,0.011075757507394446,1107,Random Forest
Prelp,0.01106746712129641,1108,Random Forest
Rnf149,0.011060892191248064,1109,Random Forest
Rasd1,0.011032801168696966,1110,Random Forest
Car13,0.011021470440525856,1111,Random Forest
C2,0.011017433224963059,1112,Random Forest
F3,0.011012624382662515,1113,Random Forest
Osgin1,0.011006568638704053,1114,Random Forest
Cd300lb,0.011004873774730728,1115,Random Forest
1700007K13Rik,0.010999958691727582,1116,Random Forest
Rgs16,0.010998605975728994,1117,Random Forest
Rdh10,0.0109858461897804,1118,Random Forest
Vav1,0.010978666337801288,1119,Random Forest
Rbm47,0.01097660426884956,1120,Random Forest
Tslp,0.010974181601385299,1121,Random Forest
Ddit4l,0.010971883304035897,1122,Random Forest
Padi4,0.010965148850395741,1123,Random Forest
Qpct,0.010964851715731777,1124,Random Forest
Cyyr1,0.010956000214105243,1125,Random Forest
Hist1h1c,0.010947965392107371,1126,Random Forest
Igsf6,0.010945227229654273,1127,Random Forest
Tubb2b,0.010927000533484766,1128,Random Forest
Thbd,0.010918579679511764,1129,Random Forest
Synm,0.010913580530091992,1130,Random Forest
Hspb2,0.01090920297593749,1131,Random Forest
1700001C02Rik,0.010899944045936225,1132,Random Forest
Bcl11a,0.010898648983106836,1133,Random Forest
Itgax,0.010886436232847064,1134,Random Forest
Nostrin,0.010882933892270602,1135,Random Forest
Oasl1,0.010880176984476327,1136,Random Forest
Casq2,0.010879709739006446,1137,Random Forest
Plekho1,0.010878134742666244,1138,Random Forest
Tspan3,0.010872084404980834,1139,Random Forest
Mdk,0.010870667057945618,1140,Random Forest
Klre1,0.010870100821849419,1141,Random Forest
Steap1,0.010865793363830626,1142,Random Forest
Tctex1d4,0.010857591892220428,1143,Random Forest
Adk,0.010841004281012066,1144,Random Forest
Dpysl3,0.010835320597536098,1145,Random Forest
Fam101b,0.010834465451078159,1146,Random Forest
Ifi27,0.01083187399487471,1147,Random Forest
Adpgk,0.010824338852109342,1148,Random Forest
Skap1,0.010810910707935573,1149,Random Forest
Hs3st1,0.010807206666991228,1150,Random Forest
S100a16,0.010806978921636515,1151,Random Forest
Sema3g,0.010802622728326569,1152,Random Forest
Car2,0.010796577888276843,1153,Random Forest
Tspan15,0.010793669651127689,1154,Random Forest
Slc38a1,0.010764466302969046,1155,Random Forest
Gm14964,0.010757701646402398,1156,Random Forest
Gucy1b3,0.010752098622468184,1157,Random Forest
Irx3,0.010747828034649073,1158,Random Forest
Slc22a17,0.01074381979024585,1159,Random Forest
Atp5k,0.010736276460128416,1160,Random Forest
Col1a1,0.01073370643453594,1161,Random Forest
Ntm,0.010730869841769441,1162,Random Forest
Mmrn2,0.010719964232033752,1163,Random Forest
Gm9946,0.010704209357182094,1164,Random Forest
Zeb2os,0.010701196573670154,1165,Random Forest
Idh3a,0.01069273076838654,1166,Random Forest
Wnt5a,0.01069194606934669,1167,Random Forest
Tpm2,0.010684558378530109,1168,Random Forest
Ccl17,0.010680995928692491,1169,Random Forest
Lpar1,0.010679024388197011,1170,Random Forest
Atp2b4,0.010677040623864813,1171,Random Forest
Tpm1,0.010667459822664097,1172,Random Forest
Ehd2,0.01064683998968238,1173,Random Forest
Rmst,0.010641250141644302,1174,Random Forest
Tnfaip3,0.01063620307320315,1175,Random Forest
Rcan2,0.01063563204668651,1176,Random Forest
Pifo,0.010635613659584185,1177,Random Forest
Gria2,0.010634870787733102,1178,Random Forest
Kl,0.01063430866496748,1179,Random Forest
Mob2,0.01062990271919994,1180,Random Forest
Coq7,0.010624788686881013,1181,Random Forest
Gm26802,0.010613176725867047,1182,Random Forest
Gm5424,0.010608048517858189,1183,Random Forest
Fbln2,0.010605100651026215,1184,Random Forest
Prlr,0.01060264065356282,1185,Random Forest
Zic1,0.010587959870028247,1186,Random Forest
St5,0.010587039578538068,1187,Random Forest
Rgs7bp,0.010582446954423477,1188,Random Forest
Sfxn5,0.010575348532068691,1189,Random Forest
Ndnf,0.010573503080045892,1190,Random Forest
Tspan7,0.010572156801122928,1191,Random Forest
Col9a3,0.010563132310394662,1192,Random Forest
Akr1b8,0.010548631881810714,1193,Random Forest
Rhov,0.010547184029913219,1194,Random Forest
Selenbp1,0.010544389771957138,1195,Random Forest
Lat,0.01053300103282001,1196,Random Forest
Rnd3,0.010531174477478488,1197,Random Forest
Gm21975,0.010526039482291168,1198,Random Forest
4930523C07Rik,0.010524818166866526,1199,Random Forest
Tmem38b,0.010515187768041856,1200,Random Forest
Bcas3,0.010507256603415867,1201,Random Forest
S100a1,0.01050598279243614,1202,Random Forest
Pkib,0.010502863182040025,1203,Random Forest
Ptpre,0.010498711675013605,1204,Random Forest
Col8a1,0.010496218131736968,1205,Random Forest
Pydc3,0.010476556038539123,1206,Random Forest
Htra1,0.01046262706734833,1207,Random Forest
Bmp7,0.010461436877210049,1208,Random Forest
Fabp7,0.010459012589046808,1209,Random Forest
Zeb2,0.010445330444577202,1210,Random Forest
Flna,0.010444297634621045,1211,Random Forest
Gm13861,0.010435606928600788,1212,Random Forest
Islr,0.010433546008878091,1213,Random Forest
Bcl2,0.010432144391346846,1214,Random Forest
Ezr,0.01042335813856181,1215,Random Forest
Fcer1g,0.010423150797489499,1216,Random Forest
Adrbk2,0.010412971295206647,1217,Random Forest
Vill,0.010397029613522048,1218,Random Forest
Tlr7,0.010393804927752475,1219,Random Forest
1810011O10Rik,0.010391592580111157,1220,Random Forest
Pantr1,0.010386340603663956,1221,Random Forest
Col15a1,0.010384155727450401,1222,Random Forest
Ccl11,0.010382326411698336,1223,Random Forest
Tpd52l1,0.01037335018109341,1224,Random Forest
Cox8a,0.010371826995349795,1225,Random Forest
Ptges,0.010369292176045918,1226,Random Forest
Map1b,0.01036732010721311,1227,Random Forest
Fez1,0.010361704831846232,1228,Random Forest
Tmem88,0.010359786995797357,1229,Random Forest
Pcsk1n,0.010358787063422019,1230,Random Forest
Bmp4,0.010352245486985212,1231,Random Forest
Hes1,0.010347570088268091,1232,Random Forest
Ggt5,0.010343993270218335,1233,Random Forest
Tbxas1,0.01033660661060287,1234,Random Forest
Lbh,0.010336015821832112,1235,Random Forest
Ly6h,0.010333893284624711,1236,Random Forest
Gm4951,0.010326220390978141,1237,Random Forest
Tmbim1,0.010323810864420637,1238,Random Forest
Txk,0.010322389911481848,1239,Random Forest
Cystm1,0.010313831840344654,1240,Random Forest
P2rx7,0.010312607920659737,1241,Random Forest
Tbx3os1,0.010305444048976375,1242,Random Forest
Ndufa13,0.010301842217903713,1243,Random Forest
Ddah1,0.010287439341719497,1244,Random Forest
Cxcl14,0.01028491959053751,1245,Random Forest
Pdlim2,0.010281485214294813,1246,Random Forest
Aebp1,0.010275467572141898,1247,Random Forest
Kctd1,0.010267926042317242,1248,Random Forest
Spon1,0.010267597893396777,1249,Random Forest
Folr1,0.010260474316682477,1250,Random Forest
Rgs4,0.010258389341737536,1251,Random Forest
Batf3,0.010253977610658093,1252,Random Forest
Hgsnat,0.010251627233045792,1253,Random Forest
Sdc2,0.010246779677666913,1254,Random Forest
Tns1,0.01024475000837806,1255,Random Forest
Nav2,0.01023756600012281,1256,Random Forest
1700047M11Rik,0.010224145215045423,1257,Random Forest
Rab32,0.01021446534228755,1258,Random Forest
Atp1b2,0.0102119239063961,1259,Random Forest
Gm11627,0.010204968994867574,1260,Random Forest
Msmo1,0.01019992252614138,1261,Random Forest
Foxj1,0.010193635655205837,1262,Random Forest
Igf2,0.010192253281744949,1263,Random Forest
Enpep,0.010189609230606403,1264,Random Forest
Apoo,0.010188614028545822,1265,Random Forest
Timd4,0.010174356004660613,1266,Random Forest
Bcr,0.010172136180997238,1267,Random Forest
Fyb,0.01016527479078879,1268,Random Forest
Cdkn2b,0.010162480004275132,1269,Random Forest
Bmp2k,0.010151002752014802,1270,Random Forest
Cyp7b1,0.01014570572920459,1271,Random Forest
Trp53i11,0.010140758823490607,1272,Random Forest
Bphl,0.01014020450000454,1273,Random Forest
Tekt1,0.01013535466356388,1274,Random Forest
Otud1,0.010111337567019471,1275,Random Forest
Eps8l2,0.010105049635564347,1276,Random Forest
Nlrp3,0.010101218820688925,1277,Random Forest
Filip1,0.010093168867155694,1278,Random Forest
Fgfbp1,0.010084159068633955,1279,Random Forest
Lrrc51,0.010067400394346638,1280,Random Forest
Ascc1,0.010065245826746049,1281,Random Forest
Tsc22d4,0.010061947356897362,1282,Random Forest
Tmem52,0.010060992405651186,1283,Random Forest
Gm5127,0.010054018790764648,1284,Random Forest
Cald1,0.010041401571475112,1285,Random Forest
Ppp1r14a,0.010041143355972832,1286,Random Forest
Hemk1,0.01003788614928635,1287,Random Forest
Bnip3,0.010035988286082254,1288,Random Forest
Mgst2,0.01003306634301308,1289,Random Forest
Nkain4,0.010008574114844794,1290,Random Forest
Ndn,0.010007876241731625,1291,Random Forest
Slc48a1,0.010004835353616242,1292,Random Forest
Gm26870,0.01000095069812854,1293,Random Forest
Lxn,0.009997409350760449,1294,Random Forest
Fhl2,0.00999724999663843,1295,Random Forest
Pla2g16,0.00999574756748232,1296,Random Forest
Fam13a,0.009993976979767975,1297,Random Forest
Slc9a3r1,0.009992296552336338,1298,Random Forest
Pdzd2,0.009990453966145283,1299,Random Forest
Id4,0.009970132821090202,1300,Random Forest
Il2rb,0.009968463337559618,1301,Random Forest
Cfap161,0.00996422234215076,1302,Random Forest
Cped1,0.009961294676922324,1303,Random Forest
Slc38a11,0.009960110390645075,1304,Random Forest
Il18,0.009956019712442853,1305,Random Forest
1500015O10Rik,0.009954078180665574,1306,Random Forest
Siglecg,0.009949366494717187,1307,Random Forest
Esm1,0.00993826502876014,1308,Random Forest
Cxcl1,0.009911246557715636,1309,Random Forest
Marveld1,0.009908134606592062,1310,Random Forest
Pde4b,0.009903194482107013,1311,Random Forest
Thyn1,0.009897006297717588,1312,Random Forest
Lfng,0.009895434664570976,1313,Random Forest
1700007G11Rik,0.009894416713913503,1314,Random Forest
Sostdc1,0.009892529927212502,1315,Random Forest
Wtip,0.009866879173318296,1316,Random Forest
Atp5g3,0.009865766826774572,1317,Random Forest
Csf2rb,0.009855350115238767,1318,Random Forest
Aqp4,0.009854507466852628,1319,Random Forest
Tacstd2,0.009851857707938252,1320,Random Forest
Gm13889,0.00985158358398768,1321,Random Forest
Dnah12,0.009845726638641972,1322,Random Forest
Lypd1,0.009842153870167243,1323,Random Forest
Pacrg,0.009840550764086154,1324,Random Forest
Vegfc,0.009839044404848124,1325,Random Forest
Tubb3,0.009827171690182993,1326,Random Forest
Hspa2,0.009826291815359597,1327,Random Forest
Cdhr4,0.009826022941819525,1328,Random Forest
Vsig2,0.009819816567834568,1329,Random Forest
Msx1,0.009813005486503816,1330,Random Forest
Cygb,0.0098074994395599,1331,Random Forest
Hmgn3,0.009806602047515624,1332,Random Forest
Ifi44,0.009806537553543812,1333,Random Forest
Zcchc18,0.00979828066508414,1334,Random Forest
Jam3,0.009786068440440736,1335,Random Forest
Gstp1,0.009779305067476346,1336,Random Forest
C1qtnf9,0.00977052065178134,1337,Random Forest
Dhx58os,0.009769408331131631,1338,Random Forest
Gpnmb,0.009765374818435138,1339,Random Forest
Gpr18,0.009765093969566157,1340,Random Forest
Ttyh2,0.009762885516997374,1341,Random Forest
Ndufa11,0.0097593839124128,1342,Random Forest
Vegfa,0.009741231399983782,1343,Random Forest
Kazald1,0.00973645767677857,1344,Random Forest
Parm1,0.00971550464596784,1345,Random Forest
Mylip,0.009712162264010584,1346,Random Forest
Spry2,0.009706228838355497,1347,Random Forest
Klrb1b,0.009700578388729099,1348,Random Forest
Hsph1,0.009690918694529755,1349,Random Forest
Car14,0.009675356815375648,1350,Random Forest
Arl5c,0.009653505083621425,1351,Random Forest
Grb14,0.009649852573119495,1352,Random Forest
Adora2b,0.009647787227366889,1353,Random Forest
Serpini1,0.00964093724302014,1354,Random Forest
Ppp1r12b,0.009623723748958313,1355,Random Forest
Nrarp,0.00962208568327047,1356,Random Forest
Col18a1,0.009619075547157952,1357,Random Forest
2410004P03Rik,0.009606758565027313,1358,Random Forest
Gpr37l1,0.009605166499017638,1359,Random Forest
Cebpe,0.009591080317667998,1360,Random Forest
Cela1,0.009577413749078554,1361,Random Forest
Hist1h4h,0.009569927454747645,1362,Random Forest
Mecom,0.009563450888328894,1363,Random Forest
Capsl,0.009558128489711297,1364,Random Forest
Rem1,0.00955756728182105,1365,Random Forest
Cmtm5,0.009555584135136444,1366,Random Forest
Oat,0.00955220019318554,1367,Random Forest
1700026L06Rik,0.009548294562549478,1368,Random Forest
Slc6a1,0.009523161600300313,1369,Random Forest
Pdlim7,0.009522045506250437,1370,Random Forest
Serpina3g,0.009518026406066075,1371,Random Forest
Ngfrap1,0.009514450792384752,1372,Random Forest
Cxcr6,0.009509693923793215,1373,Random Forest
Myl9,0.009508394748158122,1374,Random Forest
Sema4b,0.009502783909003323,1375,Random Forest
Iqca,0.00950103719925136,1376,Random Forest
Myof,0.009490848064688728,1377,Random Forest
Arl4c,0.009490174790178637,1378,Random Forest
Prdm16,0.009478702075513453,1379,Random Forest
Emilin1,0.009472738533666243,1380,Random Forest
Cryab,0.009472645878531546,1381,Random Forest
Emp2,0.009468937177490812,1382,Random Forest
4833407H14Rik,0.009465222289938223,1383,Random Forest
Wnt5b,0.009464707067533624,1384,Random Forest
Klk6,0.009462509843359496,1385,Random Forest
Rasl11a,0.009457397421178206,1386,Random Forest
Defb11,0.009450069412292183,1387,Random Forest
Adamtsl1,0.00944484011880862,1388,Random Forest
Igfbp5,0.00944074732217633,1389,Random Forest
Lilra5,0.009394771291886572,1390,Random Forest
Flt3,0.009393251644066044,1391,Random Forest
Serpinb6b,0.009393182440744314,1392,Random Forest
Fabp4,0.00939108846733053,1393,Random Forest
Hapln2,0.009389377465030522,1394,Random Forest
Cfap54,0.009388922686432275,1395,Random Forest
Pcp4,0.009387312499053238,1396,Random Forest
Timp4,0.009384636311682926,1397,Random Forest
Rbm24,0.009383650488439324,1398,Random Forest
4430402I18Rik,0.009355944717415512,1399,Random Forest
Aspn,0.009350253310044463,1400,Random Forest
Clasp2,0.009341278628311727,1401,Random Forest
Clec2i,0.009338686209186388,1402,Random Forest
Gng2,0.009336526043592632,1403,Random Forest
Steap4,0.009330623172950359,1404,Random Forest
A2m,0.009324111633670376,1405,Random Forest
Arl6ip1,0.009323235994738804,1406,Random Forest
Uqcr10,0.009315782740979167,1407,Random Forest
Slc30a10,0.009308192836279603,1408,Random Forest
Gm10714,0.009302447640646933,1409,Random Forest
Fam107a,0.009296302601386525,1410,Random Forest
Clic6,0.009295342026152025,1411,Random Forest
Kcnk1,0.00928935517497179,1412,Random Forest
Chst1,0.009289230800516638,1413,Random Forest
Slmap,0.009288260075041996,1414,Random Forest
Apoc1,0.009285389166730912,1415,Random Forest
Slc13a4,0.009284373799842316,1416,Random Forest
Inhba,0.009277709265020504,1417,Random Forest
Gm10138,0.009271782337148893,1418,Random Forest
Ncam1,0.009268978040114164,1419,Random Forest
Des,0.00926482627794214,1420,Random Forest
Cdc42ep2,0.009262167070631457,1421,Random Forest
Ddr1,0.009251485781606327,1422,Random Forest
Amigo2,0.009248023909787408,1423,Random Forest
Mcm5,0.009245427756825983,1424,Random Forest
Wfdc2,0.009232019468124608,1425,Random Forest
Gzma,0.009223480116797649,1426,Random Forest
Mns1,0.009216296951787526,1427,Random Forest
Cd80,0.009214622870361133,1428,Random Forest
Rdh5,0.009205974707431952,1429,Random Forest
Mro,0.009199830020972693,1430,Random Forest
Smim4,0.00919466111755019,1431,Random Forest
Gimap7,0.00919218652489842,1432,Random Forest
Pdgfra,0.009191040056642183,1433,Random Forest
Ctxn1,0.009190860122674813,1434,Random Forest
Sox9,0.009182818455507386,1435,Random Forest
Ppp1r36,0.009180181800680632,1436,Random Forest
Tmem107,0.009178242530806364,1437,Random Forest
Casp1,0.009175992787651943,1438,Random Forest
Ctgf,0.00917060607099969,1439,Random Forest
Snhg18,0.009168268065459092,1440,Random Forest
Crispld1,0.009166843342953923,1441,Random Forest
Ppp1r1b,0.009162449505890461,1442,Random Forest
Evi2a,0.009161451667873664,1443,Random Forest
Jag1,0.009155897703718151,1444,Random Forest
Myct1,0.009153442536621259,1445,Random Forest
Skint3,0.009152723552769615,1446,Random Forest
Phactr3,0.009151903046610422,1447,Random Forest
Sla,0.009139180274127677,1448,Random Forest
Kcne4,0.009131311804385396,1449,Random Forest
Rcn3,0.0091227712736691,1450,Random Forest
Kctd14,0.009118819154425396,1451,Random Forest
Serpinb10,0.009108850166459181,1452,Random Forest
Tmem123,0.009107021022206013,1453,Random Forest
Hba-a1,0.009103314385044603,1454,Random Forest
Itgb2l,0.009101149031600886,1455,Random Forest
Car5a,0.009096253254825465,1456,Random Forest
Crygn,0.009078849800322612,1457,Random Forest
Ppp1r12a,0.009076191853445928,1458,Random Forest
Gja4,0.00906879688868647,1459,Random Forest
Mbp,0.009068384100652098,1460,Random Forest
Fdps,0.009063779313227596,1461,Random Forest
Acot7,0.009058714474791266,1462,Random Forest
2700038G22Rik,0.009052190936240961,1463,Random Forest
Cpq,0.009042903195067441,1464,Random Forest
Ppil6,0.00904078751329932,1465,Random Forest
Sqle,0.009036302299706953,1466,Random Forest
Scg3,0.009036198241594648,1467,Random Forest
Gm867,0.009035191144118961,1468,Random Forest
Ccdc113,0.009026038901122387,1469,Random Forest
Zak,0.009019984756057309,1470,Random Forest
Bicc1,0.009011234108938414,1471,Random Forest
Gm3764,0.009008356539754441,1472,Random Forest
Gstm5,0.009007824092050497,1473,Random Forest
Cntfr,0.008985493053497483,1474,Random Forest
Nov,0.008981408773698985,1475,Random Forest
Gamt,0.008981314710392863,1476,Random Forest
Gclm,0.00897330948574518,1477,Random Forest
Lbp,0.008971614489120875,1478,Random Forest
Socs2,0.008964964096512167,1479,Random Forest
Morn5,0.00896437820483919,1480,Random Forest
Kcnab1,0.008963254016214185,1481,Random Forest
Slc25a18,0.008958987135384889,1482,Random Forest
Cd53,0.008944642925497955,1483,Random Forest
Col6a1,0.008944264916845295,1484,Random Forest
Klrb1c,0.008932902509849799,1485,Random Forest
Chchd10,0.008932081012831035,1486,Random Forest
Fbxo2,0.008920103875221842,1487,Random Forest
H1f0,0.008919212204455575,1488,Random Forest
Rapsn,0.00891883796524778,1489,Random Forest
Tuba4a,0.00891507656099,1490,Random Forest
Insig1,0.008909685909615453,1491,Random Forest
Plac9b,0.008905165016989723,1492,Random Forest
Dnali1,0.008898123955488968,1493,Random Forest
C1qtnf2,0.008893882142683954,1494,Random Forest
1700088E04Rik,0.008893445880111005,1495,Random Forest
Btbd17,0.008880737579925411,1496,Random Forest
Hdac11,0.008877178749242737,1497,Random Forest
Agpat4,0.00887468453735848,1498,Random Forest
Fxyd6,0.008874574377792587,1499,Random Forest
Slc7a10,0.008870818872396736,1500,Random Forest
Rsph9,0.0088671481906527,1501,Random Forest
Pde3a,0.00886660926541012,1502,Random Forest
Tst,0.008852011796953161,1503,Random Forest
Tomm7,0.008850441254517002,1504,Random Forest
Nme5,0.008848325136145136,1505,Random Forest
Prok2,0.008846382949233844,1506,Random Forest
Wdr86,0.00884534773051776,1507,Random Forest
Tmem47,0.008843119932010483,1508,Random Forest
Cd248,0.008835789083467348,1509,Random Forest
Scd2,0.008814217487319285,1510,Random Forest
Insc,0.008812552710491691,1511,Random Forest
Ntsr2,0.008810499262051663,1512,Random Forest
Krt18,0.008802067937290013,1513,Random Forest
Ntn4,0.008789979910969435,1514,Random Forest
Cenpa,0.008789261030458533,1515,Random Forest
Ntrk2,0.008781737630231544,1516,Random Forest
Trim9,0.008781172017326715,1517,Random Forest
Crlf1,0.008773157101835877,1518,Random Forest
Fam213a,0.008771209981750513,1519,Random Forest
Slc16a8,0.008771126241817518,1520,Random Forest
Itih3,0.008770691522310263,1521,Random Forest
Etv1,0.008770667989610905,1522,Random Forest
Cox8b,0.008767129308483524,1523,Random Forest
Ephx3,0.00876672492420543,1524,Random Forest
Clec3b,0.008763456405209032,1525,Random Forest
Mt3,0.008760207630995753,1526,Random Forest
Kcne2,0.008755627891305887,1527,Random Forest
Pi15,0.008754600570048482,1528,Random Forest
Rock1,0.00874959364750553,1529,Random Forest
Atcayos,0.008748337775868227,1530,Random Forest
Mpeg1,0.008742446719044512,1531,Random Forest
Sulf2,0.008740922519894606,1532,Random Forest
Cfap52,0.00871652370660457,1533,Random Forest
Kcnk2,0.008713050757625495,1534,Random Forest
Ackr3,0.008689199630750063,1535,Random Forest
Cd3e,0.008684001455538243,1536,Random Forest
Spag6l,0.008682788873308886,1537,Random Forest
F7,0.008675662018964782,1538,Random Forest
Il11,0.008664864112962798,1539,Random Forest
4833445I07Rik,0.008662832890847648,1540,Random Forest
Pam,0.008655423242362943,1541,Random Forest
Lin7a,0.008649934525177753,1542,Random Forest
Cml1,0.0086370564033973,1543,Random Forest
Mx1,0.008625275016144318,1544,Random Forest
Lrrc48,0.008623598607387581,1545,Random Forest
Tcea3,0.008620743285714424,1546,Random Forest
Dclk1,0.008619080447045971,1547,Random Forest
Phkg1,0.008618433304537826,1548,Random Forest
Acsbg1,0.008609447998694082,1549,Random Forest
Lsamp,0.008588520581058938,1550,Random Forest
Npy1r,0.008567829144761988,1551,Random Forest
S1pr3,0.008564336944101015,1552,Random Forest
Syngr2,0.008559755370912343,1553,Random Forest
Camk2g,0.008559209589259658,1554,Random Forest
Rpap3,0.008553658757991434,1555,Random Forest
Gm37800,0.008536812962730013,1556,Random Forest
Mrps6,0.008536111895375339,1557,Random Forest
Lmcd1,0.008534765812960742,1558,Random Forest
Ltbp1,0.008534332225537056,1559,Random Forest
Ppp1r3g,0.008531262053693298,1560,Random Forest
4930486L24Rik,0.00853023319945442,1561,Random Forest
Mrvi1,0.008528806735578138,1562,Random Forest
Etnppl,0.008525225689385262,1563,Random Forest
Sh2d1a,0.008519162373517217,1564,Random Forest
Hcls1,0.00851852006687196,1565,Random Forest
Gabbr1,0.00850983535454832,1566,Random Forest
Serpinb9,0.008504994926750368,1567,Random Forest
Ogn,0.008493552834980779,1568,Random Forest
Fmo1,0.008491736236574668,1569,Random Forest
Ttll7,0.008488129350484522,1570,Random Forest
Sulf1,0.008483916310050467,1571,Random Forest
Calml4,0.008478106413815616,1572,Random Forest
Ckap4,0.00847530526327187,1573,Random Forest
Camk2n1,0.008466762151959153,1574,Random Forest
Slco3a1,0.008462987271767216,1575,Random Forest
Scg5,0.008462034314466928,1576,Random Forest
Aplp1,0.008459493606633556,1577,Random Forest
Mid1ip1,0.008453931830922173,1578,Random Forest
Inhbb,0.008453614016278786,1579,Random Forest
Ndufa1,0.008447024109587116,1580,Random Forest
Fam101a,0.008445584917262293,1581,Random Forest
F5,0.008432887200297695,1582,Random Forest
Klk8,0.008426935275296981,1583,Random Forest
Fgfr3,0.008423666297764955,1584,Random Forest
Cldn10,0.00842264567018701,1585,Random Forest
1700001L19Rik,0.00841963108994873,1586,Random Forest
Cxcr3,0.00840634073351921,1587,Random Forest
Clmp,0.00840611782253906,1588,Random Forest
Tmem237,0.008406044573555954,1589,Random Forest
Cog7,0.008404412191271915,1590,Random Forest
Gpm6b,0.008403762174793689,1591,Random Forest
Filip1l,0.008402980814132223,1592,Random Forest
Lpxn,0.008401486426254583,1593,Random Forest
Aoc3,0.008389314761029321,1594,Random Forest
Sec11c,0.00838470739343547,1595,Random Forest
Slc12a2,0.008383880530406737,1596,Random Forest
Xcl1,0.008377046334350864,1597,Random Forest
3300002A11Rik,0.008376016432729613,1598,Random Forest
Rasl12,0.008373546370107888,1599,Random Forest
Mical2,0.008369085025140915,1600,Random Forest
Vstm4,0.00836392146863208,1601,Random Forest
Uba2,0.008358537377797634,1602,Random Forest
Mcam,0.008355325694151055,1603,Random Forest
Cfap100,0.008351550209294189,1604,Random Forest
Gstt1,0.008350940586127701,1605,Random Forest
Clec1a,0.008345002533373053,1606,Random Forest
Sgk3,0.008336652121679956,1607,Random Forest
2810417H13Rik,0.008315683158467865,1608,Random Forest
Ano1,0.00831545306232521,1609,Random Forest
Sox18,0.008314582359669108,1610,Random Forest
Ociad2,0.00831440969370437,1611,Random Forest
Ank2,0.008313481362647862,1612,Random Forest
Spa17,0.008307687089143414,1613,Random Forest
Sntn,0.008303533582266761,1614,Random Forest
Lcat,0.008300320678576653,1615,Random Forest
Il6,0.008296478477153172,1616,Random Forest
Cisd1,0.008290458996084006,1617,Random Forest
Itga8,0.008268097434782917,1618,Random Forest
Lmo1,0.008262594902689656,1619,Random Forest
Ndufv3,0.008252481123454896,1620,Random Forest
Gm1673,0.008240258406421872,1621,Random Forest
Ak1,0.008239169961249926,1622,Random Forest
Slc39a12,0.008237225610532962,1623,Random Forest
Slc6a11,0.008229658913885983,1624,Random Forest
Cebpa,0.008224263750973656,1625,Random Forest
Grin2c,0.008224023617537076,1626,Random Forest
Ywhaq,0.008219759271205088,1627,Random Forest
Tagln3,0.00821860850916987,1628,Random Forest
Omg,0.00821783317440929,1629,Random Forest
Gm973,0.008215727243397601,1630,Random Forest
C5ar2,0.008211543396588326,1631,Random Forest
Plp1,0.008206225752101422,1632,Random Forest
Rsph4a,0.00820296430485949,1633,Random Forest
Raet1d,0.008193399271899233,1634,Random Forest
Arsg,0.008190519029813265,1635,Random Forest
Cspg5,0.008189595731387845,1636,Random Forest
Sox2,0.008182451958163882,1637,Random Forest
Cdk1,0.008180538363514754,1638,Random Forest
Mmd2,0.008179963501739282,1639,Random Forest
Ubash3b,0.00815754090122052,1640,Random Forest
Mxra8,0.00815012120419976,1641,Random Forest
Eva1a,0.008143744283179516,1642,Random Forest
Rel,0.008137794286954866,1643,Random Forest
Slc15a2,0.008130605737499184,1644,Random Forest
Dmd,0.008124511901451867,1645,Random Forest
Cmbl,0.008119137569204338,1646,Random Forest
Gpm6a,0.008118613560954302,1647,Random Forest
Ptprz1,0.008110901225435285,1648,Random Forest
Tmem178,0.008105430404146761,1649,Random Forest
Lrrc23,0.008091753952041423,1650,Random Forest
Tril,0.008090950394586838,1651,Random Forest
Chst2,0.00809018985237545,1652,Random Forest
Actg2,0.008085511635783358,1653,Random Forest
Il21r,0.008082536939399566,1654,Random Forest
Ndrg2,0.008078329247660561,1655,Random Forest
Wwc1,0.008074278255376863,1656,Random Forest
Kcna5,0.008056739400210226,1657,Random Forest
Fam166b,0.00805265253175026,1658,Random Forest
Aqp1,0.008049951759040885,1659,Random Forest
Fabp3,0.00802437051978667,1660,Random Forest
Slc4a4,0.008019184145270369,1661,Random Forest
Luzp2,0.008018711339436865,1662,Random Forest
Runx1t1,0.00801191772235485,1663,Random Forest
Ankrd37,0.00800559417138022,1664,Random Forest
Fgf1,0.00800195305967018,1665,Random Forest
Tbxa2r,0.007995934204512552,1666,Random Forest
Hhatl,0.00799342221275344,1667,Random Forest
Tbc1d4,0.00799218970999034,1668,Random Forest
Sh2d2a,0.007981407017557743,1669,Random Forest
Meis2,0.007980843429666436,1670,Random Forest
Ctdspl,0.007972278784934504,1671,Random Forest
Tnik,0.007967336691743269,1672,Random Forest
Slc38a2,0.0079667955253542,1673,Random Forest
Arl3,0.007964703375738822,1674,Random Forest
Heyl,0.007956822577032358,1675,Random Forest
Ttyh1,0.007955064795817772,1676,Random Forest
Slc4a3,0.007953649396675018,1677,Random Forest
Phyhipl,0.007949586678677659,1678,Random Forest
Ralgds,0.007949022313431801,1679,Random Forest
Dusp14,0.007946881901652318,1680,Random Forest
Amer2,0.007946075331250009,1681,Random Forest
Pfn2,0.007941503207262442,1682,Random Forest
Hepacam,0.007939060810222616,1683,Random Forest
Adh5,0.007937270333562651,1684,Random Forest
1700024G13Rik,0.007936591091202209,1685,Random Forest
Nsg1,0.007927292421008841,1686,Random Forest
Irf5,0.007925445079328342,1687,Random Forest
G6pdx,0.007915164655022539,1688,Random Forest
Ncr1,0.007909305903137034,1689,Random Forest
Tmeff2,0.007909268528513716,1690,Random Forest
1700028P14Rik,0.007894214756945666,1691,Random Forest
Kdelr3,0.007892034997616613,1692,Random Forest
Pcdh17,0.007890067036343214,1693,Random Forest
Gm11744,0.007867607657996972,1694,Random Forest
Cadm4,0.007866744514444366,1695,Random Forest
Fcor,0.00784084391866499,1696,Random Forest
Phldb2,0.007834542700349492,1697,Random Forest
Cd28,0.007833194301928586,1698,Random Forest
Kcnmb1,0.007814038893062576,1699,Random Forest
Gnao1,0.0078114297933711925,1700,Random Forest
Prr32,0.0077938555169287434,1701,Random Forest
Cyp1b1,0.007793305461503906,1702,Random Forest
Sdcbp2,0.007784786006476895,1703,Random Forest
Epb41,0.007777784709980529,1704,Random Forest
Mobp,0.007774632185003587,1705,Random Forest
Pygb,0.007772460742336468,1706,Random Forest
Hist2h4,0.007769991248843494,1707,Random Forest
Sema3b,0.007765173739222685,1708,Random Forest
Rras2,0.007761766297072203,1709,Random Forest
Pde5a,0.007757781311461862,1710,Random Forest
Tnfrsf9,0.007751477954548127,1711,Random Forest
P2ry10,0.007750789938171202,1712,Random Forest
Olfml2a,0.007749325875753339,1713,Random Forest
Selp,0.00774917365269097,1714,Random Forest
Bmp2,0.00774270039401561,1715,Random Forest
Cfap206,0.007742122952155241,1716,Random Forest
Ak7,0.007741223839833484,1717,Random Forest
Loxl2,0.00773461566714326,1718,Random Forest
Gjb2,0.007732967368892834,1719,Random Forest
Asb4,0.0077240836393200505,1720,Random Forest
Gm17750,0.007721740801925699,1721,Random Forest
Matn2,0.0077156357321646295,1722,Random Forest
A930007I19Rik,0.0077147082574518105,1723,Random Forest
Fam71a,0.007709762129042326,1724,Random Forest
Mcee,0.007709081133026373,1725,Random Forest
Spef2,0.007707501843816936,1726,Random Forest
Fam181b,0.007704908219192758,1727,Random Forest
Pax6,0.007703935979580419,1728,Random Forest
Grem2,0.007694420322850383,1729,Random Forest
Psph,0.007693329811290877,1730,Random Forest
Notch3,0.007678686833749786,1731,Random Forest
Ica1l,0.00767758007704,1732,Random Forest
Arrb2,0.007667159675827721,1733,Random Forest
Slc6a9,0.007665872014168293,1734,Random Forest
Vat1l,0.007665575021587119,1735,Random Forest
Cldn11,0.007663711067683456,1736,Random Forest
Pgf,0.007659555355240448,1737,Random Forest
Efcab1,0.007657013530779157,1738,Random Forest
Trpm3,0.007647752397712429,1739,Random Forest
Pih1d2,0.00764543393725371,1740,Random Forest
Fgfr1,0.007644086479832773,1741,Random Forest
Dkk3,0.007643704911285901,1742,Random Forest
Flrt2,0.007632398706734152,1743,Random Forest
Dcdc2a,0.0076061161073786585,1744,Random Forest
Slc1a4,0.007594306393758061,1745,Random Forest
Gprc5b,0.007589631070959754,1746,Random Forest
Slc22a4,0.007587196636985582,1747,Random Forest
Trim2,0.007583946831573111,1748,Random Forest
Nr2f1,0.007583048064959447,1749,Random Forest
Adrb1,0.007582251751452754,1750,Random Forest
Ptprd,0.007582192697164064,1751,Random Forest
Mrap,0.007580998184375564,1752,Random Forest
Dtna,0.007570678024740076,1753,Random Forest
Ccpg1os,0.007569908463454422,1754,Random Forest
Fam171b,0.007569759897418375,1755,Random Forest
1110004E09Rik,0.0075534804105587714,1756,Random Forest
Lgi1,0.007542801697521253,1757,Random Forest
Hapln1,0.007536466534682944,1758,Random Forest
Zmynd15,0.007534464185141015,1759,Random Forest
Gm8369,0.007534181836943875,1760,Random Forest
Tmem63a,0.007534096267416049,1761,Random Forest
Itpk1,0.0075316315861746015,1762,Random Forest
Rnf7,0.0075285624276296885,1763,Random Forest
Gfra2,0.007526643341531112,1764,Random Forest
Fjx1,0.0075182232507356546,1765,Random Forest
Phyh,0.007501093277695124,1766,Random Forest
Auts2,0.007493905847254374,1767,Random Forest
Inmt,0.0074930819817537585,1768,Random Forest
Cab39l,0.007490211931078173,1769,Random Forest
Fam111a,0.007485195243231436,1770,Random Forest
Spef1,0.0074822465333670065,1771,Random Forest
Creb5,0.007477135901762002,1772,Random Forest
Nqo1,0.0074744468359084874,1773,Random Forest
1190005I06Rik,0.007473497837607057,1774,Random Forest
Col8a2,0.007472358599644399,1775,Random Forest
Ly6d,0.007461134251019741,1776,Random Forest
Atp2a2,0.007460048750126836,1777,Random Forest
Acsl3,0.0074578926357028955,1778,Random Forest
Snhg11,0.007454834780518426,1779,Random Forest
Angptl2,0.007452096970434388,1780,Random Forest
Plce1,0.007451124377660826,1781,Random Forest
Mrc2,0.007449724846337392,1782,Random Forest
Snrpn,0.007446663658002856,1783,Random Forest
Bcan,0.00743148528824885,1784,Random Forest
Susd5,0.00743126873115416,1785,Random Forest
Fbln7,0.007425276537459451,1786,Random Forest
Hint2,0.007417963195850177,1787,Random Forest
Rasl10b,0.007410635122668582,1788,Random Forest
Bex2,0.007408532487608703,1789,Random Forest
Snai1,0.007406271660890399,1790,Random Forest
Rnf152,0.007404629773669245,1791,Random Forest
Nrbp2,0.007402872754030392,1792,Random Forest
Dbx2,0.0074019570875932935,1793,Random Forest
Opalin,0.007401797891291218,1794,Random Forest
4930402H24Rik,0.007399190256048157,1795,Random Forest
Bbox1,0.007396298069451171,1796,Random Forest
Gm12216,0.007390661669009254,1797,Random Forest
Mest,0.0073862861514302665,1798,Random Forest
Mir143hg,0.007368425540824904,1799,Random Forest
Cox6b2,0.007360122454718206,1800,Random Forest
Slc5a6,0.0073539329428880685,1801,Random Forest
Grm3,0.0073505715324942746,1802,Random Forest
Tcf15,0.007339919579880359,1803,Random Forest
Abhd3,0.0073348971925057075,1804,Random Forest
Bambi,0.007325567038783887,1805,Random Forest
Loxl1,0.0073020851849737115,1806,Random Forest
Ada,0.007298289688572764,1807,Random Forest
Tmod1,0.00728725513265279,1808,Random Forest
Ppp1r32,0.0072694071097404375,1809,Random Forest
Tnfrsf23,0.00726728199482919,1810,Random Forest
Ccdc34,0.0072670656460021325,1811,Random Forest
Pde1a,0.0072593821066399234,1812,Random Forest
Rorb,0.007257677117778116,1813,Random Forest
Ifng,0.007256025054114373,1814,Random Forest
Ptprf,0.007239499424669074,1815,Random Forest
Scara3,0.007233711041498826,1816,Random Forest
Cul4b,0.007220639461000683,1817,Random Forest
Islr2,0.00721999633142883,1818,Random Forest
Smim22,0.007214378334589244,1819,Random Forest
Egln3,0.0072143173729489534,1820,Random Forest
Smim1,0.007211722060113863,1821,Random Forest
Rspo3,0.007210027735740163,1822,Random Forest
Tspan2,0.0072079559787932386,1823,Random Forest
1500009L16Rik,0.00720679526280257,1824,Random Forest
Mapk15,0.007204083522248272,1825,Random Forest
Ctnnd2,0.007203555548606936,1826,Random Forest
Ccdc80,0.007203230051797806,1827,Random Forest
Car12,0.007196164739562107,1828,Random Forest
Fmo2,0.007195677721465995,1829,Random Forest
Zc2hc1a,0.007194799132409733,1830,Random Forest
Kif21a,0.007186105112329902,1831,Random Forest
Gpld1,0.007185923110746131,1832,Random Forest
Ecm2,0.007182729169457619,1833,Random Forest
Hrsp12,0.0071775405224677865,1834,Random Forest
Asrgl1,0.007176618133323199,1835,Random Forest
Pcdh9,0.007174048220421477,1836,Random Forest
Pcolce2,0.007173018290228769,1837,Random Forest
Nt5dc2,0.007170305892384528,1838,Random Forest
Paqr6,0.0071687882891265185,1839,Random Forest
Stk39,0.007168768000561575,1840,Random Forest
Syt11,0.007167447081801179,1841,Random Forest
Cd79a,0.007166769363684419,1842,Random Forest
Enho,0.007156202002811837,1843,Random Forest
Smtn,0.007150613263760753,1844,Random Forest
Tlcd1,0.007138372958275355,1845,Random Forest
Mboat2,0.007137002471038663,1846,Random Forest
Cetn4,0.007131672221541655,1847,Random Forest
Wfdc18,0.007129879872793945,1848,Random Forest
Srpk1,0.007124702795171813,1849,Random Forest
Klrc1,0.007111010709354432,1850,Random Forest
Pdgfrl,0.007106359698499761,1851,Random Forest
Il1rap,0.007100921879268142,1852,Random Forest
Dhrs9,0.007096398288267269,1853,Random Forest
Igsf11,0.007095292141310213,1854,Random Forest
Zic4,0.007079063566993785,1855,Random Forest
Rrm2,0.007077653031413542,1856,Random Forest
Cd8b1,0.007072358416638809,1857,Random Forest
Limd1,0.007063105485882335,1858,Random Forest
Bace2,0.007062962546580011,1859,Random Forest
Nsg2,0.007041925530926313,1860,Random Forest
Phlda3,0.007040415941356839,1861,Random Forest
Negr1,0.0070311213062190445,1862,Random Forest
Acad8,0.0070186232217073815,1863,Random Forest
Ifit1bl1,0.007015539065589353,1864,Random Forest
Siglec1,0.007015081136478531,1865,Random Forest
4933434E20Rik,0.006986391239798077,1866,Random Forest
Dmp1,0.006982005765154078,1867,Random Forest
Rgs17,0.006977592214960602,1868,Random Forest
Efhd1,0.006976532265265594,1869,Random Forest
Gas1,0.006975226954577698,1870,Random Forest
Slit2,0.006973068166249961,1871,Random Forest
Htra3,0.006971390051999792,1872,Random Forest
S1pr5,0.006969581013908015,1873,Random Forest
Hacd1,0.006963755934096745,1874,Random Forest
Myom1,0.006954363601447053,1875,Random Forest
Enpp5,0.006954336227761914,1876,Random Forest
Clmn,0.0069526469376544435,1877,Random Forest
Tmod2,0.006950195650410917,1878,Random Forest
C730034F03Rik,0.006935144928291447,1879,Random Forest
Bdh1,0.006929355653791147,1880,Random Forest
Top2a,0.00691662355361978,1881,Random Forest
Rgs20,0.006915655928640953,1882,Random Forest
Ednra,0.00691453775807165,1883,Random Forest
Cfap45,0.0069021176703695526,1884,Random Forest
Slc27a1,0.00690070581406195,1885,Random Forest
Idi1,0.006897264479240995,1886,Random Forest
Gucy1a3,0.006892025379579702,1887,Random Forest
Fam180a,0.006888148569469009,1888,Random Forest
Nap1l5,0.0068833078778523585,1889,Random Forest
Nrxn1,0.006874122782066401,1890,Random Forest
Atf5,0.006873720403384027,1891,Random Forest
Cox20,0.006870272504217621,1892,Random Forest
Fzd2,0.006858501122065041,1893,Random Forest
Gprc5c,0.006856819428909042,1894,Random Forest
Tmeff1,0.006851991521744758,1895,Random Forest
Egr2,0.006849276559612433,1896,Random Forest
Tceal3,0.006843261377846506,1897,Random Forest
A730049H05Rik,0.006838594723304981,1898,Random Forest
Aldh1a2,0.006835322411185167,1899,Random Forest
Bex6,0.006828485358177947,1900,Random Forest
Prr18,0.00682775348348334,1901,Random Forest
Slc2a12,0.006826851484126761,1902,Random Forest
Ppp2r3a,0.00681910091466376,1903,Random Forest
Sfxn1,0.006817917255894932,1904,Random Forest
Shisa4,0.0068173816975492145,1905,Random Forest
Pmm1,0.006804511787082057,1906,Random Forest
Pex5l,0.00680411985527916,1907,Random Forest
Mpped2,0.006798949742769356,1908,Random Forest
Ajuba,0.006771955845758614,1909,Random Forest
Ptch1,0.0067693361313097685,1910,Random Forest
C1qtnf7,0.00676746421994072,1911,Random Forest
Gm29538,0.006762216250172587,1912,Random Forest
Aspa,0.006761195097354572,1913,Random Forest
Itih2,0.006759814751012841,1914,Random Forest
Fam81a,0.006748602552604791,1915,Random Forest
Tbx18,0.0067471995460179875,1916,Random Forest
Nrxn2,0.0067450371517266535,1917,Random Forest
Cnp,0.0067450063098736,1918,Random Forest
Map2,0.00674450023070696,1919,Random Forest
Bdh2,0.006741356807548086,1920,Random Forest
Cyp4f15,0.006735601959500934,1921,Random Forest
Prodh,0.0067350177209543165,1922,Random Forest
Ciita,0.006734445319703516,1923,Random Forest
Plekhb1,0.006733358153996514,1924,Random Forest
Col6a2,0.006716422723156259,1925,Random Forest
Sgip1,0.006716411753416528,1926,Random Forest
Cemip,0.006715176885666305,1927,Random Forest
Cfl2,0.006714704711055788,1928,Random Forest
Hspb6,0.006711268401149212,1929,Random Forest
Ift43,0.0067078956750769815,1930,Random Forest
Kif1a,0.0067031332336807475,1931,Random Forest
Crot,0.006702977194059364,1932,Random Forest
Map7d2,0.006696428557835448,1933,Random Forest
Cdhr3,0.00669620195932386,1934,Random Forest
Hba-a2,0.00668808455687664,1935,Random Forest
Mapt,0.006686625789227053,1936,Random Forest
Dync2li1,0.0066620594747311196,1937,Random Forest
Spata24,0.006657323666260113,1938,Random Forest
Acot1,0.006653216250472866,1939,Random Forest
Socs1,0.0066498729978383435,1940,Random Forest
Tnfaip6,0.006649404185913506,1941,Random Forest
Anln,0.00664905825937777,1942,Random Forest
Mir124-2hg,0.00664577460961247,1943,Random Forest
Spag17,0.00664402844485975,1944,Random Forest
Pak1,0.006641842460530994,1945,Random Forest
Cfap77,0.0066395787800972335,1946,Random Forest
Asf1b,0.006636270160027062,1947,Random Forest
9830107B12Rik,0.006633880353176784,1948,Random Forest
Acaa2,0.006631876052594276,1949,Random Forest
Rpl3l,0.0066224911393835545,1950,Random Forest
Slc39a4,0.006615473444406435,1951,Random Forest
Elavl3,0.006614939199923438,1952,Random Forest
Synpr,0.006606205683405464,1953,Random Forest
Lhx2,0.006594545828144609,1954,Random Forest
Hist3h2ba,0.006591754925623559,1955,Random Forest
Alox12,0.0065863072172990455,1956,Random Forest
Gm9780,0.00658086545891133,1957,Random Forest
Hes5,0.006570065456612284,1958,Random Forest
Ccdc146,0.006566390741587394,1959,Random Forest
Pxmp2,0.006566341711874977,1960,Random Forest
Trim59,0.006560545461204813,1961,Random Forest
Appl2,0.006556997655156993,1962,Random Forest
Got1l1,0.006555673448811638,1963,Random Forest
Kcnk3,0.006553234960745704,1964,Random Forest
Nos1,0.006551235267621799,1965,Random Forest
Cdca8,0.0065508117422021965,1966,Random Forest
Prrx1,0.006543297759585329,1967,Random Forest
Gpr37,0.006540721190308968,1968,Random Forest
Fermt3,0.0065391975112721315,1969,Random Forest
Cit,0.006533520382915303,1970,Random Forest
Ccl22,0.006532888026884829,1971,Random Forest
Tbx2,0.006528700802562048,1972,Random Forest
Frmpd1os,0.006521960301875822,1973,Random Forest
Gm26525,0.006521216313753901,1974,Random Forest
Kif1b,0.006515836159862132,1975,Random Forest
Snx15,0.006511844105756958,1976,Random Forest
Cbs,0.0065103341485634155,1977,Random Forest
Ppp1r16b,0.006509113972704829,1978,Random Forest
Polr3h,0.00650709922866923,1979,Random Forest
Omd,0.006496572382859346,1980,Random Forest
Lrrc10b,0.006486678142841948,1981,Random Forest
Itga7,0.006472914820956548,1982,Random Forest
Ctsk,0.006451023119548848,1983,Random Forest
2900052N01Rik,0.0064473188694246075,1984,Random Forest
Adh1,0.006442515128003714,1985,Random Forest
Ccdc33,0.006440996809997892,1986,Random Forest
Slc14a2,0.006438611842066145,1987,Random Forest
Endod1,0.00643852583406237,1988,Random Forest
Nuf2,0.006433524948129075,1989,Random Forest
Nfasc,0.006431812832795842,1990,Random Forest
Rbpms,0.006428985688043425,1991,Random Forest
Sirt2,0.006424342111419638,1992,Random Forest
Cyp26b1,0.006422244618309414,1993,Random Forest
Btla,0.006421028086553258,1994,Random Forest
Wscd1,0.006418067899868448,1995,Random Forest
Trp53bp2,0.00640998915896363,1996,Random Forest
Ccdc167,0.0064051656193494805,1997,Random Forest
Tubb4a,0.0064044309401505226,1998,Random Forest
P2rx1,0.006403446308128286,1999,Random Forest
Pcsk2,0.006399202898578605,2000,Random Forest
Cmss1,0.006386065674453802,2001,Random Forest
Cd55,0.006384442992141269,2002,Random Forest
Plppr4,0.006378306152574852,2003,Random Forest
Zmynd10,0.006374021377673081,2004,Random Forest
Dbndd2,0.006372551494232958,2005,Random Forest
Wdr66,0.006371758634229339,2006,Random Forest
Gpc6,0.006365458858805004,2007,Random Forest
Pigz,0.00633313970722768,2008,Random Forest
Lix1,0.006329282946018934,2009,Random Forest
Plau,0.006324211830796951,2010,Random Forest
Acsl6,0.006318937522438901,2011,Random Forest
Dusp26,0.006318206291103028,2012,Random Forest
Sez6l2,0.006314078395504457,2013,Random Forest
Fbxo36,0.006312778683706715,2014,Random Forest
Bok,0.0063081119605001785,2015,Random Forest
Alx1,0.006305898547626896,2016,Random Forest
Cdh2,0.006293252426189946,2017,Random Forest
Mfap4,0.0062882129561376695,2018,Random Forest
Ppp1r1a,0.006279818267564465,2019,Random Forest
Fnbp1,0.0062694607303704466,2020,Random Forest
Lrp4,0.006265180699958798,2021,Random Forest
Iqcg,0.006264854329488276,2022,Random Forest
Slc26a2,0.006254120741443348,2023,Random Forest
Dpcd,0.006241523035009128,2024,Random Forest
Cfap36,0.0062387610584389045,2025,Random Forest
Ccdc190,0.0062302200846725084,2026,Random Forest
A330048O09Rik,0.0062269262178557706,2027,Random Forest
Itgad,0.006220988795699087,2028,Random Forest
Tppp,0.0062153766723555956,2029,Random Forest
Stra6,0.006210227599685837,2030,Random Forest
Entpd2,0.006206875568078161,2031,Random Forest
Pola2,0.006206230478909885,2032,Random Forest
Fhit,0.006204970193966429,2033,Random Forest
Ngf,0.006201065119100583,2034,Random Forest
Sox11,0.0061994569140668854,2035,Random Forest
6820408C15Rik,0.006192885403010134,2036,Random Forest
Kcnj10,0.006189480585635469,2037,Random Forest
Tgm1,0.006187205512960394,2038,Random Forest
Pcbp3,0.006184879242007611,2039,Random Forest
Cyp2j9,0.006179491202475156,2040,Random Forest
Prkcz,0.006169190296016751,2041,Random Forest
Cd209g,0.00616614045864382,2042,Random Forest
Exoc3l2,0.006162413509513852,2043,Random Forest
Slc2a4,0.006153573663248082,2044,Random Forest
Arrdc3,0.00615304336571731,2045,Random Forest
Gm12326,0.006142188021170209,2046,Random Forest
Gm15440,0.006136518487234768,2047,Random Forest
Tbc1d9,0.006130260196261432,2048,Random Forest
Ankub1,0.006115402616357103,2049,Random Forest
Tbx1,0.006103618370751674,2050,Random Forest
Glrb,0.0061033540661620785,2051,Random Forest
Rbms3,0.006103034882869273,2052,Random Forest
Cd8a,0.006102727975144874,2053,Random Forest
Dtl,0.006102200809760331,2054,Random Forest
Cdh11,0.006099846216289204,2055,Random Forest
Pou3f3,0.0060973202727254506,2056,Random Forest
Fhad1,0.0060939512448572805,2057,Random Forest
Gpc5,0.0060889045220655,2058,Random Forest
Nxnl2,0.006076895745325707,2059,Random Forest
Epdr1,0.006070762915252693,2060,Random Forest
Nkx6-2,0.0060637721084448645,2061,Random Forest
Gabrb1,0.006063237071611884,2062,Random Forest
Fibin,0.006061990534071104,2063,Random Forest
Pygm,0.006061517734929238,2064,Random Forest
Slc47a1,0.006056481005702573,2065,Random Forest
Ncan,0.006055644056300442,2066,Random Forest
Unc13d,0.006047081294627822,2067,Random Forest
Nmral1,0.006044870894469924,2068,Random Forest
Igsf8,0.006042465315394079,2069,Random Forest
Deb1,0.006040106670751347,2070,Random Forest
Apbb1,0.00603025848869702,2071,Random Forest
Hmgb3,0.006030226344292511,2072,Random Forest
Kcnn2,0.006029207113784762,2073,Random Forest
Gzmk,0.006026232997684609,2074,Random Forest
Sv2a,0.006021367103872402,2075,Random Forest
Kcne3,0.006019997801030791,2076,Random Forest
Phlpp1,0.005999806642244963,2077,Random Forest
Lpp,0.00599806297261151,2078,Random Forest
Lrrc74b,0.005996875236577961,2079,Random Forest
Tmem40,0.005996707877628528,2080,Random Forest
Gm17501,0.005992446647528917,2081,Random Forest
Sox8,0.005985808305539926,2082,Random Forest
Vcl,0.005974038450853666,2083,Random Forest
Cspg4,0.005971414626534258,2084,Random Forest
Ehd3,0.005962648712888525,2085,Random Forest
Arpc1a,0.005953134808576725,2086,Random Forest
Spc25,0.00595128769149871,2087,Random Forest
Tmem229a,0.005943999257341835,2088,Random Forest
Il4i1,0.00594333280139276,2089,Random Forest
Metrn,0.00593847193442795,2090,Random Forest
AI464131,0.005934672336510339,2091,Random Forest
Plcd4,0.005930934920136363,2092,Random Forest
Lrrc46,0.0059215178308063485,2093,Random Forest
Nrcam,0.005921055190143953,2094,Random Forest
Pdzph1,0.005920442302074765,2095,Random Forest
Fdft1,0.005918425875874024,2096,Random Forest
Plcl1,0.005905675798912658,2097,Random Forest
Drc7,0.005901861948059801,2098,Random Forest
Arrdc2,0.0059008944072666564,2099,Random Forest
Col12a1,0.005898961309130218,2100,Random Forest
Htr2c,0.005894974798451467,2101,Random Forest
Birc5,0.005887492341222749,2102,Random Forest
Nodal,0.005887257225240387,2103,Random Forest
Arxes2,0.005883359629254482,2104,Random Forest
1500009C09Rik,0.00587678642730564,2105,Random Forest
Lgi3,0.005875700070750587,2106,Random Forest
Lrp1b,0.005871902415753271,2107,Random Forest
Frzb,0.005870914593577396,2108,Random Forest
Mtch1,0.00586865701403273,2109,Random Forest
Qdpr,0.005867803168935256,2110,Random Forest
Ms4a1,0.005863246045639711,2111,Random Forest
Pde10a,0.005861187173347245,2112,Random Forest
Ccdc108,0.0058566092676328955,2113,Random Forest
Kcna1,0.005855926801805702,2114,Random Forest
Pip5k1b,0.005855582989680121,2115,Random Forest
Dnah9,0.005855577477394388,2116,Random Forest
E130114P18Rik,0.00584670706481626,2117,Random Forest
Ngef,0.00583372181144056,2118,Random Forest
Rhou,0.005831747313696346,2119,Random Forest
Klf15,0.005831056835017308,2120,Random Forest
Adamts2,0.0058226988423219295,2121,Random Forest
Cd247,0.005818288315409137,2122,Random Forest
9330159F19Rik,0.005817485435470867,2123,Random Forest
Foxs1,0.005813638027238864,2124,Random Forest
Slc4a5,0.00580598815412947,2125,Random Forest
Cpm,0.005802903625593706,2126,Random Forest
Prps2,0.00580148425496881,2127,Random Forest
Ugt8a,0.005795957767998835,2128,Random Forest
Cap2,0.005794012984691633,2129,Random Forest
Ins2,0.005792498058062565,2130,Random Forest
Abhd17b,0.00579007363331863,2131,Random Forest
Grhpr,0.005787443260895203,2132,Random Forest
Olfml1,0.005784557579829662,2133,Random Forest
Aifm3,0.005776432170929706,2134,Random Forest
Ank3,0.005773397170611944,2135,Random Forest
1700040L02Rik,0.005758111927510994,2136,Random Forest
Bex4,0.005754923639123458,2137,Random Forest
Clic3,0.005738650266688324,2138,Random Forest
Tgfb1i1,0.005737633172178772,2139,Random Forest
Olig1,0.005731695154693678,2140,Random Forest
Abca4,0.005724632493418665,2141,Random Forest
Tmem255b,0.005720824168958426,2142,Random Forest
Fut9,0.005713095863611816,2143,Random Forest
Nts,0.005712193105723454,2144,Random Forest
Tmem158,0.005710043378301546,2145,Random Forest
Arhgef40,0.005699537360716924,2146,Random Forest
Stat4,0.005689863613664081,2147,Random Forest
Fmod,0.005687628451142613,2148,Random Forest
Samd4,0.005686936801242963,2149,Random Forest
Otx2,0.005686008167583456,2150,Random Forest
Aldh1l1,0.00568408190813449,2151,Random Forest
Chpt1,0.005675596885926921,2152,Random Forest
Slc44a1,0.005674197741077739,2153,Random Forest
Cdk15,0.005670791073620855,2154,Random Forest
Ppfibp2,0.005668322171719611,2155,Random Forest
0610011F06Rik,0.005664133973946068,2156,Random Forest
Mmp2,0.005661955486780074,2157,Random Forest
Drc1,0.005658544334476025,2158,Random Forest
Foxc2,0.005651746482940535,2159,Random Forest
Arhgef7,0.0056515159806187565,2160,Random Forest
Fam46b,0.005617879874934918,2161,Random Forest
Vit,0.00561440038749509,2162,Random Forest
Tcap,0.0056115167536268445,2163,Random Forest
Hbb-bt,0.00559902903381616,2164,Random Forest
Ubxn11,0.005595952020028432,2165,Random Forest
Mnd1,0.0055884514792334545,2166,Random Forest
Spata33,0.005578322159812631,2167,Random Forest
Rrad,0.005572393699729029,2168,Random Forest
Map7,0.0055679397034434485,2169,Random Forest
Hspa4l,0.005562389045620162,2170,Random Forest
Gm17455,0.005562044762855789,2171,Random Forest
Hmgn5,0.005560385201693929,2172,Random Forest
Flrt3,0.0055572361957409114,2173,Random Forest
Mag,0.005556523455596297,2174,Random Forest
Brinp3,0.005549526748495326,2175,Random Forest
Cyp2j6,0.005548593728115047,2176,Random Forest
Hepacam2,0.005528871696426166,2177,Random Forest
Kirrel2,0.005528111812139047,2178,Random Forest
Ttyh3,0.005527680698384274,2179,Random Forest
Rlbp1,0.005526677006031028,2180,Random Forest
Ptchd4,0.005511699013939137,2181,Random Forest
Acaca,0.005505529253341409,2182,Random Forest
Steap2,0.005494779388053476,2183,Random Forest
Hydin,0.0054821777690768686,2184,Random Forest
Lox,0.005481897671261851,2185,Random Forest
Svip,0.005476214505450947,2186,Random Forest
Npas3,0.0054761131535263794,2187,Random Forest
Abca2,0.005474911225521068,2188,Random Forest
Tekt4,0.0054743332854095385,2189,Random Forest
Gm15417,0.00545126392804379,2190,Random Forest
Dlgap1,0.0054444755130146835,2191,Random Forest
Shisa8,0.005443448037889489,2192,Random Forest
Pcyt2,0.005431584542447899,2193,Random Forest
Fasl,0.005430136430202051,2194,Random Forest
Cyp4f14,0.005408258153494814,2195,Random Forest
Slc22a6,0.005408017533611239,2196,Random Forest
Arhgef26,0.005407992298002688,2197,Random Forest
Hey2,0.005401228035799199,2198,Random Forest
Cdo1,0.00539826442635073,2199,Random Forest
P3h3,0.005396608189355333,2200,Random Forest
Ffar2,0.005394407466238718,2201,Random Forest
Ak8,0.005391598714756284,2202,Random Forest
Ppp1r3c,0.005387305026342483,2203,Random Forest
Foxg1,0.0053846891230366085,2204,Random Forest
Cldn2,0.005382649793629803,2205,Random Forest
Gnai1,0.00537745497717378,2206,Random Forest
Cox7a1,0.005370497385195194,2207,Random Forest
Prr29,0.005364259739500557,2208,Random Forest
Slitrk2,0.005356075446908596,2209,Random Forest
Tmem72,0.005355052065388714,2210,Random Forest
Ooep,0.005353741004703409,2211,Random Forest
Ccdc121,0.0053521258463425925,2212,Random Forest
Fuom,0.005348677552334708,2213,Random Forest
Itgb4,0.0053458341639554706,2214,Random Forest
Fam132a,0.0053412092489576735,2215,Random Forest
Dnah6,0.005335476460806506,2216,Random Forest
Adgrg6,0.0053353774602882525,2217,Random Forest
Rrm2b,0.005333683316854606,2218,Random Forest
Dennd5b,0.0053294079583388835,2219,Random Forest
Plekhh3,0.0053245122277457355,2220,Random Forest
Rasl11b,0.0053203759822467635,2221,Random Forest
Sept8,0.005319419480305724,2222,Random Forest
Ssu2,0.005305427976141805,2223,Random Forest
C1s1,0.00530439834897174,2224,Random Forest
Josd2,0.005303404603469203,2225,Random Forest
Tprn,0.005288577273860371,2226,Random Forest
Wdr78,0.00526790164506433,2227,Random Forest
Crb3,0.005267861551112659,2228,Random Forest
Lig1,0.005264709176410231,2229,Random Forest
Maats1,0.0052641162312833,2230,Random Forest
Cadm2,0.00526400918581119,2231,Random Forest
Rgma,0.005263944775428902,2232,Random Forest
Pcdh10,0.005260565286211517,2233,Random Forest
Csdc2,0.005257776792585959,2234,Random Forest
Morn2,0.005252771517477575,2235,Random Forest
Pou3f2,0.005246514140298432,2236,Random Forest
Serpinb1b,0.0052367767513683,2237,Random Forest
Lamb3,0.005236353752450198,2238,Random Forest
Slc29a4,0.005236166544638622,2239,Random Forest
Klhl2,0.005230420678272944,2240,Random Forest
Atp9a,0.00522151717008374,2241,Random Forest
Fam177a,0.005218149832635033,2242,Random Forest
Cdc37l1,0.005216606035857953,2243,Random Forest
Tmem151a,0.005216324906872962,2244,Random Forest
Adcyap1r1,0.005211834872264175,2245,Random Forest
Clip3,0.0051921452593525,2246,Random Forest
Cntn1,0.005187575126371534,2247,Random Forest
Ephb1,0.005182231626677053,2248,Random Forest
Gabrg1,0.00518024153757111,2249,Random Forest
Mras,0.005164045667634483,2250,Random Forest
Cntnap2,0.0051639622619968455,2251,Random Forest
Ptx3,0.005155700094182447,2252,Random Forest
Epn3,0.0051556354257401606,2253,Random Forest
Tfpi2,0.005154758060386113,2254,Random Forest
Chek2,0.005154699914688081,2255,Random Forest
Dcaf12l1,0.005146358688926976,2256,Random Forest
Vldlr,0.005144545258031042,2257,Random Forest
Dnah5,0.005133899311404705,2258,Random Forest
Cd300e,0.005133590586741569,2259,Random Forest
Ppp2r2b,0.00512956274716292,2260,Random Forest
Slc4a2,0.005128189302202554,2261,Random Forest
Bfsp2,0.005126486688648279,2262,Random Forest
Enpp6,0.005118340413686711,2263,Random Forest
Thumpd3,0.005116962243650392,2264,Random Forest
Myo16,0.005111857333645528,2265,Random Forest
Arc,0.005109753638270297,2266,Random Forest
Serpina3f,0.005105670908770942,2267,Random Forest
Hmgcs1,0.005104915365405306,2268,Random Forest
CR974586.5,0.0051048081348568615,2269,Random Forest
Ndp,0.005101239715827543,2270,Random Forest
Nrg1,0.005095892029117297,2271,Random Forest
Cbr3,0.005075231469021792,2272,Random Forest
Aatk,0.005074932749800323,2273,Random Forest
Stmn4,0.005074659020504323,2274,Random Forest
Srcin1,0.005073308905338093,2275,Random Forest
Thbs3,0.005070272711917565,2276,Random Forest
Fbxo44,0.005067684247765362,2277,Random Forest
Ccnb2,0.005053400009464828,2278,Random Forest
Sfrp5,0.00505052020620461,2279,Random Forest
Fn3k,0.005043379740841332,2280,Random Forest
Epha5,0.005041751290310856,2281,Random Forest
Cmah,0.0050381503982442465,2282,Random Forest
Trpc4,0.0050298044341161655,2283,Random Forest
Slain1,0.0050272932078939915,2284,Random Forest
Kazn,0.0050270864576181665,2285,Random Forest
Olfr78,0.005022779792954435,2286,Random Forest
Mog,0.00501700078942593,2287,Random Forest
FRMPD2,0.005011529430617614,2288,Random Forest
Pthlh,0.005008211654332863,2289,Random Forest
Adgrv1,0.00497506480563374,2290,Random Forest
B9d1,0.0049732504484006805,2291,Random Forest
Cacnb3,0.004972124299678138,2292,Random Forest
Gm16006,0.004970230849266471,2293,Random Forest
Mapk8ip1,0.004965876902857452,2294,Random Forest
Krt8,0.004962289239266504,2295,Random Forest
Elovl6,0.004961726205175392,2296,Random Forest
Gm5,0.004961604081285755,2297,Random Forest
Sult1c2,0.004958076832471299,2298,Random Forest
Fank1,0.004956969108277048,2299,Random Forest
Fcmr,0.004956611625727649,2300,Random Forest
Jph4,0.004954144121597014,2301,Random Forest
Tnni1,0.004952043966664027,2302,Random Forest
Gm29508,0.0049518962305538546,2303,Random Forest
Dcaf17,0.004951575550647946,2304,Random Forest
Stxbp3,0.004946113365544226,2305,Random Forest
Ermn,0.004944225124821883,2306,Random Forest
Dner,0.004938485851665557,2307,Random Forest
Ncald,0.004927588281344041,2308,Random Forest
Cpxm1,0.004925649569482755,2309,Random Forest
Paqr8,0.004919779572504769,2310,Random Forest
Anks1b,0.004919368516222352,2311,Random Forest
Sh3gl3,0.004917559824619878,2312,Random Forest
Rtkn,0.004912579867826764,2313,Random Forest
Wdr63,0.004911433678483405,2314,Random Forest
Sccpdh,0.004910408911866353,2315,Random Forest
Chchd6,0.004907142028485858,2316,Random Forest
Coch,0.004905864285026361,2317,Random Forest
Dio2,0.004902526478158355,2318,Random Forest
Pomc,0.004893796251351777,2319,Random Forest
Pdcd1,0.0048886271918629045,2320,Random Forest
Dnajb13,0.004888621529697925,2321,Random Forest
Tiam2,0.004884468126434434,2322,Random Forest
Ninj2,0.004882982462609381,2323,Random Forest
Sfrp4,0.004873051442937221,2324,Random Forest
Fstl3,0.00487212704220445,2325,Random Forest
Magi2,0.004864082980482321,2326,Random Forest
3830403N18Rik,0.004863400156984857,2327,Random Forest
Pcdh11x,0.004862586748780581,2328,Random Forest
Gjb1,0.004857673854449552,2329,Random Forest
Cdkn3,0.004856278292076054,2330,Random Forest
Daw1,0.004852525506072177,2331,Random Forest
Gm26772,0.004851019983071234,2332,Random Forest
Fads2,0.004847325585786349,2333,Random Forest
Nudt17,0.0048470496864351335,2334,Random Forest
Map6d1,0.00484154396148217,2335,Random Forest
Fcrla,0.004835792244437941,2336,Random Forest
Celf4,0.004833300739261776,2337,Random Forest
Tmem27,0.004828450344639006,2338,Random Forest
Nusap1,0.0048249796621674685,2339,Random Forest
Gjc3,0.004822397232354452,2340,Random Forest
Saxo2,0.004818339574570885,2341,Random Forest
Zp3,0.004812770063067513,2342,Random Forest
Plek2,0.004809903160001108,2343,Random Forest
Clybl,0.0048098810488549915,2344,Random Forest
Plekhf1,0.004807345824420667,2345,Random Forest
Ephx2,0.004802446342568862,2346,Random Forest
Gldc,0.004801619377014182,2347,Random Forest
St6galnac5,0.004775756929420688,2348,Random Forest
Spock3,0.004769520074584544,2349,Random Forest
Edil3,0.004766999199836311,2350,Random Forest
Kctd13,0.004763162057552104,2351,Random Forest
Pla2g3,0.004761394306677473,2352,Random Forest
Vpreb3,0.00475861367927714,2353,Random Forest
Klrb1a,0.004758102340829461,2354,Random Forest
Tnc,0.004753056446932197,2355,Random Forest
Chrdl1,0.0047442629884510085,2356,Random Forest
Desi1,0.004743313105907824,2357,Random Forest
Rilp,0.004741585922966443,2358,Random Forest
Slc7a3,0.004728122333347242,2359,Random Forest
Ces2e,0.004727887556586782,2360,Random Forest
Elmod1,0.004719219094233592,2361,Random Forest
Kcnj16,0.004689568826587452,2362,Random Forest
Cd160,0.004682342438831362,2363,Random Forest
Cth,0.004678563804399893,2364,Random Forest
Gjc2,0.004672095793355132,2365,Random Forest
Acot5,0.004669347070282455,2366,Random Forest
Bcas1,0.004644245642169652,2367,Random Forest
Armc4,0.004641833417451994,2368,Random Forest
Epb41l3,0.004638712737085057,2369,Random Forest
Col23a1,0.004637152393915503,2370,Random Forest
Lrrn1,0.0046151928022531005,2371,Random Forest
Stbd1,0.004613869264659531,2372,Random Forest
Crym,0.004605770804998516,2373,Random Forest
Stfa1,0.004600671946890328,2374,Random Forest
Rnf182,0.00459542421793141,2375,Random Forest
Gm10561,0.004593979007585602,2376,Random Forest
Nim1k,0.004592498811071078,2377,Random Forest
Gpt,0.004591947136476736,2378,Random Forest
Sfrp1,0.004582000966389359,2379,Random Forest
Matn4,0.004576333656589175,2380,Random Forest
Myrf,0.004573875667923342,2381,Random Forest
Tmem163,0.004560808954105462,2382,Random Forest
Flnc,0.004556580829982736,2383,Random Forest
Gdf10,0.004551161319915092,2384,Random Forest
Fam20a,0.004537430475899806,2385,Random Forest
Bpgm,0.004533299405723818,2386,Random Forest
Dpep1,0.004532009647353815,2387,Random Forest
Platr17,0.004525465780520441,2388,Random Forest
Cep162,0.004520637216544681,2389,Random Forest
Ppargc1a,0.004512852620393251,2390,Random Forest
Spc24,0.004503609812212648,2391,Random Forest
Strip2,0.004495875728931729,2392,Random Forest
Smpd3,0.004495459624663053,2393,Random Forest
Scara5,0.004493997403931557,2394,Random Forest
Dab1,0.0044917290289530854,2395,Random Forest
Mzb1,0.004483263215038647,2396,Random Forest
Gucy2g,0.004479055144048135,2397,Random Forest
Pcbp4,0.00447411769513972,2398,Random Forest
Fgfr2,0.004473398311438007,2399,Random Forest
Sox10,0.004460262910396015,2400,Random Forest
Rsph10b,0.004450649503979047,2401,Random Forest
Gm13075,0.004439146405973882,2402,Random Forest
Kndc1,0.004438621829683735,2403,Random Forest
Lrrc36,0.004437088304283622,2404,Random Forest
Dnajb2,0.004433990731966582,2405,Random Forest
Klri2,0.004431967435019141,2406,Random Forest
Cdca3,0.004430585134621802,2407,Random Forest
Rnf138rt1,0.004411131742522655,2408,Random Forest
Gm26867,0.0044058992364301094,2409,Random Forest
Stoml3,0.004394581088225822,2410,Random Forest
Mapk4,0.004392993240474675,2411,Random Forest
Sytl2,0.004390955568323442,2412,Random Forest
Hotairm1,0.004387940151814942,2413,Random Forest
Hcn2,0.004379756216503296,2414,Random Forest
Smco3,0.004376806206276636,2415,Random Forest
Tmem88b,0.004375729573776318,2416,Random Forest
Aox3,0.004373694266529695,2417,Random Forest
Gja5,0.0043731806567358185,2418,Random Forest
Arhgef25,0.0043647998438472516,2419,Random Forest
RP23-4H17.3,0.004356664196241613,2420,Random Forest
Col5a2,0.004339542502373579,2421,Random Forest
Tmem38a,0.004335428924207939,2422,Random Forest
Bcl11b,0.0043276590987284215,2423,Random Forest
Cd209d,0.0043226727923401445,2424,Random Forest
Srpx2,0.004316236976118317,2425,Random Forest
Tnfrsf11b,0.0043146007561191725,2426,Random Forest
Efna5,0.00431275117521301,2427,Random Forest
Stmnd1,0.004311827377091649,2428,Random Forest
Tc2n,0.004301271217064761,2429,Random Forest
Fezf2,0.0042993767170274675,2430,Random Forest
Nrtn,0.004299040063437793,2431,Random Forest
Cpxm2,0.004299017422319854,2432,Random Forest
Abca8a,0.00429402666639619,2433,Random Forest
Gm5547,0.0042872149421256354,2434,Random Forest
Foxp2,0.004274315123420086,2435,Random Forest
Osr1,0.004259753628995063,2436,Random Forest
Mfap3l,0.00425804055230175,2437,Random Forest
Poc1a,0.004251524149099569,2438,Random Forest
Spock1,0.004247848537519517,2439,Random Forest
Gm19585,0.00424601924511497,2440,Random Forest
Efnb3,0.004242797091356601,2441,Random Forest
Faim2,0.004233835921139472,2442,Random Forest
Ccp110,0.004225465831096728,2443,Random Forest
Wfikkn2,0.0042233917370435945,2444,Random Forest
Polr3e,0.004223259520880926,2445,Random Forest
Penk,0.004213647911551138,2446,Random Forest
Gfod2,0.0042110782130820815,2447,Random Forest
Phldb1,0.004210590482099006,2448,Random Forest
Cpox,0.004210092397659689,2449,Random Forest
Tspan11,0.004202872471331102,2450,Random Forest
Ccdc40,0.00420218164083742,2451,Random Forest
Nr2e1,0.004201354140348009,2452,Random Forest
Lgr4,0.004185264648385,2453,Random Forest
Morn3,0.004184303927974592,2454,Random Forest
Pla2g2d,0.004174495554436647,2455,Random Forest
Emx2,0.0041637365320172735,2456,Random Forest
Bex1,0.004159654516280546,2457,Random Forest
Htr1b,0.004146730211009571,2458,Random Forest
Ccdc184,0.004137611345812449,2459,Random Forest
Asgr1,0.004126853242967606,2460,Random Forest
Fzd9,0.004118983684026007,2461,Random Forest
Klrb1f,0.0041147907513301215,2462,Random Forest
Larp6,0.004106105472293307,2463,Random Forest
Saa1,0.0040985691275898534,2464,Random Forest
Olig2,0.004098200232140284,2465,Random Forest
Agl,0.00409776423793978,2466,Random Forest
Dusp15,0.004092168963724288,2467,Random Forest
Npy,0.004084490583994591,2468,Random Forest
Pgam2,0.004079219689666894,2469,Random Forest
Uox,0.004074033533767869,2470,Random Forest
Alx3,0.004064474199020587,2471,Random Forest
Vnn3,0.004060122719109677,2472,Random Forest
Ranbp3l,0.004050763993967706,2473,Random Forest
Tmem171,0.004049192477050833,2474,Random Forest
Msi1,0.0040437218920619114,2475,Random Forest
Tespa1,0.004038300530641329,2476,Random Forest
Stmn3,0.004033781441629943,2477,Random Forest
Fam216b,0.004032144303631031,2478,Random Forest
Pde4c,0.004025565994098642,2479,Random Forest
Kcna2,0.0040214066778981004,2480,Random Forest
Map1a,0.0040163999459131355,2481,Random Forest
D630024D03Rik,0.004016338003206223,2482,Random Forest
Slc26a7,0.0040122303748068005,2483,Random Forest
Nat8,0.00400767520900161,2484,Random Forest
Tcf21,0.004007074458805945,2485,Random Forest
Noa1,0.00399402102310637,2486,Random Forest
AI854517,0.00399035478354945,2487,Random Forest
Bcat1,0.003988525727951345,2488,Random Forest
Ablim2,0.0039806147300199095,2489,Random Forest
Thbs2,0.003973375832115893,2490,Random Forest
Prox1,0.003971601724990077,2491,Random Forest
Ube2c,0.003970771736959131,2492,Random Forest
Hhip,0.0039638421621325005,2493,Random Forest
Il2ra,0.003959086711963981,2494,Random Forest
Lyzl4,0.0039584396410641005,2495,Random Forest
Tk1,0.0039562188423215355,2496,Random Forest
Cytl1,0.003952729488487339,2497,Random Forest
Tyro3,0.003947089263538437,2498,Random Forest
Mpzl2,0.00394656890196186,2499,Random Forest
Slc9b2,0.003946526302279855,2500,Random Forest
Rpl39l,0.003945997392565895,2501,Random Forest
Fa2h,0.003934036823248857,2502,Random Forest
Gm20383,0.003930584409339157,2503,Random Forest
Gm20186,0.0038955658611458176,2504,Random Forest
Tnxb,0.0038866949254916685,2505,Random Forest
Hbb-y,0.0038838828608806987,2506,Random Forest
Lgi4,0.003881464992169172,2507,Random Forest
Prc1,0.0038703978736091046,2508,Random Forest
Six1,0.003869462968188051,2509,Random Forest
Cxadr,0.003869326496112561,2510,Random Forest
Lpar3,0.0038674129555547306,2511,Random Forest
Cd226,0.0038662676466308947,2512,Random Forest
Erich3,0.0038620473786092607,2513,Random Forest
Gm13470,0.003854799581402161,2514,Random Forest
Six3,0.0038475994288276936,2515,Random Forest
Tspan8,0.0038472381374085036,2516,Random Forest
Gm29666,0.0038446487159456678,2517,Random Forest
Mki67,0.0038316597164524883,2518,Random Forest
Mb,0.0038256104581213786,2519,Random Forest
Car9,0.0038159076048405,2520,Random Forest
Dydc2,0.0038151366800534972,2521,Random Forest
Tnfrsf13c,0.0038104706809290807,2522,Random Forest
Samd3,0.003809344566005165,2523,Random Forest
Nrn1,0.003806604084942513,2524,Random Forest
Crabp2,0.0037896303535946804,2525,Random Forest
Iqub,0.003786089188287344,2526,Random Forest
Ap2a1,0.003777704380632826,2527,Random Forest
Gap43,0.003777510717891912,2528,Random Forest
Snca,0.003777300390062971,2529,Random Forest
Cd109,0.003776174803307184,2530,Random Forest
Fxyd2,0.0037693545383221494,2531,Random Forest
Ado,0.0037599092674625778,2532,Random Forest
Otx2os1,0.0037579508468696694,2533,Random Forest
Tusc5,0.00375552773339419,2534,Random Forest
Aurka,0.003745594797559773,2535,Random Forest
Pak7,0.0037371385351238663,2536,Random Forest
Gpr62,0.0037310200893367397,2537,Random Forest
Pik3c2b,0.0037239947162310306,2538,Random Forest
Ccdc81,0.0037160649638147236,2539,Random Forest
Zfp536,0.003715607934916746,2540,Random Forest
Tctex1d1,0.0037149951032608396,2541,Random Forest
Plet1,0.0037149200537702686,2542,Random Forest
Bhmt,0.0037125148706277614,2543,Random Forest
Frmd8,0.003707077059320046,2544,Random Forest
Nrxn3,0.003698036191800665,2545,Random Forest
Ccnb1,0.00368466183403171,2546,Random Forest
Fam92b,0.0036629867318089242,2547,Random Forest
Msc,0.003649051154466172,2548,Random Forest
Myb,0.0036446810140042876,2549,Random Forest
Prrx2,0.0036344878779543737,2550,Random Forest
Nnmt,0.003626116924001577,2551,Random Forest
Cd209b,0.0036085477806344518,2552,Random Forest
Gal3st1,0.0036078324627252865,2553,Random Forest
Plppr3,0.0036069951628982934,2554,Random Forest
BC021614,0.0036050879963453165,2555,Random Forest
Moxd1,0.003600368188385137,2556,Random Forest
Cenpf,0.0036001766287506506,2557,Random Forest
Eomes,0.0035962830473610903,2558,Random Forest
Adamts5,0.0035882178544768607,2559,Random Forest
Ccdc78,0.003572283641354327,2560,Random Forest
Gzmm,0.0035703060530107894,2561,Random Forest
Nlrc3,0.0035636220902158624,2562,Random Forest
Arhgdig,0.003544483037988061,2563,Random Forest
2010005H15Rik,0.0035362080566215177,2564,Random Forest
Fmr1nb,0.003529589777244647,2565,Random Forest
D7Ertd443e,0.0035148536318002055,2566,Random Forest
Ypel2,0.0034911836237924263,2567,Random Forest
Gata3,0.0034899378764414826,2568,Random Forest
Orm1,0.003487083667888828,2569,Random Forest
Adamts20,0.003486142154943455,2570,Random Forest
Gm14051,0.003481265938813638,2571,Random Forest
Upb1,0.003473944341127819,2572,Random Forest
Prg4,0.0034712643467688592,2573,Random Forest
Gm44257,0.0034669260168237893,2574,Random Forest
Mfap5,0.0034619874756585036,2575,Random Forest
Slc24a2,0.003450458453204832,2576,Random Forest
Lrrc4b,0.003439638192261348,2577,Random Forest
1700019G24Rik,0.003433929723091901,2578,Random Forest
Sept3,0.0034334515758346023,2579,Random Forest
Cfap53,0.003429449350183073,2580,Random Forest
RP23-291B1.2,0.0034267224233011763,2581,Random Forest
Retn,0.003415872802178673,2582,Random Forest
Ccna2,0.0034125040022408982,2583,Random Forest
Aplnr,0.003410131913170214,2584,Random Forest
Pvalb,0.0034085299053197614,2585,Random Forest
Calb1,0.003403345132362093,2586,Random Forest
Saa2,0.003400095801806786,2587,Random Forest
Bnc2,0.003396731772128254,2588,Random Forest
Aurkb,0.003396690443775054,2589,Random Forest
Ptpdc1,0.0033906015650691005,2590,Random Forest
Marc1,0.0033833232631441507,2591,Random Forest
Cd209c,0.003382733485688447,2592,Random Forest
Grap2,0.003370148774316646,2593,Random Forest
Tsku,0.0033643798053867064,2594,Random Forest
Dlec1,0.0033610785202555487,2595,Random Forest
Btbd16,0.0033517212711214905,2596,Random Forest
Rbp2,0.003350488511125966,2597,Random Forest
Dkk2,0.0033487160499841954,2598,Random Forest
Rab33a,0.003342860148198599,2599,Random Forest
Gng8,0.0033375053999310225,2600,Random Forest
Wnt3,0.0033341378798914948,2601,Random Forest
Cfap157,0.003326811441703661,2602,Random Forest
Medag,0.003324549747922157,2603,Random Forest
Olr1,0.0033236712763544136,2604,Random Forest
Paip2b,0.0033226364647873587,2605,Random Forest
Tmem125,0.0033148257042762714,2606,Random Forest
Cfap46,0.003307268304433637,2607,Random Forest
Rax,0.0033071106069086052,2608,Random Forest
Plk4,0.0033064973598410214,2609,Random Forest
Ffar4,0.0033029226175716464,2610,Random Forest
Glra1,0.003300359274201382,2611,Random Forest
Ckap2l,0.003299031425760274,2612,Random Forest
Vwa5b1,0.0032905214040116594,2613,Random Forest
Gabbr2,0.0032865375394848816,2614,Random Forest
Spib,0.003280573147757786,2615,Random Forest
Lama1,0.0032761818791260705,2616,Random Forest
Ptprn,0.003271721774862574,2617,Random Forest
Abi3bp,0.0032641638613823444,2618,Random Forest
Gfpt2,0.003262883530944117,2619,Random Forest
Elovl2,0.0032602458761392893,2620,Random Forest
Crtac1,0.0032484274684337422,2621,Random Forest
Scn7a,0.003235355168067515,2622,Random Forest
Lrrc71,0.0032319369034961324,2623,Random Forest
Rad54l,0.0032277130885043615,2624,Random Forest
Smoc2,0.003225793788702562,2625,Random Forest
Npr3,0.003225474815014198,2626,Random Forest
Dthd1,0.0032197263716220036,2627,Random Forest
Nipa1,0.0032165343818156542,2628,Random Forest
Ppp2r2c,0.003215662425257246,2629,Random Forest
Cldn3,0.0032062697828512403,2630,Random Forest
Cyp2j12,0.003205967677030192,2631,Random Forest
Icos,0.0031930997181941704,2632,Random Forest
Dcstamp,0.003192646686093231,2633,Random Forest
A230009B12Rik,0.0031722953039123106,2634,Random Forest
Bbof1,0.003168632117237438,2635,Random Forest
Plpp4,0.0031622930446899085,2636,Random Forest
Alas2,0.0031581276865134626,2637,Random Forest
Dnah14,0.003157737371954838,2638,Random Forest
Pbk,0.003139994393324455,2639,Random Forest
Pls1,0.00313333440464121,2640,Random Forest
Tulp3,0.003133193269500228,2641,Random Forest
Rbp4,0.003132035231626854,2642,Random Forest
Zfp474,0.003130512380405532,2643,Random Forest
Itk,0.0031168501182865815,2644,Random Forest
Cyp4b1,0.0031146994058405364,2645,Random Forest
Prox1os,0.0031045679455259123,2646,Random Forest
Uckl1os,0.0030999795852816236,2647,Random Forest
Pak3,0.0030958460385902336,2648,Random Forest
BC094916,0.003094564958418789,2649,Random Forest
Sag,0.0030860387291210293,2650,Random Forest
Gm12144,0.0030855746930777334,2651,Random Forest
Rsph14,0.0030854033201379904,2652,Random Forest
Pou3f1,0.003084294481430734,2653,Random Forest
Adamtsl3,0.0030737577976210594,2654,Random Forest
Syt10,0.003071544910250703,2655,Random Forest
Cntn2,0.0030670311169508544,2656,Random Forest
Tmem80,0.003057172463848673,2657,Random Forest
Ptgdr,0.0030567466467203027,2658,Random Forest
Cdc20,0.0030506039746156285,2659,Random Forest
Fcnb,0.003033423906212501,2660,Random Forest
Nkain2,0.00302716962478378,2661,Random Forest
Lyz1,0.0030208364840426582,2662,Random Forest
Cd6,0.0029655130137363093,2663,Random Forest
Tnr,0.0029598089712743647,2664,Random Forest
Mis18bp1,0.0029406404614236432,2665,Random Forest
Rufy4,0.0029279981019295874,2666,Random Forest
Terf2ip,0.0029238648305763646,2667,Random Forest
Gm43536,0.0029184244880315004,2668,Random Forest
Cd96,0.0029158091013840037,2669,Random Forest
Nol3,0.0028956346824108845,2670,Random Forest
Sfrp2,0.0028933732825826373,2671,Random Forest
Tmem59l,0.002876485970463553,2672,Random Forest
Cidea,0.0028668332579053868,2673,Random Forest
Sult5a1,0.002855362561682185,2674,Random Forest
Dnah7a,0.0028492965540216765,2675,Random Forest
Ttc29,0.0028458713949976386,2676,Random Forest
Plekhh1,0.002814948423019683,2677,Random Forest
Actn2,0.002807914749957376,2678,Random Forest
Colec11,0.002785790492744269,2679,Random Forest
Slc35g1,0.002783389231447934,2680,Random Forest
Igfbpl1,0.002776128442380932,2681,Random Forest
Dscaml1,0.002774901276247735,2682,Random Forest
Defb9,0.0027634883810051664,2683,Random Forest
Fam19a1,0.002761841715723711,2684,Random Forest
Ano4,0.0027590077304878355,2685,Random Forest
Btnl9,0.0027547048437144097,2686,Random Forest
Chac1,0.0027464231267176676,2687,Random Forest
Akap14,0.002721882252270227,2688,Random Forest
Tmem232,0.0027150528560587433,2689,Random Forest
Nfe2l3,0.002708919060213678,2690,Random Forest
Aldh1a3,0.0027082843193546404,2691,Random Forest
Shcbp1,0.002704607744172206,2692,Random Forest
Zfp365,0.002704035196999085,2693,Random Forest
Scd3,0.002703659392821641,2694,Random Forest
Cd19,0.002700385135481974,2695,Random Forest
Rprm,0.0026996949067767543,2696,Random Forest
Ak9,0.0026824847211062712,2697,Random Forest
Kcnk5,0.0026738671771029954,2698,Random Forest
Ucma,0.0026602883676094583,2699,Random Forest
Irx5,0.0026567019644807054,2700,Random Forest
Plk1,0.0026555369989820915,2701,Random Forest
Als2,0.0026472898383019363,2702,Random Forest
Fam83d,0.0026048295928145643,2703,Random Forest
Piezo2,0.0026021698926738477,2704,Random Forest
Tbx21,0.0025969471600738544,2705,Random Forest
Ctxn3,0.002591368218725798,2706,Random Forest
Stc2,0.0025628251643296045,2707,Random Forest
Pcgf2,0.002559004199841836,2708,Random Forest
Wnt6,0.002552191617179798,2709,Random Forest
Gm13536,0.0025439504390677888,2710,Random Forest
Pon1,0.002537012961726621,2711,Random Forest
Gm20661,0.002535094283913776,2712,Random Forest
Pparg,0.0024922934836664086,2713,Random Forest
Clspn,0.0024900409249903523,2714,Random Forest
Ryr2,0.002489367579316129,2715,Random Forest
Gabrr2,0.0024821367819527888,2716,Random Forest
Neil3,0.0024739114011883305,2717,Random Forest
Barx2,0.0024637970654037356,2718,Random Forest
St18,0.0024585137924922457,2719,Random Forest
Nog,0.002448255781097025,2720,Random Forest
Lhfpl4,0.002436499060631303,2721,Random Forest
Nell2,0.0024356461726751733,2722,Random Forest
Nppc,0.0024342323896816014,2723,Random Forest
Calb2,0.0024147776234241655,2724,Random Forest
Tjp3,0.0024086848555621813,2725,Random Forest
Gm21149,0.0023749157030379512,2726,Random Forest
Blk,0.0023483888665156052,2727,Random Forest
Sap30bpos,0.0023470131586683764,2728,Random Forest
Fbxl13,0.0023277282460779135,2729,Random Forest
Ptgfr,0.0023178219465178184,2730,Random Forest
A330069E16Rik,0.002298570454927928,2731,Random Forest
Slc6a12,0.002288473890282364,2732,Random Forest
Gata6,0.002275689471102022,2733,Random Forest
Hpca,0.002273234309002394,2734,Random Forest
Gm11681,0.00226683224228507,2735,Random Forest
Hmmr,0.002255998945692191,2736,Random Forest
Tcte1,0.0022439199816757524,2737,Random Forest
Bhlhe22,0.0022364493650824176,2738,Random Forest
B230312C02Rik,0.002233242997727729,2739,Random Forest
Col25a1,0.002231771192801402,2740,Random Forest
Gm15689,0.002230546992551084,2741,Random Forest
Apobec2,0.002227786425011431,2742,Random Forest
Wdr93,0.0022040602198190587,2743,Random Forest
Cldn14,0.002200089623786119,2744,Random Forest
Retnla,0.002199947648405111,2745,Random Forest
Casc5,0.0021953605226345267,2746,Random Forest
Syt4,0.002189560667459779,2747,Random Forest
Prf1,0.00218426570103836,2748,Random Forest
Fanci,0.002183495165003239,2749,Random Forest
Gm10827,0.002168829342566519,2750,Random Forest
Gm44109,0.0021641693471482946,2751,Random Forest
Grin2b,0.002148059636688174,2752,Random Forest
Ttc16,0.002092095750048493,2753,Random Forest
Rit2,0.0020889071963024206,2754,Random Forest
Kif11,0.0020882210518877228,2755,Random Forest
Ackr4,0.0020704549880387435,2756,Random Forest
Ctla4,0.002065827129700073,2757,Random Forest
Bdnf,0.0020612584862332007,2758,Random Forest
Ccr9,0.002057524167325188,2759,Random Forest
St8sia2,0.002048798597415491,2760,Random Forest
Ubash3a,0.0020331126028151035,2761,Random Forest
Dlx1,0.0020270407284806234,2762,Random Forest
Dlx2,0.0020243432606848895,2763,Random Forest
Fam64a,0.0020200066556937744,2764,Random Forest
Col9a2,0.002002459769785856,2765,Random Forest
Cdca2,0.0020021077329033807,2766,Random Forest
Il13ra2,0.001997782134588901,2767,Random Forest
Zcchc12,0.0019971603726523348,2768,Random Forest
4732414G09Rik,0.00198912432241557,2769,Random Forest
Nkx2-1,0.0019823769401572395,2770,Random Forest
Wisp2,0.0019628403177480314,2771,Random Forest
Peak1os,0.0019479501977373442,2772,Random Forest
Hist1h1b,0.0019472630880892898,2773,Random Forest
Serpind1,0.0019368963761488168,2774,Random Forest
Pbld2,0.001936525007753639,2775,Random Forest
Cited1,0.0019342870957673856,2776,Random Forest
Rmi2,0.0019284529826245089,2777,Random Forest
2810442N19Rik,0.0019282249010709777,2778,Random Forest
Myl1,0.0019263099186774815,2779,Random Forest
Lrrn4cl,0.001921023047370245,2780,Random Forest
Col11a1,0.0019198704264569012,2781,Random Forest
Gm3550,0.0019133036353538063,2782,Random Forest
Shank1,0.001911442352637172,2783,Random Forest
Gm16160,0.0018915949472421668,2784,Random Forest
Rasal1,0.0018840280967173913,2785,Random Forest
Crmp1,0.0018554931541015685,2786,Random Forest
Ces1d,0.0018505596147655595,2787,Random Forest
Fndc7,0.0018504259179821791,2788,Random Forest
Sult1c1,0.0018438205879261177,2789,Random Forest
RP24-492L15.6,0.0018356228522686652,2790,Random Forest
Gm1604a,0.0018286888569803755,2791,Random Forest
Thbs4,0.0018272684984698797,2792,Random Forest
Pde1c,0.0018258930495560176,2793,Random Forest
Ms4a4d,0.0018250417852149748,2794,Random Forest
Dlx6os1,0.001820394223756197,2795,Random Forest
Casq1,0.0018194447490305975,2796,Random Forest
Dcx,0.0018187973417176085,2797,Random Forest
AI593442,0.0017985129384531257,2798,Random Forest
Pcdhb7,0.001796391323606435,2799,Random Forest
Arpp21,0.0017938360855049894,2800,Random Forest
A930017K11Rik,0.001784598086408134,2801,Random Forest
Sp9,0.0017830634712582057,2802,Random Forest
Esco2,0.0017803235885170434,2803,Random Forest
Vsig4,0.0017737446596756933,2804,Random Forest
a,0.0017694886019682403,2805,Random Forest
Clec18a,0.0017566819106892913,2806,Random Forest
Itgbl1,0.001749908151157373,2807,Random Forest
Cdh4,0.0017369267325533884,2808,Random Forest
Gm13391,0.0017134994680810252,2809,Random Forest
Tex26,0.0017110926519860977,2810,Random Forest
Hrk,0.0016971627500256422,2811,Random Forest
Svep1,0.0016887275385734704,2812,Random Forest
Tfap2a,0.0016857701354422363,2813,Random Forest
Dlx5,0.0016791009338377825,2814,Random Forest
Barhl2,0.0016714273754162357,2815,Random Forest
Kcnb2,0.0016446501669227687,2816,Random Forest
Lect1,0.0016440970611231965,2817,Random Forest
Krt15,0.0016437239001182197,2818,Random Forest
Epcam,0.0016213736686282293,2819,Random Forest
Dlk1,0.001615306318461821,2820,Random Forest
A930003A15Rik,0.0016056543748274388,2821,Random Forest
Tnfrsf4,0.0015930483586753072,2822,Random Forest
Krtap28-13,0.0015883844751871893,2823,Random Forest
Ovgp1,0.0015810506602405888,2824,Random Forest
Clca3a1,0.0015755383948775211,2825,Random Forest
Mmp13,0.0015573914923787127,2826,Random Forest
1700086L19Rik,0.001557170576035692,2827,Random Forest
Scgb1c1,0.001556179155250786,2828,Random Forest
Mettl24,0.0015554877913254764,2829,Random Forest
Cst6,0.001547841885055191,2830,Random Forest
Gm26909,0.001514250086450526,2831,Random Forest
Xlr4c,0.001484620538851162,2832,Random Forest
Dnajc5b,0.0014781318849922372,2833,Random Forest
Dqx1,0.0014780458965530903,2834,Random Forest
Ces2g,0.0014726342078241628,2835,Random Forest
Prss56,0.0014698632044928064,2836,Random Forest
Col6a3,0.0014560841643453198,2837,Random Forest
Adam12,0.0014511046657582623,2838,Random Forest
Ly6k,0.0014501731197542693,2839,Random Forest
Tnfsf18,0.0014497588495114592,2840,Random Forest
Lrrtm3,0.0014339248648828427,2841,Random Forest
Aard,0.0014317723846668478,2842,Random Forest
Sp8,0.0014224090548742838,2843,Random Forest
Ska1,0.0014206924557951864,2844,Random Forest
Vnn1,0.0014086411753155784,2845,Random Forest
Sez6,0.001402444926182912,2846,Random Forest
Fam129c,0.0014005865337062527,2847,Random Forest
Ascl1,0.0013985310975373982,2848,Random Forest
Elane,0.0013768909050253127,2849,Random Forest
Dct,0.0013719010066683055,2850,Random Forest
Clec9a,0.0013683484155695797,2851,Random Forest
Nefh,0.0013631070604277038,2852,Random Forest
Cxcl9,0.001360214070598522,2853,Random Forest
Cd300c,0.0013543131607082015,2854,Random Forest
Srpx,0.0013363983369901419,2855,Random Forest
BC018473,0.0013273745190205747,2856,Random Forest
Fhod3,0.001320026152336364,2857,Random Forest
Ebf2,0.001315440721243162,2858,Random Forest
Krt23,0.0013067317914253612,2859,Random Forest
Prph,0.001301277777463824,2860,Random Forest
Svopl,0.0012846461944697205,2861,Random Forest
Opcml,0.0012814161282693759,2862,Random Forest
Gad1,0.0012775898526027085,2863,Random Forest
Ska3,0.001275186055780559,2864,Random Forest
Gm17322,0.0012676921223073864,2865,Random Forest
Miat,0.0012637226043551045,2866,Random Forest
Btc,0.0012584854085083456,2867,Random Forest
Il12a,0.0012564807480103905,2868,Random Forest
Defb25,0.001256248044995658,2869,Random Forest
Hsf2bp,0.0012548607330819406,2870,Random Forest
Angptl1,0.0012458199051648446,2871,Random Forest
Aoc2,0.0012446351693968705,2872,Random Forest
Tcerg1l,0.0012381865698746868,2873,Random Forest
Ntng1,0.0012368390523718239,2874,Random Forest
Xcr1,0.001236671063128173,2875,Random Forest
1700063D05Rik,0.0012357777757609969,2876,Random Forest
Nup62cl,0.0012327400584686559,2877,Random Forest
Ccdc63,0.0012250115896071821,2878,Random Forest
Iqch,0.0012169209939124623,2879,Random Forest
Efcab11,0.001212819101015372,2880,Random Forest
Cck,0.0011932850056886881,2881,Random Forest
Sspo,0.0011879371025339898,2882,Random Forest
Bricd5,0.001183589067616458,2883,Random Forest
Rhcg,0.001180040256133055,2884,Random Forest
Sorcs3,0.0011740218919247475,2885,Random Forest
Calca,0.0011643562018066038,2886,Random Forest
Nrsn1,0.001157903678804285,2887,Random Forest
Nhlrc4,0.0011515755310085112,2888,Random Forest
Nol4,0.0011511587289425292,2889,Random Forest
Apoc4,0.001130933152069086,2890,Random Forest
3632451O06Rik,0.0010946946704577722,2891,Random Forest
Msmp,0.0010937293081952992,2892,Random Forest
Pcdhb9,0.0010798682234273477,2893,Random Forest
Brinp2,0.0010703895883712646,2894,Random Forest
Car3,0.0010614370810008952,2895,Random Forest
Dsp,0.0010604885877815347,2896,Random Forest
Smim6,0.0010600230141778533,2897,Random Forest
Rtp1,0.0010477193609833772,2898,Random Forest
Prss50,0.0010452657515772176,2899,Random Forest
Hist2h2bb,0.0010411148120791577,2900,Random Forest
Brinp1,0.0010259534528374097,2901,Random Forest
Krt19,0.0010251737899752787,2902,Random Forest
1200007C13Rik,0.0010201500128212226,2903,Random Forest
Cda,0.0010107407617382781,2904,Random Forest
Diras2,0.0010078137861561317,2905,Random Forest
Sct,0.0010042566180217451,2906,Random Forest
Rasgrf1,0.0009998482682908741,2907,Random Forest
Akr1c12,0.0009596517331739234,2908,Random Forest
Defb42,0.0009570942854473642,2909,Random Forest
Sv2c,0.0009558850576548022,2910,Random Forest
Gm16168,0.0009469422025587686,2911,Random Forest
Slc7a13,0.0009420178508397557,2912,Random Forest
Cyp2e1,0.0009377076802247333,2913,Random Forest
Fzd10,0.0009346232343623106,2914,Random Forest
Ehf,0.0009336769419944163,2915,Random Forest
Tnnt3,0.000925920361092293,2916,Random Forest
Pcdh8,0.0009213917163828335,2917,Random Forest
Sult2b1,0.0009139503508780692,2918,Random Forest
Urah,0.0009092256967843207,2919,Random Forest
Rab15,0.000885192125143541,2920,Random Forest
Pde6h,0.0008850106447952033,2921,Random Forest
Gm26747,0.0008791061496623891,2922,Random Forest
Gm15867,0.0008700067789616528,2923,Random Forest
Ms4a3,0.0008672516617889392,2924,Random Forest
Mirg,0.0008655853299117649,2925,Random Forest
Npb,0.0008594262186330877,2926,Random Forest
Pappa2,0.0008588376079105364,2927,Random Forest
Gm16239,0.0008565402667178998,2928,Random Forest
Sema3e,0.0008493864943545355,2929,Random Forest
Cpne5,0.0008454380727534281,2930,Random Forest
Slc25a31,0.0008275272732932193,2931,Random Forest
Fabp12,0.0008170654445835316,2932,Random Forest
Grik3,0.0008149811988440519,2933,Random Forest
D130051D11Rik,0.0008056028513503367,2934,Random Forest
Rnf112,0.0007986942358308917,2935,Random Forest
4933413G19Rik,0.0007810104476111442,2936,Random Forest
Chgb,0.0007756041700114308,2937,Random Forest
Igfn1,0.000769119524236143,2938,Random Forest
Dmrtb1,0.0007687173019271994,2939,Random Forest
Cyp2f2,0.0007600485318904808,2940,Random Forest
Gm8817,0.0007549222616835567,2941,Random Forest
8030474K03Rik,0.0007486267744847849,2942,Random Forest
Efcab6,0.0007447631662291814,2943,Random Forest
C1ql1,0.0007326483803458618,2944,Random Forest
Pole,0.0007281687195940964,2945,Random Forest
Pkd2l1,0.000725828573784331,2946,Random Forest
Gm26737,0.0007252490034095543,2947,Random Forest
Clstn2,0.0007025066800967608,2948,Random Forest
4930444M15Rik,0.0006960401112327207,2949,Random Forest
Dapl1,0.0006854802696551078,2950,Random Forest
Fxyd3,0.0006794852118803406,2951,Random Forest
Mmp3,0.0006699062197559063,2952,Random Forest
Gm29157,0.0006644990647725799,2953,Random Forest
1810063I02Rik,0.000661343599099011,2954,Random Forest
Kif4,0.000661102486503973,2955,Random Forest
Pou4f1,0.0006407432848027526,2956,Random Forest
Ptcra,0.0006342820688515444,2957,Random Forest
Foxb1,0.0006290801108876623,2958,Random Forest
Rhox5,0.0006289818167585366,2959,Random Forest
Rpe65,0.0006257664178268426,2960,Random Forest
Pcdh15,0.0006242835040368796,2961,Random Forest
Scg2,0.0006193649311913094,2962,Random Forest
Aldh1a7,0.000598158600306379,2963,Random Forest
4632428C04Rik,0.0005858109841473526,2964,Random Forest
Pcdhb5,0.0005685953027449836,2965,Random Forest
Mpped1,0.0005541961934185628,2966,Random Forest
Madcam1,0.0005505010440768214,2967,Random Forest
9530059O14Rik,0.0005503215771047904,2968,Random Forest
Klhl40,0.0005498003263298251,2969,Random Forest
3300005D01Rik,0.0005382073065352076,2970,Random Forest
Lypd2,0.0005366986755927242,2971,Random Forest
Kcna7,0.0005147045622971479,2972,Random Forest
Atp6ap1l,0.0005141288636441254,2973,Random Forest
Reln,0.0005103067475239936,2974,Random Forest
Kcnc1,0.0005090953265273179,2975,Random Forest
Syt1,0.0005077659112497655,2976,Random Forest
Onecut2,0.00048462730841916505,2977,Random Forest
Tspan1,0.0004669863597970686,2978,Random Forest
Nxph3,0.00046514704707449644,2979,Random Forest
Gm15879,0.00046000818967297056,2980,Random Forest
Cyp11a1,0.0004550034822592214,2981,Random Forest
Ablim3,0.0004512839606055492,2982,Random Forest
Pcdhb10,0.0004506970951781932,2983,Random Forest
Defb10,0.0004396676204771265,2984,Random Forest
Recql4,0.0004363027188624797,2985,Random Forest
Ankrd65,0.00043257867622956326,2986,Random Forest
Grm8,0.0004304464009576273,2987,Random Forest
D930048G16Rik,0.00042139860589561826,2988,Random Forest
Npm2,0.00041502785462039864,2989,Random Forest
A230065H16Rik,0.00041109656879602537,2990,Random Forest
Tmprss5,0.0004086558060441031,2991,Random Forest
Mroh2a,0.0004025767349854036,2992,Random Forest
Gm28322,0.0003825862703589888,2993,Random Forest
Cldn7,0.00036822046894629504,2994,Random Forest
Nox4,0.00036653249727893573,2995,Random Forest
Arf4os,0.0003489153645764009,2996,Random Forest
Fam83a,0.00034007352151141335,2997,Random Forest
Gm15688,0.00033407735167792653,2998,Random Forest
Gm13713,0.0003069681180064673,2999,Random Forest
1700124L16Rik,0.00023171009161998104,3000,Random Forest
